2026-10-03T08:09:49.4858793Z Current runner version: '2.337.0'
2026-10-03T08:09:49.4882632Z ##[group]Runner Image Provisioner
2026-10-03T08:09:49.4883482Z Hosted Compute Agent
2026-10-03T08:09:49.4884061Z Version: 20260901.588
2026-10-03T08:09:49.4884783Z Commit: f88ec8081b781fac6c440065ac7ff9e710ce3d0b
2026-10-03T08:09:49.4885513Z Build Date: 2026-09-01T19:56:44Z
2026-10-03T08:09:49.4886320Z Worker ID: {639fe5df-e512-434b-a274-994e7e31d9be}
2026-10-03T08:09:49.4887246Z Azure Region: westus
2026-10-03T08:09:49.4887811Z ##[endgroup]
2026-10-03T08:09:49.4889347Z ##[group]Operating System
2026-10-03T08:09:49.4889981Z Ubuntu
2026-10-03T08:09:49.4890598Z 24.04.5
2026-10-03T08:09:49.4891126Z LTS
2026-10-03T08:09:49.4891637Z ##[endgroup]
2026-10-03T08:09:49.4892233Z ##[group]Runner Image
2026-10-03T08:09:49.4892831Z Image: ubuntu-24.04
2026-10-03T08:09:49.4893507Z Version: 20260927.320.1
2026-10-03T08:09:49.4894717Z Included Software: https://github.com/actions/runner-images/blob/ubuntu24/20260927.320/images/ubuntu/Ubuntu2404-Readme.md
2026-10-03T08:09:49.4896311Z Image Release: https://github.com/actions/runner-images/releases/tag/ubuntu24%2F20260927.320
2026-10-03T08:09:49.4897502Z ##[endgroup]
2026-10-03T08:09:49.4898789Z ##[group]GITHUB_TOKEN Permissions
2026-10-03T08:09:49.4900662Z Contents: read
2026-10-03T08:09:49.4901333Z Metadata: read
2026-10-03T08:09:49.4901916Z Packages: read
2026-10-03T08:09:49.4902521Z ##[endgroup]
2026-10-03T08:09:49.4904642Z Secret source: Actions
2026-10-03T08:09:49.4905658Z Cache mode: write
2026-10-03T08:09:49.4906424Z Prepare workflow directory
2026-10-03T08:09:49.5232968Z Prepare all required actions
2026-10-03T08:09:49.5283818Z Getting action download info
2026-10-03T08:09:49.9116050Z Download action repository 'actions/checkout@v4' (SHA:11d5960a326750d5838078e36cf38b85af677262)
2026-10-03T08:09:50.1316218Z Complete job name: selftest (amd64, ubuntu-24.04)
2026-10-03T08:09:50.2087564Z ##[group]Run actions/checkout@v4
2026-10-03T08:09:50.2088480Z with:
2026-10-03T08:09:50.2088932Z   repository: nextbsd/nextbsd-ci
2026-10-03T08:09:50.2092551Z   token: ***
2026-10-03T08:09:50.2092993Z   ssh-strict: true
2026-10-03T08:09:50.2093442Z   ssh-user: git
2026-10-03T08:09:50.2093902Z   persist-credentials: true
2026-10-03T08:09:50.2094399Z   clean: true
2026-10-03T08:09:50.2094852Z   sparse-checkout-cone-mode: true
2026-10-03T08:09:50.2095370Z   fetch-depth: 1
2026-10-03T08:09:50.2095797Z   fetch-tags: false
2026-10-03T08:09:50.2096250Z   show-progress: true
2026-10-03T08:09:50.2096696Z   lfs: false
2026-10-03T08:09:50.2097292Z   submodules: false
2026-10-03T08:09:50.2097754Z   set-safe-directory: true
2026-10-03T08:09:50.2098265Z   allow-unsafe-pr-checkout: false
2026-10-03T08:09:50.2099186Z ##[endgroup]
2026-10-03T08:09:50.3121662Z Syncing repository: nextbsd/nextbsd-ci
2026-10-03T08:09:50.3123467Z ##[group]Getting Git version info
2026-10-03T08:09:50.3124324Z Working directory is '/home/runner/work/nextbsd-ci/nextbsd-ci'
2026-10-03T08:09:50.3125410Z [command]/usr/bin/git version
2026-10-03T08:09:50.3180019Z git version 2.55.0
2026-10-03T08:09:50.3201592Z ##[endgroup]
2026-10-03T08:09:50.3218089Z Temporarily overriding HOME='/home/runner/work/_temp/937e8819-a0f1-4af3-aa24-a45b3b5c90a9' before making global git config changes
2026-10-03T08:09:50.3220554Z Adding repository directory to the temporary git global config as a safe directory
2026-10-03T08:09:50.3224115Z [command]/usr/bin/git config --global --add safe.directory /home/runner/work/nextbsd-ci/nextbsd-ci
2026-10-03T08:09:50.3284309Z Deleting the contents of '/home/runner/work/nextbsd-ci/nextbsd-ci'
2026-10-03T08:09:50.3288343Z ##[group]Initializing the repository
2026-10-03T08:09:50.3293708Z [command]/usr/bin/git init /home/runner/work/nextbsd-ci/nextbsd-ci
2026-10-03T08:09:50.3394554Z hint: Using 'master' as the name for the initial branch. This default branch name
2026-10-03T08:09:50.3396340Z hint: will change to "main" in Git 3.0. To configure the initial branch name
2026-10-03T08:09:50.3398198Z hint: to use in all of your new repositories, which will suppress this warning,
2026-10-03T08:09:50.3399687Z hint: call:
2026-10-03T08:09:50.3400576Z hint:
2026-10-03T08:09:50.3401441Z hint: 	git config --global init.defaultBranch <name>
2026-10-03T08:09:50.3402470Z hint:
2026-10-03T08:09:50.3403091Z hint: Names commonly chosen instead of 'master' are 'main', 'trunk' and
2026-10-03T08:09:50.3404077Z hint: 'development'. The just-created branch can be renamed via this command:
2026-10-03T08:09:50.3404846Z hint:
2026-10-03T08:09:50.3405276Z hint: 	git branch -m <name>
2026-10-03T08:09:50.3405767Z hint:
2026-10-03T08:09:50.3406416Z hint: Disable this message with "git config set advice.defaultBranchName false"
2026-10-03T08:09:50.3408640Z Initialized empty Git repository in /home/runner/work/nextbsd-ci/nextbsd-ci/.git/
2026-10-03T08:09:50.3411324Z [command]/usr/bin/git remote add origin https://github.com/nextbsd/nextbsd-ci
2026-10-03T08:09:50.3459644Z ##[endgroup]
2026-10-03T08:09:50.3460976Z ##[group]Disabling automatic garbage collection
2026-10-03T08:09:50.3463148Z [command]/usr/bin/git config --local gc.auto 0
2026-10-03T08:09:50.3496050Z ##[endgroup]
2026-10-03T08:09:50.3497536Z ##[group]Setting up auth
2026-10-03T08:09:50.3503750Z [command]/usr/bin/git config --local --name-only --get-regexp core\.sshCommand
2026-10-03T08:09:50.3538869Z [command]/usr/bin/git submodule foreach --recursive sh -c "git config --local --name-only --get-regexp 'core\.sshCommand' && git config --local --unset-all 'core.sshCommand' || :"
2026-10-03T08:09:50.3916391Z [command]/usr/bin/git config --local --name-only --get-regexp http\.https\:\/\/github\.com\/\.extraheader
2026-10-03T08:09:50.3958071Z [command]/usr/bin/git submodule foreach --recursive sh -c "git config --local --name-only --get-regexp 'http\.https\:\/\/github\.com\/\.extraheader' && git config --local --unset-all 'http.https://github.com/.extraheader' || :"
2026-10-03T08:09:50.4195890Z [command]/usr/bin/git config --local --name-only --get-regexp ^includeIf\.gitdir:
2026-10-03T08:09:50.4232959Z [command]/usr/bin/git submodule foreach --recursive git config --local --show-origin --name-only --get-regexp remote.origin.url
2026-10-03T08:09:50.4456468Z [command]/usr/bin/git config --local http.https://github.com/.extraheader AUTHORIZATION: basic ***
2026-10-03T08:09:50.4497594Z ##[endgroup]
2026-10-03T08:09:50.4506526Z ##[group]Fetching the repository
2026-10-03T08:09:50.4508937Z [command]/usr/bin/git -c protocol.version=2 fetch --no-tags --prune --no-recurse-submodules --depth=1 origin +24975c508925538f41a1c38c2909944cf8977f2c:refs/remotes/pull/9/merge
2026-10-03T08:09:50.8477250Z From https://github.com/nextbsd/nextbsd-ci
2026-10-03T08:09:50.8478763Z  * [new ref]         24975c508925538f41a1c38c2909944cf8977f2c -> pull/9/merge
2026-10-03T08:09:50.8493331Z ##[endgroup]
2026-10-03T08:09:50.8494373Z ##[group]Determining the checkout info
2026-10-03T08:09:50.8495264Z ##[endgroup]
2026-10-03T08:09:50.8495837Z [command]/usr/bin/git sparse-checkout disable
2026-10-03T08:09:50.8555066Z [command]/usr/bin/git config --local --unset-all extensions.worktreeConfig
2026-10-03T08:09:50.8587699Z ##[group]Checking out the ref
2026-10-03T08:09:50.8591046Z [command]/usr/bin/git checkout --progress --force refs/remotes/pull/9/merge
2026-10-03T08:09:50.8666101Z Note: switching to 'refs/remotes/pull/9/merge'.
2026-10-03T08:09:50.8667037Z 
2026-10-03T08:09:50.8667684Z You are in 'detached HEAD' state. You can look around, make experimental
2026-10-03T08:09:50.8669040Z changes and commit them, and you can discard any commits you make in this
2026-10-03T08:09:50.8669958Z state without impacting any branches by switching back to a branch.
2026-10-03T08:09:50.8670500Z 
2026-10-03T08:09:50.8670863Z If you want to create a new branch to retain commits you create, you may
2026-10-03T08:09:50.8671723Z do so (now or later) by using -c with the switch command. Example:
2026-10-03T08:09:50.8672213Z 
2026-10-03T08:09:50.8672492Z   git switch -c <new-branch-name>
2026-10-03T08:09:50.8672840Z 
2026-10-03T08:09:50.8673073Z Or undo this operation with:
2026-10-03T08:09:50.8673402Z 
2026-10-03T08:09:50.8673844Z   git switch -
2026-10-03T08:09:50.8674245Z 
2026-10-03T08:09:50.8675029Z Turn off this advice by setting config variable advice.detachedHead to false
2026-10-03T08:09:50.8675982Z 
2026-10-03T08:09:50.8676620Z HEAD is now at 24975c5 Merge 1e8f9f1c01e2d53efaade256e160820984258232 into bae13410f0ff570b952d51053ed0c462272008b7
2026-10-03T08:09:50.8679119Z ##[endgroup]
2026-10-03T08:09:50.8719631Z [command]/usr/bin/git log -1 --format=%H
2026-10-03T08:09:50.8745955Z 24975c508925538f41a1c38c2909944cf8977f2c
2026-10-03T08:09:50.8980865Z ##[group]Run sudo apt-get update && sudo apt-get install -y expect shellcheck
2026-10-03T08:09:50.8981915Z [36;1msudo apt-get update && sudo apt-get install -y expect shellcheck[0m
2026-10-03T08:09:50.9229693Z shell: /usr/bin/bash -e {0}
2026-10-03T08:09:50.9230336Z ##[endgroup]
2026-10-03T08:09:51.0588846Z Get:1 file:/etc/apt/apt-mirrors.txt Mirrorlist [144 B]
2026-10-03T08:09:51.0964726Z Get:6 https://packages.microsoft.com/ubuntu/24.04/prod noble InRelease [3600 B]
2026-10-03T08:09:51.2175614Z Hit:2 http://azure.archive.ubuntu.com/ubuntu noble InRelease
2026-10-03T08:09:51.2183879Z Get:3 http://azure.archive.ubuntu.com/ubuntu noble-updates InRelease [126 kB]
2026-10-03T08:09:51.2258137Z Get:4 http://azure.archive.ubuntu.com/ubuntu noble-backports InRelease [126 kB]
2026-10-03T08:09:51.2308091Z Get:5 http://azure.archive.ubuntu.com/ubuntu noble-security InRelease [126 kB]
2026-10-03T08:09:51.2393070Z Get:7 https://packages.microsoft.com/ubuntu/24.04/prod noble/main amd64 Packages [511 kB]
2026-10-03T08:09:51.2575926Z Get:8 https://packages.microsoft.com/ubuntu/24.04/prod noble/main arm64 Packages [458 kB]
2026-10-03T08:09:51.2678472Z Get:9 https://packages.microsoft.com/ubuntu/24.04/prod noble/main armhf Packages [12.6 kB]
2026-10-03T08:09:51.3653306Z Get:10 http://azure.archive.ubuntu.com/ubuntu noble-updates/main amd64 Packages [1364 kB]
2026-10-03T08:09:51.3724957Z Get:11 http://azure.archive.ubuntu.com/ubuntu noble-updates/main Translation-en [304 kB]
2026-10-03T08:09:51.3748653Z Get:12 http://azure.archive.ubuntu.com/ubuntu noble-updates/main amd64 Components [180 kB]
2026-10-03T08:09:51.3768822Z Get:13 http://azure.archive.ubuntu.com/ubuntu noble-updates/universe amd64 Packages [1699 kB]
2026-10-03T08:09:51.3860488Z Get:14 http://azure.archive.ubuntu.com/ubuntu noble-updates/universe Translation-en [341 kB]
2026-10-03T08:09:51.3864733Z Get:15 http://azure.archive.ubuntu.com/ubuntu noble-updates/universe amd64 Components [388 kB]
2026-10-03T08:09:51.3894428Z Get:16 http://azure.archive.ubuntu.com/ubuntu noble-updates/restricted amd64 Packages [1720 kB]
2026-10-03T08:09:51.3999600Z Get:17 http://azure.archive.ubuntu.com/ubuntu noble-updates/restricted Translation-en [394 kB]
2026-10-03T08:09:51.4006488Z Get:18 http://azure.archive.ubuntu.com/ubuntu noble-updates/multiverse amd64 Components [940 B]
2026-10-03T08:09:51.4308319Z Get:19 http://azure.archive.ubuntu.com/ubuntu noble-backports/main amd64 Components [5764 B]
2026-10-03T08:09:51.4726720Z Get:20 http://azure.archive.ubuntu.com/ubuntu noble-backports/universe amd64 Components [12.6 kB]
2026-10-03T08:09:51.4822864Z Get:21 http://azure.archive.ubuntu.com/ubuntu noble-security/main amd64 Packages [1069 kB]
2026-10-03T08:09:51.4881739Z Get:22 http://azure.archive.ubuntu.com/ubuntu noble-security/main Translation-en [221 kB]
2026-10-03T08:09:51.4897169Z Get:23 http://azure.archive.ubuntu.com/ubuntu noble-security/main amd64 Components [46.3 kB]
2026-10-03T08:09:51.4907992Z Get:24 http://azure.archive.ubuntu.com/ubuntu noble-security/universe amd64 Packages [1216 kB]
2026-10-03T08:09:51.4969237Z Get:25 http://azure.archive.ubuntu.com/ubuntu noble-security/universe Translation-en [244 kB]
2026-10-03T08:09:51.4987700Z Get:26 http://azure.archive.ubuntu.com/ubuntu noble-security/universe amd64 Components [76.3 kB]
2026-10-03T08:09:51.4998403Z Get:27 http://azure.archive.ubuntu.com/ubuntu noble-security/restricted amd64 Packages [1566 kB]
2026-10-03T08:09:51.5073410Z Get:28 http://azure.archive.ubuntu.com/ubuntu noble-security/restricted Translation-en [361 kB]
2026-10-03T08:09:58.4662461Z Fetched 12.6 MB in 1s (8677 kB/s)
2026-10-03T08:09:59.2762000Z Reading package lists...
2026-10-03T08:09:59.3072899Z Reading package lists...
2026-10-03T08:09:59.4712225Z Building dependency tree...
2026-10-03T08:09:59.4719401Z Reading state information...
2026-10-03T08:09:59.6419069Z shellcheck is already the newest version (0.9.0-1).
2026-10-03T08:09:59.6420741Z The following NEW packages will be installed:
2026-10-03T08:09:59.6426725Z   expect tcl-expect
2026-10-03T08:09:59.6592695Z 0 upgraded, 2 newly installed, 0 to remove and 25 not upgraded.
2026-10-03T08:09:59.6593636Z Need to get 247 kB of archives.
2026-10-03T08:09:59.6594429Z After this operation, 538 kB of additional disk space will be used.
2026-10-03T08:09:59.6595293Z Get:1 file:/etc/apt/apt-mirrors.txt Mirrorlist [144 B]
2026-10-03T08:09:59.8817611Z Get:2 http://azure.archive.ubuntu.com/ubuntu noble/universe amd64 tcl-expect amd64 5.45.4-3 [110 kB]
2026-10-03T08:09:59.9555656Z Get:3 http://azure.archive.ubuntu.com/ubuntu noble/universe amd64 expect amd64 5.45.4-3 [137 kB]
2026-10-03T08:10:00.2300185Z Fetched 247 kB in 0s (798 kB/s)
2026-10-03T08:10:00.2734788Z Selecting previously unselected package tcl-expect:amd64.
2026-10-03T08:10:00.3490199Z (Reading database ... 
2026-10-03T08:10:00.3490666Z (Reading database ... 5%
2026-10-03T08:10:00.3491069Z (Reading database ... 10%
2026-10-03T08:10:00.3491468Z (Reading database ... 15%
2026-10-03T08:10:00.3491860Z (Reading database ... 20%
2026-10-03T08:10:00.3492328Z (Reading database ... 25%
2026-10-03T08:10:00.3492720Z (Reading database ... 30%
2026-10-03T08:10:00.3493093Z (Reading database ... 35%
2026-10-03T08:10:00.3493470Z (Reading database ... 40%
2026-10-03T08:10:00.3494342Z (Reading database ... 45%
2026-10-03T08:10:00.3495128Z (Reading database ... 50%
2026-10-03T08:10:00.4014894Z (Reading database ... 55%
2026-10-03T08:10:00.9553832Z (Reading database ... 60%
2026-10-03T08:10:01.2612420Z (Reading database ... 65%
2026-10-03T08:10:01.5711010Z (Reading database ... 70%
2026-10-03T08:10:01.9067952Z (Reading database ... 75%
2026-10-03T08:10:02.3189502Z (Reading database ... 80%
2026-10-03T08:10:02.9732693Z (Reading database ... 85%
2026-10-03T08:10:03.6689005Z (Reading database ... 90%
2026-10-03T08:10:04.3683122Z (Reading database ... 95%
2026-10-03T08:10:04.3753316Z (Reading database ... 100%
2026-10-03T08:10:04.3753999Z (Reading database ... 202296 files and directories currently installed.)
2026-10-03T08:10:04.3755000Z Preparing to unpack .../tcl-expect_5.45.4-3_amd64.deb ...
2026-10-03T08:10:04.3769150Z Unpacking tcl-expect:amd64 (5.45.4-3) ...
2026-10-03T08:10:04.4046604Z Selecting previously unselected package expect.
2026-10-03T08:10:04.4170930Z Preparing to unpack .../expect_5.45.4-3_amd64.deb ...
2026-10-03T08:10:04.4178873Z Unpacking expect (5.45.4-3) ...
2026-10-03T08:10:04.4864010Z Setting up tcl-expect:amd64 (5.45.4-3) ...
2026-10-03T08:10:04.4888745Z Setting up expect (5.45.4-3) ...
2026-10-03T08:10:04.4910543Z Processing triggers for man-db (2.12.0-4build2) ...
2026-10-03T08:10:04.4931201Z Not building database; man-db/auto-update is not 'true'.
2026-10-03T08:10:04.4943308Z Processing triggers for libc-bin (2.39-0ubuntu8.9) ...
2026-10-03T08:10:05.7351205Z 
2026-10-03T08:10:05.7351958Z Running kernel seems to be up-to-date.
2026-10-03T08:10:05.7352357Z 
2026-10-03T08:10:05.7352526Z No services need to be restarted.
2026-10-03T08:10:05.7352873Z 
2026-10-03T08:10:05.7353054Z No containers need to be restarted.
2026-10-03T08:10:05.7353394Z 
2026-10-03T08:10:05.7353606Z No user sessions are running outdated binaries.
2026-10-03T08:10:05.7353966Z 
2026-10-03T08:10:05.7354293Z No VM guests are running outdated hypervisor (qemu) binaries on this host.
2026-10-03T08:10:06.5627031Z ##[group]Run fail=0
2026-10-03T08:10:06.5627387Z [36;1mfail=0[0m
2026-10-03T08:10:06.5627730Z [36;1mfor f in $(find harness manifest selftest -name '*.sh' -type f); do[0m
2026-10-03T08:10:06.5628197Z [36;1m  sh -n "$f" || { echo "sh -n failed: $f"; fail=1; }[0m
2026-10-03T08:10:06.5628707Z [36;1mdone[0m
2026-10-03T08:10:06.5628900Z [36;1mexit $fail[0m
2026-10-03T08:10:06.5694451Z shell: /usr/bin/bash -e {0}
2026-10-03T08:10:06.5694716Z ##[endgroup]
2026-10-03T08:10:06.5860345Z ##[group]Run find harness manifest selftest -name '*.sh' -type f -print0 | xargs -0 -r shellcheck -x
2026-10-03T08:10:06.5861087Z [36;1mfind harness manifest selftest -name '*.sh' -type f -print0 | xargs -0 -r shellcheck -x[0m
2026-10-03T08:10:06.5918901Z shell: /usr/bin/bash -e {0}
2026-10-03T08:10:06.5919158Z ##[endgroup]
2026-10-03T08:10:07.0821356Z ##[group]Run sh manifest/validate.sh \
2026-10-03T08:10:07.0821705Z [36;1msh manifest/validate.sh \[0m
2026-10-03T08:10:07.0821970Z [36;1m  manifest/markers.tsv \[0m
2026-10-03T08:10:07.0822237Z [36;1m  manifest/overlay-nextbsd.tsv \[0m
2026-10-03T08:10:07.0822554Z [36;1m  manifest/overlay-nextbsd-userland.tsv \[0m
2026-10-03T08:10:07.0822884Z [36;1m  manifest/overlay-nextbsd-kernel.tsv[0m
2026-10-03T08:10:07.0889693Z shell: /usr/bin/bash -e {0}
2026-10-03T08:10:07.0889952Z ##[endgroup]
2026-10-03T08:10:07.1013532Z manifest/markers.tsv: 93 markers OK
2026-10-03T08:10:07.1032018Z manifest/overlay-nextbsd.tsv:  markers OK
2026-10-03T08:10:07.1050487Z manifest/overlay-nextbsd-userland.tsv:  markers OK
2026-10-03T08:10:07.1068735Z manifest/overlay-nextbsd-kernel.tsv:  markers OK
2026-10-03T08:10:07.1147167Z ##[group]Run sh selftest/run-selftest.sh
2026-10-03T08:10:07.1147555Z [36;1msh selftest/run-selftest.sh[0m
2026-10-03T08:10:07.1207706Z shell: /usr/bin/bash -e {0}
2026-10-03T08:10:07.1207949Z env:
2026-10-03T08:10:07.1208133Z   ARCH: amd64
2026-10-03T08:10:07.1208329Z ##[endgroup]
2026-10-03T08:10:07.1310578Z ==> golden: the shared patterns against production stream shapes
2026-10-03T08:10:07.1611513Z OK   loader: EDK2 autoboot countdown
2026-10-03T08:10:07.1612148Z OK   loader: UEFI self-ID (FreeBSD brand)
2026-10-03T08:10:07.1612781Z OK   loader: UEFI self-ID (NextBSD brand)
2026-10-03T08:10:07.1613436Z OK   loader: leaving the prompt to boot
2026-10-03T08:10:07.1614218Z OK   loader: kernel entry marker
2026-10-03T08:10:07.1615463Z OK   banner: synthesized hostname (amd64)
2026-10-03T08:10:07.1616317Z OK   banner: synthesized hostname (arm64)
2026-10-03T08:10:07.1617222Z OK   banner: the Amnesiac race-loser
2026-10-03T08:10:07.1617895Z OK   banner: the early-init sethostname line
2026-10-03T08:10:07.1618693Z OK   login: login(1) session message
2026-10-03T08:10:07.1619282Z OK   login: zsh prompt
2026-10-03T08:10:07.1619796Z OK   panic: page fault
2026-10-03T08:10:07.1620274Z OK   panic: data abort (arm64)
2026-10-03T08:10:07.1621124Z OK   teardown: shutdown progress
2026-10-03T08:10:07.1621687Z OK   teardown: syncing
2026-10-03T08:10:07.1622181Z OK   teardown: buffers synced
2026-10-03T08:10:07.1622686Z OK   teardown: uptime
2026-10-03T08:10:07.1623121Z OK   teardown: poweroff
2026-10-03T08:10:07.1623595Z OK   teardown: reboot (the wrong outcome)
2026-10-03T08:10:07.1625494Z OK   sentinel: summary line
2026-10-03T08:10:07.1625899Z 
2026-10-03T08:10:07.1626319Z golden: all patterns match the production stream shapes
2026-10-03T08:10:07.1630127Z ==> manifest: schema
2026-10-03T08:10:07.1671879Z /home/runner/work/nextbsd-ci/nextbsd-ci/manifest/markers.tsv: 93 markers OK
2026-10-03T08:10:07.1690668Z /home/runner/work/nextbsd-ci/nextbsd-ci/manifest/overlay-nextbsd.tsv:  markers OK
2026-10-03T08:10:07.1709246Z /home/runner/work/nextbsd-ci/nextbsd-ci/manifest/overlay-nextbsd-userland.tsv:  markers OK
2026-10-03T08:10:07.1727855Z /home/runner/work/nextbsd-ci/nextbsd-ci/manifest/overlay-nextbsd-kernel.tsv:  markers OK
2026-10-03T08:10:07.1758508Z ==> harness vs mock guest (arch=amd64)
2026-10-03T08:10:07.1874073Z     plan: 94 markers
2026-10-03T08:10:07.1874964Z ==> case: ok (suite: /usr/tests/freebsd-launchd-mach/run.sh) — expect rc 0
2026-10-03T08:10:07.1904022Z ==> boot test: tests/fake.img
2026-10-03T08:10:07.1914429Z -rw-r--r-- 1 runner runner 0 Oct  3 08:10 tests/fake.img
2026-10-03T08:10:07.1986738Z ==> using KVM acceleration
2026-10-03T08:10:07.1987878Z ==> amd64: qemu-system-x86_64 -machine q35 | firmware 
2026-10-03T08:10:07.2163049Z spawn tclsh /home/runner/work/nextbsd-ci/nextbsd-ci/selftest/mock-guest.tcl
2026-10-03T08:10:07.2215648Z FreeBSD/amd64 EFI loader, Revision 3.0
2026-10-03T08:10:07.2216013Z 
2026-10-03T08:10:07.2216020Z 
2026-10-03T08:10:07.2216204Z Loading /boot/loader.conf
2026-10-03T08:10:07.2216474Z 
2026-10-03T08:10:07.2216479Z 
2026-10-03T08:10:07.2217149Z Hit [Enter] to boot immediately, or any other key for command prompt.
2026-10-03T08:10:07.2217647Z 
2026-10-03T08:10:07.2217652Z 
2026-10-03T08:10:07.2217774Z OK 
2026-10-03T08:10:07.2218076Z ==> at loader prompt
2026-10-03T08:10:08.4047547Z  set console=comconsole
2026-10-03T08:10:08.4048051Z OK set console=comconsole
2026-10-03T08:10:08.4048280Z 
2026-10-03T08:10:08.4048285Z 
2026-10-03T08:10:09.4674618Z OK set boot_serial=YES
2026-10-03T08:10:09.4675070Z OK set boot_serial=YES
2026-10-03T08:10:09.4675277Z 
2026-10-03T08:10:09.4675282Z 
2026-10-03T08:10:10.8513056Z OK set comconsole_speed=115200
2026-10-03T08:10:10.8513525Z OK set comconsole_speed=115200
2026-10-03T08:10:10.8513741Z 
2026-10-03T08:10:10.8513746Z 
2026-10-03T08:10:12.0345870Z OK set boot_multicons=YES
2026-10-03T08:10:12.0346356Z OK set boot_multicons=YES
2026-10-03T08:10:12.0346578Z 
2026-10-03T08:10:12.0346592Z 
2026-10-03T08:10:13.1379045Z OK set boot_mutemsgs=NO
2026-10-03T08:10:13.1379677Z OK set boot_mutemsgs=NO
2026-10-03T08:10:13.1379978Z 
2026-10-03T08:10:13.1379986Z 
2026-10-03T08:10:13.7194765Z OK boot -v
2026-10-03T08:10:13.7195294Z Booting [/boot/kernel/kernel]
2026-10-03T08:10:13.7195685Z 
2026-10-03T08:10:13.7195692Z 
2026-10-03T08:10:13.7195938Z ---<<BOOT>>---
2026-10-03T08:10:13.7196206Z 
2026-10-03T08:10:13.7196213Z 
2026-10-03T08:10:13.7196463Z Copyright (c) 1992-2025 The FreeBSD Project.
2026-10-03T08:10:13.7197207Z 
2026-10-03T08:10:13.7197214Z 
2026-10-03T08:10:13.7197439Z early-init: sethostname('selftest')
2026-10-03T08:10:13.7197848Z 
2026-10-03T08:10:13.7197890Z 
2026-10-03T08:10:13.7198267Z early-init: opened /dev/klog (kernel.log_open=1; console quiet)
2026-10-03T08:10:13.7198861Z 
2026-10-03T08:10:13.7198867Z 
2026-10-03T08:10:13.7199084Z NextBSD/amd64 (selftest) (console)
2026-10-03T08:10:13.7199465Z 
2026-10-03T08:10:13.7199477Z 
2026-10-03T08:10:13.7199733Z 
2026-10-03T08:10:13.7200641Z OK: BOOT-BANNER-OK — getty shows the synthesized hostname 'selftest'
2026-10-03T08:10:14.0209104Z login:
2026-10-03T08:10:14.0209431Z 
2026-10-03T08:10:14.0209439Z 
2026-10-03T08:10:14.0209446Z 
2026-10-03T08:10:14.0209671Z OK: boot reached the login prompt
2026-10-03T08:10:14.0210694Z admin
2026-10-03T08:10:14.0211129Z Password:
2026-10-03T08:10:14.0211403Z 
2026-10-03T08:10:14.0211411Z 
2026-10-03T08:10:14.0212147Z 
2026-10-03T08:10:14.0212686Z admin@selftest ~ % 
2026-10-03T08:10:14.0213270Z OK: logged in as admin
2026-10-03T08:10:14.0217894Z ==> running on-image suite: /usr/tests/freebsd-launchd-mach/run.sh
2026-10-03T08:10:14.0229214Z r() { if [ "$(id -u)" = 0 ]; then "$@"; else sudo "$@"; fi; }
2026-10-03T08:10:14.0229927Z admin@selftest ~ % r /usr/tests/freebsd-launchd-mach/run.sh
2026-10-03T08:10:14.0230314Z ACCT-HELPERS-OK
2026-10-03T08:10:14.0230447Z 
2026-10-03T08:10:14.0230451Z 
2026-10-03T08:10:14.0230544Z ACCT-LIFECYCLE-OK
2026-10-03T08:10:14.0230673Z 
2026-10-03T08:10:14.0230685Z 
2026-10-03T08:10:14.0230822Z ADVCMD-LEAF-OK
2026-10-03T08:10:14.0231057Z 
2026-10-03T08:10:14.0231063Z 
2026-10-03T08:10:14.0231204Z ASLMANAGER-DEMAND-SKIP
2026-10-03T08:10:14.0231356Z 
2026-10-03T08:10:14.0231359Z 
2026-10-03T08:10:14.0231442Z BOOT-BANNER-SKIP
2026-10-03T08:10:14.0231572Z 
2026-10-03T08:10:14.0231575Z 
2026-10-03T08:10:14.0231665Z BOOTSTRAP-OK
2026-10-03T08:10:14.0231776Z 
2026-10-03T08:10:14.0231779Z 
2026-10-03T08:10:14.0231871Z BOOTSTRAP-REMOTE-OK
2026-10-03T08:10:14.0232077Z 
2026-10-03T08:10:14.0232082Z 
2026-10-03T08:10:14.0232226Z BUSYSTATE-OK
2026-10-03T08:10:14.0232392Z 
2026-10-03T08:10:14.0232407Z 
2026-10-03T08:10:14.0232489Z CONFIGD-LIST-OK
2026-10-03T08:10:14.0232900Z 
2026-10-03T08:10:14.0232903Z 
2026-10-03T08:10:14.0233011Z CONFIGD-MULTI-OK
2026-10-03T08:10:14.0233180Z 
2026-10-03T08:10:14.0233183Z 
2026-10-03T08:10:14.0233273Z CONFIGD-NOTIFY-OK
2026-10-03T08:10:14.0233401Z 
2026-10-03T08:10:14.0233405Z 
2026-10-03T08:10:14.0233494Z CONFIGD-PATTERN-OK
2026-10-03T08:10:14.0233628Z 
2026-10-03T08:10:14.0233631Z 
2026-10-03T08:10:14.0233716Z CONFIGD-STORE-OK
2026-10-03T08:10:14.0233838Z 
2026-10-03T08:10:14.0233841Z 
2026-10-03T08:10:14.0233923Z COREFOUNDATION-OK
2026-10-03T08:10:14.0234046Z 
2026-10-03T08:10:14.0234049Z 
2026-10-03T08:10:14.0234134Z DA-BOOT-OK
2026-10-03T08:10:14.0234238Z 
2026-10-03T08:10:14.0234241Z 
2026-10-03T08:10:14.0234325Z DA-IOKIT-OK
2026-10-03T08:10:14.0234433Z 
2026-10-03T08:10:14.0234436Z 
2026-10-03T08:10:14.0234525Z DAEMON-STATE-OK
2026-10-03T08:10:14.0234643Z 
2026-10-03T08:10:14.0234655Z 
2026-10-03T08:10:14.0234734Z DOMAIN-DIRS-OK
2026-10-03T08:10:14.0234857Z 
2026-10-03T08:10:14.0234860Z 
2026-10-03T08:10:14.0234955Z EVFILT-MACHPORT-SKIP
2026-10-03T08:10:14.0235111Z 
2026-10-03T08:10:14.0235114Z 
2026-10-03T08:10:14.0235234Z EVFILT-MACHPORT-CONCURRENT-OK
2026-10-03T08:10:14.0235490Z 
2026-10-03T08:10:14.0235495Z 
2026-10-03T08:10:14.0235641Z FBSDGLUE-OK
2026-10-03T08:10:14.0235828Z 
2026-10-03T08:10:14.0235833Z 
2026-10-03T08:10:14.0235973Z FILECMD-LEAF-OK
2026-10-03T08:10:14.0236178Z 
2026-10-03T08:10:14.0236391Z 
2026-10-03T08:10:14.0236550Z GETTY-OK
2026-10-03T08:10:14.0236683Z 
2026-10-03T08:10:14.0236693Z 
2026-10-03T08:10:14.0237047Z HOMEDIR-OK
2026-10-03T08:10:14.0237262Z 
2026-10-03T08:10:14.0237269Z 
2026-10-03T08:10:14.0237432Z HOST-BOOTSTRAP-OK
2026-10-03T08:10:14.0237680Z 
2026-10-03T08:10:14.0237684Z 
2026-10-03T08:10:14.0237824Z HOSTNAMED-OK
2026-10-03T08:10:14.0238051Z 
2026-10-03T08:10:14.0238056Z 
2026-10-03T08:10:14.0238258Z HOSTNAMED-BONJOUR-RENAME-SKIP
2026-10-03T08:10:14.0238575Z 
2026-10-03T08:10:14.0238580Z 
2026-10-03T08:10:14.0238740Z HOSTNAMED-DHCP-OK
2026-10-03T08:10:14.0238973Z 
2026-10-03T08:10:14.0238990Z 
2026-10-03T08:10:14.0239162Z HOSTNAMED-MDNS-SKIP
2026-10-03T08:10:14.0239397Z 
2026-10-03T08:10:14.0239410Z 
2026-10-03T08:10:14.0239571Z HOSTNAMED-PREFS-OK
2026-10-03T08:10:14.0239810Z 
2026-10-03T08:10:14.0239815Z 
2026-10-03T08:10:14.0239972Z IPCFG-ARP-OK
2026-10-03T08:10:14.0240195Z 
2026-10-03T08:10:14.0240200Z 
2026-10-03T08:10:14.0240350Z IPCFG-BOOT-OK
2026-10-03T08:10:14.0240571Z 
2026-10-03T08:10:14.0240576Z 
2026-10-03T08:10:14.0240736Z IPCFG-BOUND-OK
2026-10-03T08:10:14.0240953Z 
2026-10-03T08:10:14.0240958Z 
2026-10-03T08:10:14.0241104Z IPCFG-DHCP-OK
2026-10-03T08:10:14.0241291Z 
2026-10-03T08:10:14.0241294Z 
2026-10-03T08:10:14.0241389Z IPCFG-IPCONFIG-OK
2026-10-03T08:10:14.0241518Z 
2026-10-03T08:10:14.0241526Z 
2026-10-03T08:10:14.0241693Z IPCFG-RA-OK
2026-10-03T08:10:14.0241874Z 
2026-10-03T08:10:14.0241879Z 
2026-10-03T08:10:14.0242006Z IPCFG-RENEW-OK
2026-10-03T08:10:14.0242188Z 
2026-10-03T08:10:14.0242194Z 
2026-10-03T08:10:14.0242322Z IPCFG-RPC-OK
2026-10-03T08:10:14.0242503Z 
2026-10-03T08:10:14.0242514Z 
2026-10-03T08:10:14.0242648Z IPCFG-STORE-OK
2026-10-03T08:10:14.0242855Z 
2026-10-03T08:10:14.0242861Z 
2026-10-03T08:10:14.0243014Z KEM-LINK-OK
2026-10-03T08:10:14.0243203Z 
2026-10-03T08:10:14.0243208Z 
2026-10-03T08:10:14.0243344Z LAUNCHCTL-BUILD-OK
2026-10-03T08:10:14.0243538Z 
2026-10-03T08:10:14.0243543Z 
2026-10-03T08:10:14.0243686Z LAUNCHCTL-LIST-OK
2026-10-03T08:10:14.0243897Z 
2026-10-03T08:10:14.0243902Z 
2026-10-03T08:10:14.0244039Z LAUNCHD-BUILD-OK
2026-10-03T08:10:14.0244235Z 
2026-10-03T08:10:14.0244239Z 
2026-10-03T08:10:14.0244402Z LIBDISPATCH-OK
2026-10-03T08:10:14.0244623Z 
2026-10-03T08:10:14.0244628Z 
2026-10-03T08:10:14.0244801Z LIBDISPATCH-MACH-OK
2026-10-03T08:10:14.0245058Z 
2026-10-03T08:10:14.0245091Z 
2026-10-03T08:10:14.0245223Z LIBDS-OK
2026-10-03T08:10:14.0245377Z 
2026-10-03T08:10:14.0245381Z 
2026-10-03T08:10:14.0245545Z LIBSYSTEM-KERNEL-OK
2026-10-03T08:10:14.0245754Z 
2026-10-03T08:10:14.0245759Z 
2026-10-03T08:10:14.0245888Z LIBXPC-OK
2026-10-03T08:10:14.0246197Z 
2026-10-03T08:10:14.0246200Z 
2026-10-03T08:10:14.0246294Z LINUX-MOUNTS-OK
2026-10-03T08:10:14.0246415Z 
2026-10-03T08:10:14.0246419Z 
2026-10-03T08:10:14.0246499Z MACH-PORT-OK
2026-10-03T08:10:14.0246608Z 
2026-10-03T08:10:14.0246611Z 
2026-10-03T08:10:14.0246695Z MACH-SMOKE-OK
2026-10-03T08:10:14.0247117Z 
2026-10-03T08:10:14.0247123Z 
2026-10-03T08:10:14.0247209Z MDNS-BOOT-OK
2026-10-03T08:10:14.0247323Z 
2026-10-03T08:10:14.0247326Z 
2026-10-03T08:10:14.0247401Z MDNS-DNSSD-OK
2026-10-03T08:10:14.0247510Z 
2026-10-03T08:10:14.0247513Z 
2026-10-03T08:10:14.0247587Z MDNS-ENGINE-OK
2026-10-03T08:10:14.0247701Z 
2026-10-03T08:10:14.0247704Z 
2026-10-03T08:10:14.0247785Z MDNS-IFWATCH-OK
2026-10-03T08:10:14.0247898Z 
2026-10-03T08:10:14.0247901Z 
2026-10-03T08:10:14.0247981Z MDNS-STATIC-OK
2026-10-03T08:10:14.0248111Z 
2026-10-03T08:10:14.0248114Z 
2026-10-03T08:10:14.0248187Z MIG-BUILD-OK
2026-10-03T08:10:14.0248396Z 
2026-10-03T08:10:14.0248399Z 
2026-10-03T08:10:14.0248468Z NFS-OK
2026-10-03T08:10:14.0248574Z 
2026-10-03T08:10:14.0248577Z 
2026-10-03T08:10:14.0248859Z NOTIFYD-PROC-OK
2026-10-03T08:10:14.0248986Z 
2026-10-03T08:10:14.0248989Z 
2026-10-03T08:10:14.0249063Z NSS-DS-OK
2026-10-03T08:10:14.0249161Z 
2026-10-03T08:10:14.0249164Z 
2026-10-03T08:10:14.0249235Z NTP-OK
2026-10-03T08:10:14.0249329Z 
2026-10-03T08:10:14.0249332Z 
2026-10-03T08:10:14.0249627Z SC-BOND-OK
2026-10-03T08:10:14.0249733Z 
2026-10-03T08:10:14.0249736Z 
2026-10-03T08:10:14.0249809Z SC-BRIDGE-OK
2026-10-03T08:10:14.0249917Z 
2026-10-03T08:10:14.0249920Z 
2026-10-03T08:10:14.0249988Z SC-LOCK-OK
2026-10-03T08:10:14.0250091Z 
2026-10-03T08:10:14.0250094Z 
2026-10-03T08:10:14.0250165Z SC-MULTI-OK
2026-10-03T08:10:14.0250269Z 
2026-10-03T08:10:14.0250273Z 
2026-10-03T08:10:14.0250348Z SC-NETIF-OK
2026-10-03T08:10:14.0250447Z 
2026-10-03T08:10:14.0250449Z 
2026-10-03T08:10:14.0250526Z SC-NETSET-OK
2026-10-03T08:10:14.0250626Z 
2026-10-03T08:10:14.0250629Z 
2026-10-03T08:10:14.0250706Z SC-NETSVC-OK
2026-10-03T08:10:14.0250817Z 
2026-10-03T08:10:14.0250820Z 
2026-10-03T08:10:14.0250892Z SC-NOTIFY-OK
2026-10-03T08:10:14.0250998Z 
2026-10-03T08:10:14.0251001Z 
2026-10-03T08:10:14.0251072Z SC-PATH-OK
2026-10-03T08:10:14.0251179Z 
2026-10-03T08:10:14.0251183Z 
2026-10-03T08:10:14.0251259Z SC-PLINK-OK
2026-10-03T08:10:14.0251375Z 
2026-10-03T08:10:14.0251378Z 
2026-10-03T08:10:14.0251513Z SC-PNOTIFY-OK
2026-10-03T08:10:14.0251625Z 
2026-10-03T08:10:14.0251628Z 
2026-10-03T08:10:14.0251704Z SC-PREFS-OK
2026-10-03T08:10:14.0251800Z 
2026-10-03T08:10:14.0251803Z 
2026-10-03T08:10:14.0251881Z SC-RUNLOOP-OK
2026-10-03T08:10:14.0251990Z 
2026-10-03T08:10:14.0251994Z 
2026-10-03T08:10:14.0252064Z SC-STORE-OK
2026-10-03T08:10:14.0252166Z 
2026-10-03T08:10:14.0252169Z 
2026-10-03T08:10:14.0252240Z SC-VLAN-OK
2026-10-03T08:10:14.0252340Z 
2026-10-03T08:10:14.0252344Z 
2026-10-03T08:10:14.0252425Z SERVICE-LDCONFIG-OK
2026-10-03T08:10:14.0252554Z 
2026-10-03T08:10:14.0252557Z 
2026-10-03T08:10:14.0252641Z SHELLCMD-LEAF-OK
2026-10-03T08:10:14.0252773Z 
2026-10-03T08:10:14.0252812Z 
2026-10-03T08:10:14.0252952Z SUDO-OK
2026-10-03T08:10:14.0253101Z 
2026-10-03T08:10:14.0253106Z 
2026-10-03T08:10:14.0253232Z SYSCMD-LEAF-OK
2026-10-03T08:10:14.0253417Z 
2026-10-03T08:10:14.0253428Z 
2026-10-03T08:10:14.0253549Z SYSLOG-RUN-OK
2026-10-03T08:10:14.0253717Z 
2026-10-03T08:10:14.0253721Z 
2026-10-03T08:10:14.0253859Z SYSLOGD-PROC-OK
2026-10-03T08:10:14.0254055Z 
2026-10-03T08:10:14.0254059Z 
2026-10-03T08:10:14.0254201Z TASK-SPECIAL-PORT-OK
2026-10-03T08:10:14.0254418Z 
2026-10-03T08:10:14.0254423Z 
2026-10-03T08:10:14.0254555Z TEXTCMD-LEAF-OK
2026-10-03T08:10:14.0254738Z 
2026-10-03T08:10:14.0254743Z 
2026-10-03T08:10:14.0254883Z WAITQUIET-OK
2026-10-03T08:10:14.0255077Z 
2026-10-03T08:10:14.0255081Z 
2026-10-03T08:10:14.0255171Z WEDGE-CHECK-SKIP
2026-10-03T08:10:14.0255287Z 
2026-10-03T08:10:14.0255297Z 
2026-10-03T08:10:14.0255383Z ADVCMD-LEAF-OK
2026-10-03T08:10:14.0255499Z 
2026-10-03T08:10:14.0255502Z 
2026-10-03T08:10:14.0255604Z NEXTBSD-TEST-SUMMARY ok=81 fail=0 skip=6
2026-10-03T08:10:14.0255970Z 
2026-10-03T08:10:14.0255973Z 
2026-10-03T08:10:14.0256052Z admin@selftest ~ % 
2026-10-03T08:10:14.0256252Z OK: ACCT-HELPERS
2026-10-03T08:10:14.0256370Z 
2026-10-03T08:10:14.0256454Z OK: ACCT-LIFECYCLE
2026-10-03T08:10:14.0256570Z 
2026-10-03T08:10:14.0256653Z OK: ADVCMD-LEAF
2026-10-03T08:10:14.0257080Z 
2026-10-03T08:10:14.0257242Z OK: ADVCMD-LEAF
2026-10-03T08:10:14.0257440Z 
2026-10-03T08:10:14.0257692Z OK: /usr/tests/freebsd-launchd-mach/run.sh: NEXTBSD-TEST-SUMMARY ok=81 fail=0 skip=6
2026-10-03T08:10:14.0258030Z 
2026-10-03T08:10:14.0258758Z FAIL: BOOTSTRAP — must-pass marker never emitted (suite did not reach it, or the image predates the capability; overlay to warn if that is expected)
2026-10-03T08:10:14.0259299Z 
2026-10-03T08:10:14.0259861Z FAIL: BOOTSTRAP-REMOTE — must-pass marker never emitted (suite did not reach it, or the image predates the capability; overlay to warn if that is expected)
2026-10-03T08:10:14.0260418Z 
2026-10-03T08:10:14.0260939Z FAIL: BUSYSTATE — must-pass marker never emitted (suite did not reach it, or the image predates the capability; overlay to warn if that is expected)
2026-10-03T08:10:14.0261457Z 
2026-10-03T08:10:14.0261981Z FAIL: CONFIGD-LIST — must-pass marker never emitted (suite did not reach it, or the image predates the capability; overlay to warn if that is expected)
2026-10-03T08:10:14.0262672Z 
2026-10-03T08:10:14.0263214Z FAIL: CONFIGD-MULTI — must-pass marker never emitted (suite did not reach it, or the image predates the capability; overlay to warn if that is expected)
2026-10-03T08:10:14.0263746Z 
2026-10-03T08:10:14.0264280Z FAIL: CONFIGD-NOTIFY — must-pass marker never emitted (suite did not reach it, or the image predates the capability; overlay to warn if that is expected)
2026-10-03T08:10:14.0264949Z 
2026-10-03T08:10:14.0265980Z FAIL: CONFIGD-PATTERN — must-pass marker never emitted (suite did not reach it, or the image predates the capability; overlay to warn if that is expected)
2026-10-03T08:10:14.0267178Z 
2026-10-03T08:10:14.0267767Z FAIL: CONFIGD-STORE — must-pass marker never emitted (suite did not reach it, or the image predates the capability; overlay to warn if that is expected)
2026-10-03T08:10:14.0268316Z 
2026-10-03T08:10:14.0269144Z FAIL: COREFOUNDATION — must-pass marker never emitted (suite did not reach it, or the image predates the capability; overlay to warn if that is expected)
2026-10-03T08:10:14.0270187Z 
2026-10-03T08:10:14.0271003Z FAIL: DA-BOOT — must-pass marker never emitted (suite did not reach it, or the image predates the capability; overlay to warn if that is expected)
2026-10-03T08:10:14.0271530Z 
2026-10-03T08:10:14.0272069Z FAIL: DOMAIN-DIRS — must-pass marker never emitted (suite did not reach it, or the image predates the capability; overlay to warn if that is expected)
2026-10-03T08:10:14.0272612Z 
2026-10-03T08:10:14.0273437Z FAIL: FBSDGLUE — must-pass marker never emitted (suite did not reach it, or the image predates the capability; overlay to warn if that is expected)
2026-10-03T08:10:14.0274524Z 
2026-10-03T08:10:14.0275567Z FAIL: FILECMD-LEAF — must-pass marker never emitted (suite did not reach it, or the image predates the capability; overlay to warn if that is expected)
2026-10-03T08:10:14.0276559Z 
2026-10-03T08:10:14.0278020Z FAIL: HOST-BOOTSTRAP — must-pass marker never emitted (suite did not reach it, or the image predates the capability; overlay to warn if that is expected)
2026-10-03T08:10:14.0279038Z 
2026-10-03T08:10:14.0280048Z FAIL: HOSTNAMED — must-pass marker never emitted (suite did not reach it, or the image predates the capability; overlay to warn if that is expected)
2026-10-03T08:10:14.0281010Z 
2026-10-03T08:10:14.0282056Z FAIL: HOSTNAMED-DHCP — must-pass marker never emitted (suite did not reach it, or the image predates the capability; overlay to warn if that is expected)
2026-10-03T08:10:14.0282664Z 
2026-10-03T08:10:14.0283216Z FAIL: HOSTNAMED-PREFS — must-pass marker never emitted (suite did not reach it, or the image predates the capability; overlay to warn if that is expected)
2026-10-03T08:10:14.0283950Z 
2026-10-03T08:10:14.0284467Z FAIL: IPCFG-ARP — must-pass marker never emitted (suite did not reach it, or the image predates the capability; overlay to warn if that is expected)
2026-10-03T08:10:14.0284987Z 
2026-10-03T08:10:14.0285512Z FAIL: IPCFG-BOOT — must-pass marker never emitted (suite did not reach it, or the image predates the capability; overlay to warn if that is expected)
2026-10-03T08:10:14.0286032Z 
2026-10-03T08:10:14.0287211Z FAIL: IPCFG-BOUND — must-pass marker never emitted (suite did not reach it, or the image predates the capability; overlay to warn if that is expected)
2026-10-03T08:10:14.0288141Z 
2026-10-03T08:10:14.0288698Z FAIL: IPCFG-DHCP — must-pass marker never emitted (suite did not reach it, or the image predates the capability; overlay to warn if that is expected)
2026-10-03T08:10:14.0289233Z 
2026-10-03T08:10:14.0289771Z FAIL: IPCFG-IPCONFIG — must-pass marker never emitted (suite did not reach it, or the image predates the capability; overlay to warn if that is expected)
2026-10-03T08:10:14.0290336Z 
2026-10-03T08:10:14.0290850Z FAIL: IPCFG-RA — must-pass marker never emitted (suite did not reach it, or the image predates the capability; overlay to warn if that is expected)
2026-10-03T08:10:14.0291361Z 
2026-10-03T08:10:14.0292035Z FAIL: IPCFG-RENEW — must-pass marker never emitted (suite did not reach it, or the image predates the capability; overlay to warn if that is expected)
2026-10-03T08:10:14.0292566Z 
2026-10-03T08:10:14.0293077Z FAIL: IPCFG-RPC — must-pass marker never emitted (suite did not reach it, or the image predates the capability; overlay to warn if that is expected)
2026-10-03T08:10:14.0293592Z 
2026-10-03T08:10:14.0294097Z FAIL: IPCFG-STORE — must-pass marker never emitted (suite did not reach it, or the image predates the capability; overlay to warn if that is expected)
2026-10-03T08:10:14.0294620Z 
2026-10-03T08:10:14.0295116Z FAIL: KEM-LINK — must-pass marker never emitted (suite did not reach it, or the image predates the capability; overlay to warn if that is expected)
2026-10-03T08:10:14.0295647Z 
2026-10-03T08:10:14.0296193Z FAIL: LAUNCHCTL-BUILD — must-pass marker never emitted (suite did not reach it, or the image predates the capability; overlay to warn if that is expected)
2026-10-03T08:10:14.0296728Z 
2026-10-03T08:10:14.0297680Z FAIL: LAUNCHCTL-LIST — must-pass marker never emitted (suite did not reach it, or the image predates the capability; overlay to warn if that is expected)
2026-10-03T08:10:14.0298233Z 
2026-10-03T08:10:14.0298765Z FAIL: LAUNCHD-BUILD — must-pass marker never emitted (suite did not reach it, or the image predates the capability; overlay to warn if that is expected)
2026-10-03T08:10:14.0299311Z 
2026-10-03T08:10:14.0299822Z FAIL: LIBDISPATCH — must-pass marker never emitted (suite did not reach it, or the image predates the capability; overlay to warn if that is expected)
2026-10-03T08:10:14.0300350Z 
2026-10-03T08:10:14.0300896Z FAIL: LIBDISPATCH-MACH — must-pass marker never emitted (suite did not reach it, or the image predates the capability; overlay to warn if that is expected)
2026-10-03T08:10:14.0301451Z 
2026-10-03T08:10:14.0301993Z FAIL: LIBSYSTEM-KERNEL — must-pass marker never emitted (suite did not reach it, or the image predates the capability; overlay to warn if that is expected)
2026-10-03T08:10:14.0302538Z 
2026-10-03T08:10:14.0303050Z FAIL: LIBXPC — must-pass marker never emitted (suite did not reach it, or the image predates the capability; overlay to warn if that is expected)
2026-10-03T08:10:14.0303563Z 
2026-10-03T08:10:14.0304436Z FAIL: LINUX-MOUNTS — must-pass marker never emitted (suite did not reach it, or the image predates the capability; overlay to warn if that is expected)
2026-10-03T08:10:14.0305411Z 
2026-10-03T08:10:14.0305959Z FAIL: MACH-PORT — must-pass marker never emitted (suite did not reach it, or the image predates the capability; overlay to warn if that is expected)
2026-10-03T08:10:14.0306487Z 
2026-10-03T08:10:14.0307260Z FAIL: MACH-SMOKE — must-pass marker never emitted (suite did not reach it, or the image predates the capability; overlay to warn if that is expected)
2026-10-03T08:10:14.0307988Z 
2026-10-03T08:10:14.0308513Z FAIL: MDNS-BOOT — must-pass marker never emitted (suite did not reach it, or the image predates the capability; overlay to warn if that is expected)
2026-10-03T08:10:14.0309045Z 
2026-10-03T08:10:14.0309551Z FAIL: MDNS-DNSSD — must-pass marker never emitted (suite did not reach it, or the image predates the capability; overlay to warn if that is expected)
2026-10-03T08:10:14.0310071Z 
2026-10-03T08:10:14.0310582Z FAIL: MDNS-ENGINE — must-pass marker never emitted (suite did not reach it, or the image predates the capability; overlay to warn if that is expected)
2026-10-03T08:10:14.0311185Z 
2026-10-03T08:10:14.0311714Z FAIL: MDNS-IFWATCH — must-pass marker never emitted (suite did not reach it, or the image predates the capability; overlay to warn if that is expected)
2026-10-03T08:10:14.0312245Z 
2026-10-03T08:10:14.0312773Z FAIL: MIG-BUILD — must-pass marker never emitted (suite did not reach it, or the image predates the capability; overlay to warn if that is expected)
2026-10-03T08:10:14.0313293Z 
2026-10-03T08:10:14.0313935Z FAIL: NOTIFYD-PROC — must-pass marker never emitted (suite did not reach it, or the image predates the capability; overlay to warn if that is expected)
2026-10-03T08:10:14.0314470Z 
2026-10-03T08:10:14.0314966Z FAIL: SC-BOND — must-pass marker never emitted (suite did not reach it, or the image predates the capability; overlay to warn if that is expected)
2026-10-03T08:10:14.0315478Z 
2026-10-03T08:10:14.0315981Z FAIL: SC-BRIDGE — must-pass marker never emitted (suite did not reach it, or the image predates the capability; overlay to warn if that is expected)
2026-10-03T08:10:14.0316502Z 
2026-10-03T08:10:14.0317373Z FAIL: SC-LOCK — must-pass marker never emitted (suite did not reach it, or the image predates the capability; overlay to warn if that is expected)
2026-10-03T08:10:14.0317899Z 
2026-10-03T08:10:14.0318418Z FAIL: SC-MULTI — must-pass marker never emitted (suite did not reach it, or the image predates the capability; overlay to warn if that is expected)
2026-10-03T08:10:14.0318933Z 
2026-10-03T08:10:14.0319441Z FAIL: SC-NETIF — must-pass marker never emitted (suite did not reach it, or the image predates the capability; overlay to warn if that is expected)
2026-10-03T08:10:14.0319955Z 
2026-10-03T08:10:14.0320458Z FAIL: SC-NETSET — must-pass marker never emitted (suite did not reach it, or the image predates the capability; overlay to warn if that is expected)
2026-10-03T08:10:14.0321038Z 
2026-10-03T08:10:14.0322007Z FAIL: SC-NETSVC — must-pass marker never emitted (suite did not reach it, or the image predates the capability; overlay to warn if that is expected)
2026-10-03T08:10:14.0322833Z 
2026-10-03T08:10:14.0323365Z FAIL: SC-NOTIFY — must-pass marker never emitted (suite did not reach it, or the image predates the capability; overlay to warn if that is expected)
2026-10-03T08:10:14.0323887Z 
2026-10-03T08:10:14.0324388Z FAIL: SC-PATH — must-pass marker never emitted (suite did not reach it, or the image predates the capability; overlay to warn if that is expected)
2026-10-03T08:10:14.0324897Z 
2026-10-03T08:10:14.0325411Z FAIL: SC-PLINK — must-pass marker never emitted (suite did not reach it, or the image predates the capability; overlay to warn if that is expected)
2026-10-03T08:10:14.0325931Z 
2026-10-03T08:10:14.0326453Z FAIL: SC-PNOTIFY — must-pass marker never emitted (suite did not reach it, or the image predates the capability; overlay to warn if that is expected)
2026-10-03T08:10:14.0327272Z 
2026-10-03T08:10:14.0327797Z FAIL: SC-PREFS — must-pass marker never emitted (suite did not reach it, or the image predates the capability; overlay to warn if that is expected)
2026-10-03T08:10:14.0328311Z 
2026-10-03T08:10:14.0328826Z FAIL: SC-RUNLOOP — must-pass marker never emitted (suite did not reach it, or the image predates the capability; overlay to warn if that is expected)
2026-10-03T08:10:14.0329519Z 
2026-10-03T08:10:14.0330024Z FAIL: SC-STORE — must-pass marker never emitted (suite did not reach it, or the image predates the capability; overlay to warn if that is expected)
2026-10-03T08:10:14.0330548Z 
2026-10-03T08:10:14.0331052Z FAIL: SC-VLAN — must-pass marker never emitted (suite did not reach it, or the image predates the capability; overlay to warn if that is expected)
2026-10-03T08:10:14.0331566Z 
2026-10-03T08:10:14.0332111Z FAIL: SERVICE-LDCONFIG — must-pass marker never emitted (suite did not reach it, or the image predates the capability; overlay to warn if that is expected)
2026-10-03T08:10:14.0332664Z 
2026-10-03T08:10:14.0333196Z FAIL: SHELLCMD-LEAF — must-pass marker never emitted (suite did not reach it, or the image predates the capability; overlay to warn if that is expected)
2026-10-03T08:10:14.0333728Z 
2026-10-03T08:10:14.0334260Z FAIL: SYSCMD-LEAF — must-pass marker never emitted (suite did not reach it, or the image predates the capability; overlay to warn if that is expected)
2026-10-03T08:10:14.0334802Z 
2026-10-03T08:10:14.0335635Z FAIL: SYSLOG-RUN — must-pass marker never emitted (suite did not reach it, or the image predates the capability; overlay to warn if that is expected)
2026-10-03T08:10:14.0336280Z 
2026-10-03T08:10:14.0337711Z FAIL: SYSLOGD-PROC — must-pass marker never emitted (suite did not reach it, or the image predates the capability; overlay to warn if that is expected)
2026-10-03T08:10:14.0338672Z 
2026-10-03T08:10:14.0339634Z FAIL: TASK-SPECIAL-PORT — must-pass marker never emitted (suite did not reach it, or the image predates the capability; overlay to warn if that is expected)
2026-10-03T08:10:14.0340427Z 
2026-10-03T08:10:14.0340993Z FAIL: TEXTCMD-LEAF — must-pass marker never emitted (suite did not reach it, or the image predates the capability; overlay to warn if that is expected)
2026-10-03T08:10:14.0341535Z 
2026-10-03T08:10:14.0342057Z FAIL: WAITQUIET — must-pass marker never emitted (suite did not reach it, or the image predates the capability; overlay to warn if that is expected)
2026-10-03T08:10:14.0342594Z 
2026-10-03T08:10:14.0342743Z FAIL: 66 must-pass marker(s) missing from the suite output
2026-10-03T08:10:14.0343108Z NEXTBSD-TEST-SUMMARY ok=81 fail=0 skip=6
2026-10-03T08:10:14.0343515Z ==> boot-test FAILED rc=1 (arch=amd64 suite=/usr/tests/freebsd-launchd-mach/run.sh)
2026-10-03T08:10:14.0343931Z     serial transcript: tests/boot.log
2026-10-03T08:10:14.0344274Z SELFTEST FAIL: case ok — expected rc 0, got 1
2026-10-03T08:10:14.0344717Z ==> case: fail (suite: /usr/tests/freebsd-launchd-mach/run.sh) — expect rc 1
2026-10-03T08:10:14.0369772Z ==> boot test: tests/fake.img
2026-10-03T08:10:14.0379972Z -rw-r--r-- 1 runner runner 0 Oct  3 08:10 tests/fake.img
2026-10-03T08:10:14.0454253Z ==> using KVM acceleration
2026-10-03T08:10:14.0454604Z ==> amd64: qemu-system-x86_64 -machine q35 | firmware 
2026-10-03T08:10:14.0633067Z spawn tclsh /home/runner/work/nextbsd-ci/nextbsd-ci/selftest/mock-guest.tcl
2026-10-03T08:10:14.0680313Z FreeBSD/amd64 EFI loader, Revision 3.0
2026-10-03T08:10:14.0680654Z 
2026-10-03T08:10:14.0680659Z 
2026-10-03T08:10:14.0680764Z Loading /boot/loader.conf
2026-10-03T08:10:14.0680936Z 
2026-10-03T08:10:14.0680940Z 
2026-10-03T08:10:14.0681133Z Hit [Enter] to boot immediately, or any other key for command prompt.
2026-10-03T08:10:14.0681427Z 
2026-10-03T08:10:14.0681430Z 
2026-10-03T08:10:14.0681535Z OK 
2026-10-03T08:10:14.0681720Z ==> at loader prompt
2026-10-03T08:10:15.2515343Z  set console=comconsole
2026-10-03T08:10:15.2515818Z OK set console=comconsole
2026-10-03T08:10:15.2516094Z 
2026-10-03T08:10:15.2516099Z 
2026-10-03T08:10:16.3142688Z OK set boot_serial=YES
2026-10-03T08:10:16.3143109Z OK set boot_serial=YES
2026-10-03T08:10:16.3143329Z 
2026-10-03T08:10:16.3143338Z 
2026-10-03T08:10:17.6978962Z OK set comconsole_speed=115200
2026-10-03T08:10:17.6979487Z OK set comconsole_speed=115200
2026-10-03T08:10:17.6979795Z 
2026-10-03T08:10:17.6979800Z 
2026-10-03T08:10:18.8810403Z OK set boot_multicons=YES
2026-10-03T08:10:18.8811301Z OK set boot_multicons=YES
2026-10-03T08:10:18.8811574Z 
2026-10-03T08:10:18.8811583Z 
2026-10-03T08:10:19.9838812Z OK set boot_mutemsgs=NO
2026-10-03T08:10:19.9839301Z OK set boot_mutemsgs=NO
2026-10-03T08:10:19.9839564Z 
2026-10-03T08:10:19.9839570Z 
2026-10-03T08:10:20.5654040Z OK boot -v
2026-10-03T08:10:20.5654584Z Booting [/boot/kernel/kernel]
2026-10-03T08:10:20.5654953Z 
2026-10-03T08:10:20.5654960Z 
2026-10-03T08:10:20.5655134Z ---<<BOOT>>---
2026-10-03T08:10:20.5655381Z 
2026-10-03T08:10:20.5655387Z 
2026-10-03T08:10:20.5655633Z Copyright (c) 1992-2025 The FreeBSD Project.
2026-10-03T08:10:20.5656070Z 
2026-10-03T08:10:20.5656077Z 
2026-10-03T08:10:20.5656284Z early-init: sethostname('selftest')
2026-10-03T08:10:20.5656666Z 
2026-10-03T08:10:20.5656672Z 
2026-10-03T08:10:20.5657276Z early-init: opened /dev/klog (kernel.log_open=1; console quiet)
2026-10-03T08:10:20.5657844Z 
2026-10-03T08:10:20.5657851Z 
2026-10-03T08:10:20.5658048Z NextBSD/amd64 (selftest) (console)
2026-10-03T08:10:20.5658472Z 
2026-10-03T08:10:20.5658479Z 
2026-10-03T08:10:20.5659084Z 
2026-10-03T08:10:20.5659805Z OK: BOOT-BANNER-OK — getty shows the synthesized hostname 'selftest'
2026-10-03T08:10:20.8658510Z login:
2026-10-03T08:10:20.8659130Z 
2026-10-03T08:10:20.8659146Z 
2026-10-03T08:10:20.8683430Z 
2026-10-03T08:10:20.8683652Z OK: boot reached the login prompt
2026-10-03T08:10:20.8684464Z admin
2026-10-03T08:10:20.8684794Z Password:
2026-10-03T08:10:20.8685022Z 
2026-10-03T08:10:20.8685028Z 
2026-10-03T08:10:20.8685032Z 
2026-10-03T08:10:20.8685204Z admin@selftest ~ % 
2026-10-03T08:10:20.8685545Z OK: logged in as admin
2026-10-03T08:10:20.8686044Z ==> running on-image suite: /usr/tests/freebsd-launchd-mach/run.sh
2026-10-03T08:10:20.8686701Z r() { if [ "$(id -u)" = 0 ]; then "$@"; else sudo "$@"; fi; }
2026-10-03T08:10:20.8687655Z admin@selftest ~ % r /usr/tests/freebsd-launchd-mach/run.sh
2026-10-03T08:10:20.8688251Z ACCT-HELPERS-OK
2026-10-03T08:10:20.8688455Z 
2026-10-03T08:10:20.8688461Z 
2026-10-03T08:10:20.8688622Z ACCT-LIFECYCLE-OK
2026-10-03T08:10:20.8688830Z 
2026-10-03T08:10:20.8688835Z 
2026-10-03T08:10:20.8688976Z ADVCMD-LEAF-OK
2026-10-03T08:10:20.8689167Z 
2026-10-03T08:10:20.8689172Z 
2026-10-03T08:10:20.8689329Z ASLMANAGER-DEMAND-SKIP
2026-10-03T08:10:20.8689566Z 
2026-10-03T08:10:20.8689571Z 
2026-10-03T08:10:20.8689706Z BOOT-BANNER-SKIP
2026-10-03T08:10:20.8689924Z 
2026-10-03T08:10:20.8689930Z 
2026-10-03T08:10:20.8690061Z BOOTSTRAP-OK
2026-10-03T08:10:20.8690252Z 
2026-10-03T08:10:20.8690257Z 
2026-10-03T08:10:20.8690407Z BOOTSTRAP-REMOTE-OK
2026-10-03T08:10:20.8690619Z 
2026-10-03T08:10:20.8690624Z 
2026-10-03T08:10:20.8690767Z BUSYSTATE-OK
2026-10-03T08:10:20.8690945Z 
2026-10-03T08:10:20.8690950Z 
2026-10-03T08:10:20.8691089Z CONFIGD-LIST-OK
2026-10-03T08:10:20.8691281Z 
2026-10-03T08:10:20.8691286Z 
2026-10-03T08:10:20.8691426Z CONFIGD-MULTI-OK
2026-10-03T08:10:20.8691631Z 
2026-10-03T08:10:20.8691635Z 
2026-10-03T08:10:20.8691778Z CONFIGD-NOTIFY-OK
2026-10-03T08:10:20.8691922Z 
2026-10-03T08:10:20.8691930Z 
2026-10-03T08:10:20.8692016Z CONFIGD-PATTERN-OK
2026-10-03T08:10:20.8692153Z 
2026-10-03T08:10:20.8692156Z 
2026-10-03T08:10:20.8692235Z CONFIGD-STORE-OK
2026-10-03T08:10:20.8692357Z 
2026-10-03T08:10:20.8692360Z 
2026-10-03T08:10:20.8692445Z COREFOUNDATION-OK
2026-10-03T08:10:20.8692568Z 
2026-10-03T08:10:20.8692571Z 
2026-10-03T08:10:20.8692658Z DA-BOOT-OK
2026-10-03T08:10:20.8692762Z 
2026-10-03T08:10:20.8692766Z 
2026-10-03T08:10:20.8692847Z DA-IOKIT-OK
2026-10-03T08:10:20.8692958Z 
2026-10-03T08:10:20.8692961Z 
2026-10-03T08:10:20.8693039Z DAEMON-STATE-OK
2026-10-03T08:10:20.8693158Z 
2026-10-03T08:10:20.8693161Z 
2026-10-03T08:10:20.8693236Z DOMAIN-DIRS-OK
2026-10-03T08:10:20.8693353Z 
2026-10-03T08:10:20.8693356Z 
2026-10-03T08:10:20.8693441Z EVFILT-MACHPORT-SKIP
2026-10-03T08:10:20.8693583Z 
2026-10-03T08:10:20.8693586Z 
2026-10-03T08:10:20.8693695Z EVFILT-MACHPORT-CONCURRENT-OK
2026-10-03T08:10:20.8693856Z 
2026-10-03T08:10:20.8693859Z 
2026-10-03T08:10:20.8693940Z FBSDGLUE-OK
2026-10-03T08:10:20.8694284Z 
2026-10-03T08:10:20.8694287Z 
2026-10-03T08:10:20.8694371Z FILECMD-LEAF-OK
2026-10-03T08:10:20.8694486Z 
2026-10-03T08:10:20.8694489Z 
2026-10-03T08:10:20.8694561Z GETTY-OK
2026-10-03T08:10:20.8694664Z 
2026-10-03T08:10:20.8694666Z 
2026-10-03T08:10:20.8694740Z HOMEDIR-OK
2026-10-03T08:10:20.8694845Z 
2026-10-03T08:10:20.8694848Z 
2026-10-03T08:10:20.8694932Z HOST-BOOTSTRAP-OK
2026-10-03T08:10:20.8695058Z 
2026-10-03T08:10:20.8695061Z 
2026-10-03T08:10:20.8695140Z HOSTNAMED-OK
2026-10-03T08:10:20.8695246Z 
2026-10-03T08:10:20.8695250Z 
2026-10-03T08:10:20.8695355Z HOSTNAMED-BONJOUR-RENAME-SKIP
2026-10-03T08:10:20.8695510Z 
2026-10-03T08:10:20.8695513Z 
2026-10-03T08:10:20.8695600Z HOSTNAMED-DHCP-OK
2026-10-03T08:10:20.8695723Z 
2026-10-03T08:10:20.8695726Z 
2026-10-03T08:10:20.8695808Z HOSTNAMED-MDNS-SKIP
2026-10-03T08:10:20.8695939Z 
2026-10-03T08:10:20.8695942Z 
2026-10-03T08:10:20.8696023Z HOSTNAMED-PREFS-OK
2026-10-03T08:10:20.8696152Z 
2026-10-03T08:10:20.8696155Z 
2026-10-03T08:10:20.8696236Z IPCFG-ARP-OK
2026-10-03T08:10:20.8696348Z 
2026-10-03T08:10:20.8696351Z 
2026-10-03T08:10:20.8696434Z IPCFG-BOOT-OK
2026-10-03T08:10:20.8696543Z 
2026-10-03T08:10:20.8696546Z 
2026-10-03T08:10:20.8696635Z IPCFG-BOUND-OK
2026-10-03T08:10:20.8696743Z 
2026-10-03T08:10:20.8696746Z 
2026-10-03T08:10:20.8697105Z IPCFG-DHCP-OK
2026-10-03T08:10:20.8697400Z 
2026-10-03T08:10:20.8697405Z 
2026-10-03T08:10:20.8697491Z IPCFG-IPCONFIG-OK
2026-10-03T08:10:20.8697621Z 
2026-10-03T08:10:20.8697624Z 
2026-10-03T08:10:20.8697700Z IPCFG-RA-OK
2026-10-03T08:10:20.8697810Z 
2026-10-03T08:10:20.8697813Z 
2026-10-03T08:10:20.8697889Z IPCFG-RENEW-OK
2026-10-03T08:10:20.8698002Z 
2026-10-03T08:10:20.8698005Z 
2026-10-03T08:10:20.8698087Z IPCFG-RPC-OK
2026-10-03T08:10:20.8698191Z 
2026-10-03T08:10:20.8698194Z 
2026-10-03T08:10:20.8698279Z IPCFG-STORE-OK
2026-10-03T08:10:20.8698384Z 
2026-10-03T08:10:20.8698387Z 
2026-10-03T08:10:20.8698464Z KEM-LINK-OK
2026-10-03T08:10:20.8698568Z 
2026-10-03T08:10:20.8698578Z 
2026-10-03T08:10:20.8698656Z LAUNCHCTL-BUILD-OK
2026-10-03T08:10:20.8698876Z 
2026-10-03T08:10:20.8698881Z 
2026-10-03T08:10:20.8699075Z LAUNCHCTL-LIST-OK
2026-10-03T08:10:20.8699286Z 
2026-10-03T08:10:20.8699291Z 
2026-10-03T08:10:20.8699426Z LAUNCHD-BUILD-OK
2026-10-03T08:10:20.8699637Z 
2026-10-03T08:10:20.8699642Z 
2026-10-03T08:10:20.8699787Z LIBDISPATCH-OK
2026-10-03T08:10:20.8699982Z 
2026-10-03T08:10:20.8699988Z 
2026-10-03T08:10:20.8700135Z LIBDISPATCH-MACH-OK
2026-10-03T08:10:20.8700337Z 
2026-10-03T08:10:20.8700341Z 
2026-10-03T08:10:20.8700464Z LIBDS-OK
2026-10-03T08:10:20.8700635Z 
2026-10-03T08:10:20.8700649Z 
2026-10-03T08:10:20.8700791Z LIBSYSTEM-KERNEL-OK
2026-10-03T08:10:20.8701011Z 
2026-10-03T08:10:20.8701016Z 
2026-10-03T08:10:20.8701147Z LIBXPC-OK
2026-10-03T08:10:20.8701332Z 
2026-10-03T08:10:20.8701337Z 
2026-10-03T08:10:20.8701473Z LINUX-MOUNTS-OK
2026-10-03T08:10:20.8701687Z 
2026-10-03T08:10:20.8701692Z 
2026-10-03T08:10:20.8701834Z MACH-PORT-OK
2026-10-03T08:10:20.8702021Z 
2026-10-03T08:10:20.8702033Z 
2026-10-03T08:10:20.8702169Z MACH-SMOKE-OK
2026-10-03T08:10:20.8702355Z 
2026-10-03T08:10:20.8702360Z 
2026-10-03T08:10:20.8702505Z MDNS-BOOT-OK
2026-10-03T08:10:20.8702831Z 
2026-10-03T08:10:20.8702836Z 
2026-10-03T08:10:20.8702965Z MDNS-DNSSD-OK
2026-10-03T08:10:20.8703166Z 
2026-10-03T08:10:20.8703172Z 
2026-10-03T08:10:20.8703324Z MDNS-ENGINE-OK
2026-10-03T08:10:20.8703522Z 
2026-10-03T08:10:20.8703526Z 
2026-10-03T08:10:20.8703672Z MDNS-IFWATCH-OK
2026-10-03T08:10:20.8703872Z 
2026-10-03T08:10:20.8703877Z 
2026-10-03T08:10:20.8704020Z MDNS-STATIC-OK
2026-10-03T08:10:20.8704216Z 
2026-10-03T08:10:20.8704220Z 
2026-10-03T08:10:20.8704356Z MIG-BUILD-OK
2026-10-03T08:10:20.8704550Z 
2026-10-03T08:10:20.8704555Z 
2026-10-03T08:10:20.8704675Z NFS-OK
2026-10-03T08:10:20.8704849Z 
2026-10-03T08:10:20.8704853Z 
2026-10-03T08:10:20.8704987Z NOTIFYD-PROC-OK
2026-10-03T08:10:20.8705201Z 
2026-10-03T08:10:20.8705206Z 
2026-10-03T08:10:20.8705330Z NSS-DS-OK
2026-10-03T08:10:20.8705518Z 
2026-10-03T08:10:20.8705730Z 
2026-10-03T08:10:20.8705881Z NTP-OK
2026-10-03T08:10:20.8706067Z 
2026-10-03T08:10:20.8706072Z 
2026-10-03T08:10:20.8706209Z SC-BOND-OK
2026-10-03T08:10:20.8706392Z 
2026-10-03T08:10:20.8706397Z 
2026-10-03T08:10:20.8706537Z SC-BRIDGE-OK
2026-10-03T08:10:20.8706740Z 
2026-10-03T08:10:20.8706745Z 
2026-10-03T08:10:20.8707219Z SC-LOCK-OK
2026-10-03T08:10:20.8707424Z 
2026-10-03T08:10:20.8707430Z 
2026-10-03T08:10:20.8707561Z SC-MULTI-OK
2026-10-03T08:10:20.8707747Z 
2026-10-03T08:10:20.8707751Z 
2026-10-03T08:10:20.8707882Z SC-NETIF-OK
2026-10-03T08:10:20.8708071Z 
2026-10-03T08:10:20.8708076Z 
2026-10-03T08:10:20.8708221Z SC-NETSET-OK
2026-10-03T08:10:20.8708411Z 
2026-10-03T08:10:20.8708415Z 
2026-10-03T08:10:20.8708556Z SC-NETSVC-OK
2026-10-03T08:10:20.8708739Z 
2026-10-03T08:10:20.8708744Z 
2026-10-03T08:10:20.8708880Z SC-NOTIFY-OK
2026-10-03T08:10:20.8709075Z 
2026-10-03T08:10:20.8709093Z 
2026-10-03T08:10:20.8709233Z SC-PATH-OK
2026-10-03T08:10:20.8709423Z 
2026-10-03T08:10:20.8709439Z 
2026-10-03T08:10:20.8709568Z SC-PLINK-OK
2026-10-03T08:10:20.8709752Z 
2026-10-03T08:10:20.8709756Z 
2026-10-03T08:10:20.8709890Z SC-PNOTIFY-OK
2026-10-03T08:10:20.8710087Z 
2026-10-03T08:10:20.8710092Z 
2026-10-03T08:10:20.8710227Z SC-PREFS-OK
2026-10-03T08:10:20.8710402Z 
2026-10-03T08:10:20.8710407Z 
2026-10-03T08:10:20.8710551Z SC-RUNLOOP-OK
2026-10-03T08:10:20.8710872Z 
2026-10-03T08:10:20.8710876Z 
2026-10-03T08:10:20.8710961Z SC-STORE-OK
2026-10-03T08:10:20.8711067Z 
2026-10-03T08:10:20.8711077Z 
2026-10-03T08:10:20.8711150Z SC-VLAN-OK
2026-10-03T08:10:20.8711253Z 
2026-10-03T08:10:20.8711257Z 
2026-10-03T08:10:20.8711337Z SERVICE-LDCONFIG-OK
2026-10-03T08:10:20.8711470Z 
2026-10-03T08:10:20.8711473Z 
2026-10-03T08:10:20.8711550Z SHELLCMD-LEAF-OK
2026-10-03T08:10:20.8711674Z 
2026-10-03T08:10:20.8711677Z 
2026-10-03T08:10:20.8711752Z SUDO-OK
2026-10-03T08:10:20.8711847Z 
2026-10-03T08:10:20.8711850Z 
2026-10-03T08:10:20.8711932Z SYSCMD-LEAF-OK
2026-10-03T08:10:20.8712041Z 
2026-10-03T08:10:20.8712050Z 
2026-10-03T08:10:20.8712131Z SYSLOG-RUN-OK
2026-10-03T08:10:20.8712235Z 
2026-10-03T08:10:20.8712238Z 
2026-10-03T08:10:20.8712322Z SYSLOGD-PROC-OK
2026-10-03T08:10:20.8712440Z 
2026-10-03T08:10:20.8712444Z 
2026-10-03T08:10:20.8712527Z TASK-SPECIAL-PORT-OK
2026-10-03T08:10:20.8712665Z 
2026-10-03T08:10:20.8712668Z 
2026-10-03T08:10:20.8712743Z TEXTCMD-LEAF-OK
2026-10-03T08:10:20.8712864Z 
2026-10-03T08:10:20.8712868Z 
2026-10-03T08:10:20.8712949Z WAITQUIET-OK
2026-10-03T08:10:20.8713052Z 
2026-10-03T08:10:20.8713055Z 
2026-10-03T08:10:20.8713138Z WEDGE-CHECK-SKIP
2026-10-03T08:10:20.8713251Z 
2026-10-03T08:10:20.8713254Z 
2026-10-03T08:10:20.8713337Z ADVCMD-LEAF-FAIL
2026-10-03T08:10:20.8713454Z 
2026-10-03T08:10:20.8713457Z 
2026-10-03T08:10:20.8713569Z NEXTBSD-TEST-SUMMARY ok=80 fail=1 skip=6
2026-10-03T08:10:20.8713762Z 
2026-10-03T08:10:20.8713766Z 
2026-10-03T08:10:20.8713845Z admin@selftest ~ % 
2026-10-03T08:10:20.8714044Z OK: ACCT-HELPERS
2026-10-03T08:10:20.8714163Z 
2026-10-03T08:10:20.8714245Z OK: ACCT-LIFECYCLE
2026-10-03T08:10:20.8714376Z 
2026-10-03T08:10:20.8714885Z FAIL: ADVCMD-LEAF — pending T3 audit; live arms: monolith t=fail/f=fail/s=continue
2026-10-03T08:10:20.8762072Z NEXTBSD-TEST-SUMMARY ok=80 fail=1 skip=6
2026-10-03T08:10:20.8763620Z ==> boot-test FAILED rc=1 (arch=amd64 suite=/usr/tests/freebsd-launchd-mach/run.sh)
2026-10-03T08:10:20.8764437Z     serial transcript: tests/boot.log
2026-10-03T08:10:20.8765233Z SELFTEST OK:   case fail (rc=1)
2026-10-03T08:10:20.8766073Z ==> case: nosummary (suite: /usr/tests/freebsd-launchd-mach/run.sh) — expect rc 2
2026-10-03T08:10:20.8796355Z ==> boot test: tests/fake.img
2026-10-03T08:10:20.8807197Z -rw-r--r-- 1 runner runner 0 Oct  3 08:10 tests/fake.img
2026-10-03T08:10:20.8881760Z ==> using KVM acceleration
2026-10-03T08:10:20.8882235Z ==> amd64: qemu-system-x86_64 -machine q35 | firmware 
2026-10-03T08:10:20.9055708Z spawn tclsh /home/runner/work/nextbsd-ci/nextbsd-ci/selftest/mock-guest.tcl
2026-10-03T08:10:20.9101787Z FreeBSD/amd64 EFI loader, Revision 3.0
2026-10-03T08:10:20.9102368Z 
2026-10-03T08:10:20.9102376Z 
2026-10-03T08:10:20.9102519Z Loading /boot/loader.conf
2026-10-03T08:10:20.9102683Z 
2026-10-03T08:10:20.9102686Z 
2026-10-03T08:10:20.9102876Z Hit [Enter] to boot immediately, or any other key for command prompt.
2026-10-03T08:10:20.9103157Z 
2026-10-03T08:10:20.9103166Z 
2026-10-03T08:10:20.9103257Z OK 
2026-10-03T08:10:20.9103441Z ==> at loader prompt
2026-10-03T08:10:22.0934277Z  set console=comconsole
2026-10-03T08:10:22.0934676Z OK set console=comconsole
2026-10-03T08:10:22.0934887Z 
2026-10-03T08:10:22.0934892Z 
2026-10-03T08:10:23.1561986Z OK set boot_serial=YES
2026-10-03T08:10:23.1562670Z OK set boot_serial=YES
2026-10-03T08:10:23.1562926Z 
2026-10-03T08:10:23.1562932Z 
2026-10-03T08:10:24.5401470Z OK set comconsole_speed=115200
2026-10-03T08:10:24.5402102Z OK set comconsole_speed=115200
2026-10-03T08:10:24.5402410Z 
2026-10-03T08:10:24.5402415Z 
2026-10-03T08:10:25.7233951Z OK set boot_multicons=YES
2026-10-03T08:10:25.7234647Z OK set boot_multicons=YES
2026-10-03T08:10:25.7234942Z 
2026-10-03T08:10:25.7234949Z 
2026-10-03T08:10:26.8262478Z OK set boot_mutemsgs=NO
2026-10-03T08:10:26.8263099Z OK set boot_mutemsgs=NO
2026-10-03T08:10:26.8263404Z 
2026-10-03T08:10:26.8263409Z 
2026-10-03T08:10:27.4077818Z OK boot -v
2026-10-03T08:10:27.4078241Z Booting [/boot/kernel/kernel]
2026-10-03T08:10:27.4078761Z 
2026-10-03T08:10:27.4078767Z 
2026-10-03T08:10:27.4078880Z ---<<BOOT>>---
2026-10-03T08:10:27.4079028Z 
2026-10-03T08:10:27.4079031Z 
2026-10-03T08:10:27.4079177Z Copyright (c) 1992-2025 The FreeBSD Project.
2026-10-03T08:10:27.4079425Z 
2026-10-03T08:10:27.4079435Z 
2026-10-03T08:10:27.4079553Z early-init: sethostname('selftest')
2026-10-03T08:10:27.4079767Z 
2026-10-03T08:10:27.4079771Z 
2026-10-03T08:10:27.4079964Z early-init: opened /dev/klog (kernel.log_open=1; console quiet)
2026-10-03T08:10:27.4080279Z 
2026-10-03T08:10:27.4080282Z 
2026-10-03T08:10:27.4080394Z NextBSD/amd64 (selftest) (console)
2026-10-03T08:10:27.4080611Z 
2026-10-03T08:10:27.4080614Z 
2026-10-03T08:10:27.4081370Z 
2026-10-03T08:10:27.4082073Z OK: BOOT-BANNER-OK — getty shows the synthesized hostname 'selftest'
2026-10-03T08:10:27.7081550Z login:
2026-10-03T08:10:27.7081890Z 
2026-10-03T08:10:27.7081900Z 
2026-10-03T08:10:27.7081906Z 
2026-10-03T08:10:27.7082139Z OK: boot reached the login prompt
2026-10-03T08:10:27.7082909Z admin
2026-10-03T08:10:27.7083388Z Password:
2026-10-03T08:10:27.7083623Z 
2026-10-03T08:10:27.7083630Z 
2026-10-03T08:10:27.7083647Z 
2026-10-03T08:10:27.7084868Z admin@selftest ~ % 
2026-10-03T08:10:27.7085522Z OK: logged in as admin
2026-10-03T08:10:27.7089366Z ==> running on-image suite: /usr/tests/freebsd-launchd-mach/run.sh
2026-10-03T08:10:27.7102334Z r() { if [ "$(id -u)" = 0 ]; then "$@"; else sudo "$@"; fi; }
2026-10-03T08:10:27.7103095Z admin@selftest ~ % r /usr/tests/freebsd-launchd-mach/run.sh
2026-10-03T08:10:27.7103661Z ACCT-HELPERS-OK
2026-10-03T08:10:27.7103887Z 
2026-10-03T08:10:27.7103893Z 
2026-10-03T08:10:27.7104049Z ACCT-LIFECYCLE-OK
2026-10-03T08:10:27.7104257Z 
2026-10-03T08:10:27.7104263Z 
2026-10-03T08:10:27.7104394Z ADVCMD-LEAF-OK
2026-10-03T08:10:27.7104578Z 
2026-10-03T08:10:27.7104583Z 
2026-10-03T08:10:27.7104733Z ASLMANAGER-DEMAND-SKIP
2026-10-03T08:10:27.7104960Z 
2026-10-03T08:10:27.7104965Z 
2026-10-03T08:10:27.7105101Z BOOT-BANNER-SKIP
2026-10-03T08:10:27.7105316Z 
2026-10-03T08:10:27.7105322Z 
2026-10-03T08:10:27.7105450Z BOOTSTRAP-OK
2026-10-03T08:10:27.7105634Z 
2026-10-03T08:10:27.7105639Z 
2026-10-03T08:10:27.7105775Z BOOTSTRAP-REMOTE-OK
2026-10-03T08:10:27.7105989Z 
2026-10-03T08:10:27.7105994Z 
2026-10-03T08:10:27.7106118Z BUSYSTATE-OK
2026-10-03T08:10:27.7106315Z 
2026-10-03T08:10:27.7106320Z 
2026-10-03T08:10:27.7106476Z CONFIGD-LIST-OK
2026-10-03T08:10:27.7106599Z 
2026-10-03T08:10:27.7106602Z 
2026-10-03T08:10:27.7106687Z CONFIGD-MULTI-OK
2026-10-03T08:10:27.7107070Z 
2026-10-03T08:10:27.7107074Z 
2026-10-03T08:10:27.7107229Z CONFIGD-NOTIFY-OK
2026-10-03T08:10:27.7107441Z 
2026-10-03T08:10:27.7107752Z 
2026-10-03T08:10:27.7107896Z CONFIGD-PATTERN-OK
2026-10-03T08:10:27.7108115Z 
2026-10-03T08:10:27.7108120Z 
2026-10-03T08:10:27.7108211Z CONFIGD-STORE-OK
2026-10-03T08:10:27.7108342Z 
2026-10-03T08:10:27.7108345Z 
2026-10-03T08:10:27.7108424Z COREFOUNDATION-OK
2026-10-03T08:10:27.7108557Z 
2026-10-03T08:10:27.7108560Z 
2026-10-03T08:10:27.7108648Z DA-BOOT-OK
2026-10-03T08:10:27.7108756Z 
2026-10-03T08:10:27.7108759Z 
2026-10-03T08:10:27.7108843Z DA-IOKIT-OK
2026-10-03T08:10:27.7108946Z 
2026-10-03T08:10:27.7108949Z 
2026-10-03T08:10:27.7109032Z DAEMON-STATE-OK
2026-10-03T08:10:27.7109156Z 
2026-10-03T08:10:27.7109159Z 
2026-10-03T08:10:27.7109234Z DOMAIN-DIRS-OK
2026-10-03T08:10:27.7109354Z 
2026-10-03T08:10:27.7109358Z 
2026-10-03T08:10:27.7109447Z EVFILT-MACHPORT-SKIP
2026-10-03T08:10:27.7109590Z 
2026-10-03T08:10:27.7109593Z 
2026-10-03T08:10:27.7109697Z EVFILT-MACHPORT-CONCURRENT-OK
2026-10-03T08:10:27.7109865Z 
2026-10-03T08:10:27.7109867Z 
2026-10-03T08:10:27.7109947Z FBSDGLUE-OK
2026-10-03T08:10:27.7110057Z 
2026-10-03T08:10:27.7110059Z 
2026-10-03T08:10:27.7110143Z FILECMD-LEAF-OK
2026-10-03T08:10:27.7110257Z 
2026-10-03T08:10:27.7110260Z 
2026-10-03T08:10:27.7110337Z GETTY-OK
2026-10-03T08:10:27.7110438Z 
2026-10-03T08:10:27.7110441Z 
2026-10-03T08:10:27.7110514Z HOMEDIR-OK
2026-10-03T08:10:27.7110618Z 
2026-10-03T08:10:27.7110621Z 
2026-10-03T08:10:27.7110831Z HOST-BOOTSTRAP-OK
2026-10-03T08:10:27.7110968Z 
2026-10-03T08:10:27.7110971Z 
2026-10-03T08:10:27.7111046Z HOSTNAMED-OK
2026-10-03T08:10:27.7111161Z 
2026-10-03T08:10:27.7111164Z 
2026-10-03T08:10:27.7111267Z HOSTNAMED-BONJOUR-RENAME-SKIP
2026-10-03T08:10:27.7111425Z 
2026-10-03T08:10:27.7111428Z 
2026-10-03T08:10:27.7111517Z HOSTNAMED-DHCP-OK
2026-10-03T08:10:27.7111632Z 
2026-10-03T08:10:27.7111635Z 
2026-10-03T08:10:27.7111724Z HOSTNAMED-MDNS-SKIP
2026-10-03T08:10:27.7111851Z 
2026-10-03T08:10:27.7111855Z 
2026-10-03T08:10:27.7111936Z HOSTNAMED-PREFS-OK
2026-10-03T08:10:27.7112064Z 
2026-10-03T08:10:27.7112067Z 
2026-10-03T08:10:27.7112146Z IPCFG-ARP-OK
2026-10-03T08:10:27.7112258Z 
2026-10-03T08:10:27.7112261Z 
2026-10-03T08:10:27.7112337Z IPCFG-BOOT-OK
2026-10-03T08:10:27.7112449Z 
2026-10-03T08:10:27.7112453Z 
2026-10-03T08:10:27.7112536Z IPCFG-BOUND-OK
2026-10-03T08:10:27.7112645Z 
2026-10-03T08:10:27.7112648Z 
2026-10-03T08:10:27.7112729Z IPCFG-DHCP-OK
2026-10-03T08:10:27.7112833Z 
2026-10-03T08:10:27.7112842Z 
2026-10-03T08:10:27.7112926Z IPCFG-IPCONFIG-OK
2026-10-03T08:10:27.7113041Z 
2026-10-03T08:10:27.7113051Z 
2026-10-03T08:10:27.7113124Z IPCFG-RA-OK
2026-10-03T08:10:27.7113230Z 
2026-10-03T08:10:27.7113234Z 
2026-10-03T08:10:27.7113309Z IPCFG-RENEW-OK
2026-10-03T08:10:27.7113429Z 
2026-10-03T08:10:27.7113432Z 
2026-10-03T08:10:27.7113507Z IPCFG-RPC-OK
2026-10-03T08:10:27.7113615Z 
2026-10-03T08:10:27.7113618Z 
2026-10-03T08:10:27.7113702Z IPCFG-STORE-OK
2026-10-03T08:10:27.7113809Z 
2026-10-03T08:10:27.7113812Z 
2026-10-03T08:10:27.7113889Z KEM-LINK-OK
2026-10-03T08:10:27.7113987Z 
2026-10-03T08:10:27.7113991Z 
2026-10-03T08:10:27.7114078Z LAUNCHCTL-BUILD-OK
2026-10-03T08:10:27.7114193Z 
2026-10-03T08:10:27.7114206Z 
2026-10-03T08:10:27.7114282Z LAUNCHCTL-LIST-OK
2026-10-03T08:10:27.7114399Z 
2026-10-03T08:10:27.7114402Z 
2026-10-03T08:10:27.7114484Z LAUNCHD-BUILD-OK
2026-10-03T08:10:27.7114601Z 
2026-10-03T08:10:27.7114604Z 
2026-10-03T08:10:27.7114681Z LIBDISPATCH-OK
2026-10-03T08:10:27.7114800Z 
2026-10-03T08:10:27.7114803Z 
2026-10-03T08:10:27.7114890Z LIBDISPATCH-MACH-OK
2026-10-03T08:10:27.7115011Z 
2026-10-03T08:10:27.7115014Z 
2026-10-03T08:10:27.7115092Z LIBDS-OK
2026-10-03T08:10:27.7115188Z 
2026-10-03T08:10:27.7115191Z 
2026-10-03T08:10:27.7115277Z LIBSYSTEM-KERNEL-OK
2026-10-03T08:10:27.7115397Z 
2026-10-03T08:10:27.7115400Z 
2026-10-03T08:10:27.7115479Z LIBXPC-OK
2026-10-03T08:10:27.7115582Z 
2026-10-03T08:10:27.7115585Z 
2026-10-03T08:10:27.7115661Z LINUX-MOUNTS-OK
2026-10-03T08:10:27.7115776Z 
2026-10-03T08:10:27.7115779Z 
2026-10-03T08:10:27.7115856Z MACH-PORT-OK
2026-10-03T08:10:27.7115965Z 
2026-10-03T08:10:27.7116059Z 
2026-10-03T08:10:27.7116141Z MACH-SMOKE-OK
2026-10-03T08:10:27.7116248Z 
2026-10-03T08:10:27.7116251Z 
2026-10-03T08:10:27.7116329Z MDNS-BOOT-OK
2026-10-03T08:10:27.7116429Z 
2026-10-03T08:10:27.7116432Z 
2026-10-03T08:10:27.7116510Z MDNS-DNSSD-OK
2026-10-03T08:10:27.7116613Z 
2026-10-03T08:10:27.7116616Z 
2026-10-03T08:10:27.7116695Z MDNS-ENGINE-OK
2026-10-03T08:10:27.7117067Z 
2026-10-03T08:10:27.7117070Z 
2026-10-03T08:10:27.7117153Z MDNS-IFWATCH-OK
2026-10-03T08:10:27.7117274Z 
2026-10-03T08:10:27.7117278Z 
2026-10-03T08:10:27.7117352Z MDNS-STATIC-OK
2026-10-03T08:10:27.7117463Z 
2026-10-03T08:10:27.7117466Z 
2026-10-03T08:10:27.7117548Z MIG-BUILD-OK
2026-10-03T08:10:27.7117650Z 
2026-10-03T08:10:27.7117653Z 
2026-10-03T08:10:27.7117727Z NFS-OK
2026-10-03T08:10:27.7117821Z 
2026-10-03T08:10:27.7117824Z 
2026-10-03T08:10:27.7117908Z NOTIFYD-PROC-OK
2026-10-03T08:10:27.7118019Z 
2026-10-03T08:10:27.7118022Z 
2026-10-03T08:10:27.7118098Z NSS-DS-OK
2026-10-03T08:10:27.7118203Z 
2026-10-03T08:10:27.7118212Z 
2026-10-03T08:10:27.7118282Z NTP-OK
2026-10-03T08:10:27.7118383Z 
2026-10-03T08:10:27.7118386Z 
2026-10-03T08:10:27.7118460Z SC-BOND-OK
2026-10-03T08:10:27.7118565Z 
2026-10-03T08:10:27.7118568Z 
2026-10-03T08:10:27.7118642Z SC-BRIDGE-OK
2026-10-03T08:10:27.7118753Z 
2026-10-03T08:10:27.7118757Z 
2026-10-03T08:10:27.7118833Z SC-LOCK-OK
2026-10-03T08:10:27.7119057Z 
2026-10-03T08:10:27.7119062Z 
2026-10-03T08:10:27.7119146Z SC-MULTI-OK
2026-10-03T08:10:27.7119250Z 
2026-10-03T08:10:27.7119253Z 
2026-10-03T08:10:27.7119329Z SC-NETIF-OK
2026-10-03T08:10:27.7119432Z 
2026-10-03T08:10:27.7119435Z 
2026-10-03T08:10:27.7119508Z SC-NETSET-OK
2026-10-03T08:10:27.7119617Z 
2026-10-03T08:10:27.7119620Z 
2026-10-03T08:10:27.7119691Z SC-NETSVC-OK
2026-10-03T08:10:27.7119799Z 
2026-10-03T08:10:27.7119802Z 
2026-10-03T08:10:27.7119874Z SC-NOTIFY-OK
2026-10-03T08:10:27.7119984Z 
2026-10-03T08:10:27.7119987Z 
2026-10-03T08:10:27.7120071Z SC-PATH-OK
2026-10-03T08:10:27.7120172Z 
2026-10-03T08:10:27.7120176Z 
2026-10-03T08:10:27.7120262Z SC-PLINK-OK
2026-10-03T08:10:27.7120360Z 
2026-10-03T08:10:27.7120363Z 
2026-10-03T08:10:27.7120449Z SC-PNOTIFY-OK
2026-10-03T08:10:27.7120554Z 
2026-10-03T08:10:27.7120564Z 
2026-10-03T08:10:27.7120636Z SC-PREFS-OK
2026-10-03T08:10:27.7120739Z 
2026-10-03T08:10:27.7120742Z 
2026-10-03T08:10:27.7120817Z SC-RUNLOOP-OK
2026-10-03T08:10:27.7120930Z 
2026-10-03T08:10:27.7120938Z 
2026-10-03T08:10:27.7121015Z SC-STORE-OK
2026-10-03T08:10:27.7121121Z 
2026-10-03T08:10:27.7121125Z 
2026-10-03T08:10:27.7121202Z SC-VLAN-OK
2026-10-03T08:10:27.7121299Z 
2026-10-03T08:10:27.7121302Z 
2026-10-03T08:10:27.7121390Z SERVICE-LDCONFIG-OK
2026-10-03T08:10:27.7121514Z 
2026-10-03T08:10:27.7121518Z 
2026-10-03T08:10:27.7121602Z SHELLCMD-LEAF-OK
2026-10-03T08:10:27.7121717Z 
2026-10-03T08:10:27.7121725Z 
2026-10-03T08:10:27.7121796Z SUDO-OK
2026-10-03T08:10:27.7121896Z 
2026-10-03T08:10:27.7121899Z 
2026-10-03T08:10:27.7121974Z SYSCMD-LEAF-OK
2026-10-03T08:10:27.7122090Z 
2026-10-03T08:10:27.7122093Z 
2026-10-03T08:10:27.7122169Z SYSLOG-RUN-OK
2026-10-03T08:10:27.7122281Z 
2026-10-03T08:10:27.7122284Z 
2026-10-03T08:10:27.7122366Z SYSLOGD-PROC-OK
2026-10-03T08:10:27.7122480Z 
2026-10-03T08:10:27.7122483Z 
2026-10-03T08:10:27.7122572Z TASK-SPECIAL-PORT-OK
2026-10-03T08:10:27.7122701Z 
2026-10-03T08:10:27.7122704Z 
2026-10-03T08:10:27.7122784Z TEXTCMD-LEAF-OK
2026-10-03T08:10:27.7122901Z 
2026-10-03T08:10:27.7122904Z 
2026-10-03T08:10:27.7122986Z WAITQUIET-OK
2026-10-03T08:10:27.7123097Z 
2026-10-03T08:10:27.7123100Z 
2026-10-03T08:10:27.7123177Z WEDGE-CHECK-SKIP
2026-10-03T08:10:27.7123297Z 
2026-10-03T08:10:27.7123300Z 
2026-10-03T08:10:27.7123377Z ADVCMD-LEAF-OK
2026-10-03T08:10:27.7123502Z 
2026-10-03T08:10:27.7123505Z 
2026-10-03T08:10:27.7123591Z admin@selftest ~ % 
2026-10-03T08:10:27.7123789Z OK: ACCT-HELPERS
2026-10-03T08:10:27.7123900Z 
2026-10-03T08:10:27.7123985Z OK: ACCT-LIFECYCLE
2026-10-03T08:10:27.7124109Z 
2026-10-03T08:10:27.7124190Z OK: ADVCMD-LEAF
2026-10-03T08:10:27.7124297Z 
2026-10-03T08:10:27.7124505Z OK: ADVCMD-LEAF
2026-10-03T08:10:47.7109570Z 
2026-10-03T08:10:47.7111404Z FAIL: /usr/tests/freebsd-launchd-mach/run.sh printed no NEXTBSD-TEST-SUMMARY within the 20s budget (no sentinel — the suite hung or died)
2026-10-03T08:10:47.7143242Z no NEXTBSD-TEST-SUMMARY in tests/boot.log
2026-10-03T08:10:47.7154280Z ==> boot-test FAILED rc=2 (arch=amd64 suite=/usr/tests/freebsd-launchd-mach/run.sh)
2026-10-03T08:10:47.7155059Z     serial transcript: tests/boot.log
2026-10-03T08:10:47.7156377Z SELFTEST OK:   case nosummary (rc=2)
2026-10-03T08:10:47.7157333Z ==> case: deadend (suite: /usr/tests/freebsd-launchd-mach/run.sh) — expect rc 2
2026-10-03T08:10:47.7188479Z ==> boot test: tests/fake.img
2026-10-03T08:10:47.7199221Z -rw-r--r-- 1 runner runner 0 Oct  3 08:10 tests/fake.img
2026-10-03T08:10:47.7273272Z ==> using KVM acceleration
2026-10-03T08:10:47.7273611Z ==> amd64: qemu-system-x86_64 -machine q35 | firmware 
2026-10-03T08:10:47.7452654Z spawn tclsh /home/runner/work/nextbsd-ci/nextbsd-ci/selftest/mock-guest.tcl
2026-10-03T08:10:47.7500527Z FreeBSD/amd64 EFI loader, Revision 3.0
2026-10-03T08:10:47.7500913Z 
2026-10-03T08:10:47.7500918Z 
2026-10-03T08:10:47.7501076Z Loading /boot/loader.conf
2026-10-03T08:10:47.7501342Z 
2026-10-03T08:10:47.7501347Z 
2026-10-03T08:10:47.7501683Z Hit [Enter] to boot immediately, or any other key for command prompt.
2026-10-03T08:10:47.7502666Z 
2026-10-03T08:10:47.7502676Z 
2026-10-03T08:10:47.7502843Z OK 
2026-10-03T08:10:47.7503217Z ==> at loader prompt
2026-10-03T08:10:48.9341093Z  set console=comconsole
2026-10-03T08:10:48.9341763Z OK set console=comconsole
2026-10-03T08:10:48.9342077Z 
2026-10-03T08:10:48.9342083Z 
2026-10-03T08:10:49.9975984Z OK set boot_serial=YES
2026-10-03T08:10:49.9976705Z OK set boot_serial=YES
2026-10-03T08:10:49.9977240Z 
2026-10-03T08:10:49.9977247Z 
2026-10-03T08:10:51.3825264Z OK set comconsole_speed=115200
2026-10-03T08:10:51.3828122Z OK set comconsole_speed=115200
2026-10-03T08:10:51.3828613Z 
2026-10-03T08:10:51.3828623Z 
2026-10-03T08:10:52.5666314Z OK set boot_multicons=YES
2026-10-03T08:10:52.5667253Z OK set boot_multicons=YES
2026-10-03T08:10:52.5667644Z 
2026-10-03T08:10:52.5667650Z 
2026-10-03T08:10:53.6702742Z OK set boot_mutemsgs=NO
2026-10-03T08:10:53.6703461Z OK set boot_mutemsgs=NO
2026-10-03T08:10:53.6703861Z 
2026-10-03T08:10:53.6703869Z 
2026-10-03T08:10:54.2521968Z OK boot -v
2026-10-03T08:10:54.2522586Z Booting [/boot/kernel/kernel]
2026-10-03T08:10:54.2523006Z 
2026-10-03T08:10:54.2523015Z 
2026-10-03T08:10:54.2523221Z ---<<BOOT>>---
2026-10-03T08:10:54.2523515Z 
2026-10-03T08:10:54.2523533Z 
2026-10-03T08:10:54.2523807Z Copyright (c) 1992-2025 The FreeBSD Project.
2026-10-03T08:10:54.2524324Z 
2026-10-03T08:10:54.2524332Z 
2026-10-03T08:10:54.2524580Z early-init: sethostname('selftest')
2026-10-03T08:10:54.2525051Z 
2026-10-03T08:10:54.2525059Z 
2026-10-03T08:10:54.2525513Z early-init: opened /dev/klog (kernel.log_open=1; console quiet)
2026-10-03T08:10:54.2526121Z 
2026-10-03T08:10:54.2526127Z 
2026-10-03T08:10:54.2526345Z NextBSD/amd64 (selftest) (console)
2026-10-03T08:10:54.2526726Z 
2026-10-03T08:10:54.2526994Z 
2026-10-03T08:10:54.2527007Z 
2026-10-03T08:10:54.2527794Z OK: BOOT-BANNER-OK — getty shows the synthesized hostname 'selftest'
2026-10-03T08:10:54.5527207Z login:
2026-10-03T08:10:54.5527586Z 
2026-10-03T08:10:54.5527593Z 
2026-10-03T08:10:54.5527602Z 
2026-10-03T08:10:54.5527910Z OK: boot reached the login prompt
2026-10-03T08:10:54.5528594Z admin
2026-10-03T08:10:54.5529076Z Password:
2026-10-03T08:10:54.5529356Z 
2026-10-03T08:10:54.5529363Z 
2026-10-03T08:10:54.5529814Z 
2026-10-03T08:10:54.5530566Z admin@selftest ~ % 
2026-10-03T08:10:54.5530998Z OK: logged in as admin
2026-10-03T08:10:54.5533351Z ==> running on-image suite: /usr/tests/freebsd-launchd-mach/run.sh
2026-10-03T08:10:54.5544446Z r() { if [ "$(id -u)" = 0 ]; then "$@"; else sudo "$@"; fi; }
2026-10-03T08:10:54.5545098Z admin@selftest ~ % r /usr/tests/freebsd-launchd-mach/run.sh
2026-10-03T08:10:54.5545619Z ACCT-HELPERS-OK
2026-10-03T08:10:54.5546085Z 
2026-10-03T08:10:54.5546089Z 
2026-10-03T08:10:54.5546100Z 
2026-10-03T08:10:54.5546189Z OK: ACCT-HELPERS
2026-10-03T08:10:54.5547200Z 
2026-10-03T08:10:54.5548493Z FAIL: ADVCMD-LEAF — must-pass marker never emitted (suite did not reach it, or the image predates the capability; overlay to warn if that is expected)
2026-10-03T08:10:54.5549605Z 
2026-10-03T08:10:54.5550630Z FAIL: BOOTSTRAP — must-pass marker never emitted (suite did not reach it, or the image predates the capability; overlay to warn if that is expected)
2026-10-03T08:10:54.5551550Z 
2026-10-03T08:10:54.5552573Z FAIL: BOOTSTRAP-REMOTE — must-pass marker never emitted (suite did not reach it, or the image predates the capability; overlay to warn if that is expected)
2026-10-03T08:10:54.5553555Z 
2026-10-03T08:10:54.5554522Z FAIL: BUSYSTATE — must-pass marker never emitted (suite did not reach it, or the image predates the capability; overlay to warn if that is expected)
2026-10-03T08:10:54.5555493Z 
2026-10-03T08:10:54.5556447Z FAIL: CONFIGD-LIST — must-pass marker never emitted (suite did not reach it, or the image predates the capability; overlay to warn if that is expected)
2026-10-03T08:10:54.5557829Z 
2026-10-03T08:10:54.5558805Z FAIL: CONFIGD-MULTI — must-pass marker never emitted (suite did not reach it, or the image predates the capability; overlay to warn if that is expected)
2026-10-03T08:10:54.5560075Z 
2026-10-03T08:10:54.5561220Z FAIL: CONFIGD-NOTIFY — must-pass marker never emitted (suite did not reach it, or the image predates the capability; overlay to warn if that is expected)
2026-10-03T08:10:54.5562234Z 
2026-10-03T08:10:54.5563243Z FAIL: CONFIGD-PATTERN — must-pass marker never emitted (suite did not reach it, or the image predates the capability; overlay to warn if that is expected)
2026-10-03T08:10:54.5564217Z 
2026-10-03T08:10:54.5565172Z FAIL: CONFIGD-STORE — must-pass marker never emitted (suite did not reach it, or the image predates the capability; overlay to warn if that is expected)
2026-10-03T08:10:54.5566123Z 
2026-10-03T08:10:54.5566694Z FAIL: COREFOUNDATION — must-pass marker never emitted (suite did not reach it, or the image predates the capability; overlay to warn if that is expected)
2026-10-03T08:10:54.5567553Z 
2026-10-03T08:10:54.5568093Z FAIL: DA-BOOT — must-pass marker never emitted (suite did not reach it, or the image predates the capability; overlay to warn if that is expected)
2026-10-03T08:10:54.5568612Z 
2026-10-03T08:10:54.5569129Z FAIL: DOMAIN-DIRS — must-pass marker never emitted (suite did not reach it, or the image predates the capability; overlay to warn if that is expected)
2026-10-03T08:10:54.5569660Z 
2026-10-03T08:10:54.5570158Z FAIL: FBSDGLUE — must-pass marker never emitted (suite did not reach it, or the image predates the capability; overlay to warn if that is expected)
2026-10-03T08:10:54.5570667Z 
2026-10-03T08:10:54.5571184Z FAIL: FILECMD-LEAF — must-pass marker never emitted (suite did not reach it, or the image predates the capability; overlay to warn if that is expected)
2026-10-03T08:10:54.5571708Z 
2026-10-03T08:10:54.5572271Z FAIL: HOST-BOOTSTRAP — must-pass marker never emitted (suite did not reach it, or the image predates the capability; overlay to warn if that is expected)
2026-10-03T08:10:54.5572813Z 
2026-10-03T08:10:54.5573331Z FAIL: HOSTNAMED — must-pass marker never emitted (suite did not reach it, or the image predates the capability; overlay to warn if that is expected)
2026-10-03T08:10:54.5573848Z 
2026-10-03T08:10:54.5574715Z FAIL: HOSTNAMED-DHCP — must-pass marker never emitted (suite did not reach it, or the image predates the capability; overlay to warn if that is expected)
2026-10-03T08:10:54.5575693Z 
2026-10-03T08:10:54.5576739Z FAIL: HOSTNAMED-PREFS — must-pass marker never emitted (suite did not reach it, or the image predates the capability; overlay to warn if that is expected)
2026-10-03T08:10:54.5578033Z 
2026-10-03T08:10:54.5579113Z FAIL: IPCFG-ARP — must-pass marker never emitted (suite did not reach it, or the image predates the capability; overlay to warn if that is expected)
2026-10-03T08:10:54.5580341Z 
2026-10-03T08:10:54.5581371Z FAIL: IPCFG-BOOT — must-pass marker never emitted (suite did not reach it, or the image predates the capability; overlay to warn if that is expected)
2026-10-03T08:10:54.5582355Z 
2026-10-03T08:10:54.5583362Z FAIL: IPCFG-BOUND — must-pass marker never emitted (suite did not reach it, or the image predates the capability; overlay to warn if that is expected)
2026-10-03T08:10:54.5584334Z 
2026-10-03T08:10:54.5585313Z FAIL: IPCFG-DHCP — must-pass marker never emitted (suite did not reach it, or the image predates the capability; overlay to warn if that is expected)
2026-10-03T08:10:54.5585898Z 
2026-10-03T08:10:54.5586442Z FAIL: IPCFG-IPCONFIG — must-pass marker never emitted (suite did not reach it, or the image predates the capability; overlay to warn if that is expected)
2026-10-03T08:10:54.5587429Z 
2026-10-03T08:10:54.5588414Z FAIL: IPCFG-RA — must-pass marker never emitted (suite did not reach it, or the image predates the capability; overlay to warn if that is expected)
2026-10-03T08:10:54.5589321Z 
2026-10-03T08:10:54.5590171Z FAIL: IPCFG-RENEW — must-pass marker never emitted (suite did not reach it, or the image predates the capability; overlay to warn if that is expected)
2026-10-03T08:10:54.5590843Z 
2026-10-03T08:10:54.5591945Z FAIL: IPCFG-RPC — must-pass marker never emitted (suite did not reach it, or the image predates the capability; overlay to warn if that is expected)
2026-10-03T08:10:54.5592475Z 
2026-10-03T08:10:54.5592995Z FAIL: IPCFG-STORE — must-pass marker never emitted (suite did not reach it, or the image predates the capability; overlay to warn if that is expected)
2026-10-03T08:10:54.5593519Z 
2026-10-03T08:10:54.5594034Z FAIL: KEM-LINK — must-pass marker never emitted (suite did not reach it, or the image predates the capability; overlay to warn if that is expected)
2026-10-03T08:10:54.5594564Z 
2026-10-03T08:10:54.5595125Z FAIL: LAUNCHCTL-BUILD — must-pass marker never emitted (suite did not reach it, or the image predates the capability; overlay to warn if that is expected)
2026-10-03T08:10:54.5595687Z 
2026-10-03T08:10:54.5596215Z FAIL: LAUNCHCTL-LIST — must-pass marker never emitted (suite did not reach it, or the image predates the capability; overlay to warn if that is expected)
2026-10-03T08:10:54.5596756Z 
2026-10-03T08:10:54.5597612Z FAIL: LAUNCHD-BUILD — must-pass marker never emitted (suite did not reach it, or the image predates the capability; overlay to warn if that is expected)
2026-10-03T08:10:54.5598170Z 
2026-10-03T08:10:54.5598698Z FAIL: LIBDISPATCH — must-pass marker never emitted (suite did not reach it, or the image predates the capability; overlay to warn if that is expected)
2026-10-03T08:10:54.5599219Z 
2026-10-03T08:10:54.5599771Z FAIL: LIBDISPATCH-MACH — must-pass marker never emitted (suite did not reach it, or the image predates the capability; overlay to warn if that is expected)
2026-10-03T08:10:54.5600320Z 
2026-10-03T08:10:54.5600866Z FAIL: LIBSYSTEM-KERNEL — must-pass marker never emitted (suite did not reach it, or the image predates the capability; overlay to warn if that is expected)
2026-10-03T08:10:54.5601430Z 
2026-10-03T08:10:54.5601933Z FAIL: LIBXPC — must-pass marker never emitted (suite did not reach it, or the image predates the capability; overlay to warn if that is expected)
2026-10-03T08:10:54.5602444Z 
2026-10-03T08:10:54.5602973Z FAIL: LINUX-MOUNTS — must-pass marker never emitted (suite did not reach it, or the image predates the capability; overlay to warn if that is expected)
2026-10-03T08:10:54.5603507Z 
2026-10-03T08:10:54.5604024Z FAIL: MACH-PORT — must-pass marker never emitted (suite did not reach it, or the image predates the capability; overlay to warn if that is expected)
2026-10-03T08:10:54.5604536Z 
2026-10-03T08:10:54.5605049Z FAIL: MACH-SMOKE — must-pass marker never emitted (suite did not reach it, or the image predates the capability; overlay to warn if that is expected)
2026-10-03T08:10:54.5605567Z 
2026-10-03T08:10:54.5606068Z FAIL: MDNS-BOOT — must-pass marker never emitted (suite did not reach it, or the image predates the capability; overlay to warn if that is expected)
2026-10-03T08:10:54.5606726Z 
2026-10-03T08:10:54.5607633Z FAIL: MDNS-DNSSD — must-pass marker never emitted (suite did not reach it, or the image predates the capability; overlay to warn if that is expected)
2026-10-03T08:10:54.5608311Z 
2026-10-03T08:10:54.5608846Z FAIL: MDNS-ENGINE — must-pass marker never emitted (suite did not reach it, or the image predates the capability; overlay to warn if that is expected)
2026-10-03T08:10:54.5609366Z 
2026-10-03T08:10:54.5609893Z FAIL: MDNS-IFWATCH — must-pass marker never emitted (suite did not reach it, or the image predates the capability; overlay to warn if that is expected)
2026-10-03T08:10:54.5610424Z 
2026-10-03T08:10:54.5610940Z FAIL: MIG-BUILD — must-pass marker never emitted (suite did not reach it, or the image predates the capability; overlay to warn if that is expected)
2026-10-03T08:10:54.5611461Z 
2026-10-03T08:10:54.5611998Z FAIL: NOTIFYD-PROC — must-pass marker never emitted (suite did not reach it, or the image predates the capability; overlay to warn if that is expected)
2026-10-03T08:10:54.5612534Z 
2026-10-03T08:10:54.5613031Z FAIL: SC-BOND — must-pass marker never emitted (suite did not reach it, or the image predates the capability; overlay to warn if that is expected)
2026-10-03T08:10:54.5613679Z 
2026-10-03T08:10:54.5614201Z FAIL: SC-BRIDGE — must-pass marker never emitted (suite did not reach it, or the image predates the capability; overlay to warn if that is expected)
2026-10-03T08:10:54.5614715Z 
2026-10-03T08:10:54.5615226Z FAIL: SC-LOCK — must-pass marker never emitted (suite did not reach it, or the image predates the capability; overlay to warn if that is expected)
2026-10-03T08:10:54.5615755Z 
2026-10-03T08:10:54.5616267Z FAIL: SC-MULTI — must-pass marker never emitted (suite did not reach it, or the image predates the capability; overlay to warn if that is expected)
2026-10-03T08:10:54.5617010Z 
2026-10-03T08:10:54.5617535Z FAIL: SC-NETIF — must-pass marker never emitted (suite did not reach it, or the image predates the capability; overlay to warn if that is expected)
2026-10-03T08:10:54.5618053Z 
2026-10-03T08:10:54.5618587Z FAIL: SC-NETSET — must-pass marker never emitted (suite did not reach it, or the image predates the capability; overlay to warn if that is expected)
2026-10-03T08:10:54.5619107Z 
2026-10-03T08:10:54.5619614Z FAIL: SC-NETSVC — must-pass marker never emitted (suite did not reach it, or the image predates the capability; overlay to warn if that is expected)
2026-10-03T08:10:54.5620123Z 
2026-10-03T08:10:54.5620627Z FAIL: SC-NOTIFY — must-pass marker never emitted (suite did not reach it, or the image predates the capability; overlay to warn if that is expected)
2026-10-03T08:10:54.5621143Z 
2026-10-03T08:10:54.5621640Z FAIL: SC-PATH — must-pass marker never emitted (suite did not reach it, or the image predates the capability; overlay to warn if that is expected)
2026-10-03T08:10:54.5622289Z 
2026-10-03T08:10:54.5623210Z FAIL: SC-PLINK — must-pass marker never emitted (suite did not reach it, or the image predates the capability; overlay to warn if that is expected)
2026-10-03T08:10:54.5624048Z 
2026-10-03T08:10:54.5624602Z FAIL: SC-PNOTIFY — must-pass marker never emitted (suite did not reach it, or the image predates the capability; overlay to warn if that is expected)
2026-10-03T08:10:54.5625124Z 
2026-10-03T08:10:54.5625628Z FAIL: SC-PREFS — must-pass marker never emitted (suite did not reach it, or the image predates the capability; overlay to warn if that is expected)
2026-10-03T08:10:54.5626135Z 
2026-10-03T08:10:54.5626652Z FAIL: SC-RUNLOOP — must-pass marker never emitted (suite did not reach it, or the image predates the capability; overlay to warn if that is expected)
2026-10-03T08:10:54.5627456Z 
2026-10-03T08:10:54.5627965Z FAIL: SC-STORE — must-pass marker never emitted (suite did not reach it, or the image predates the capability; overlay to warn if that is expected)
2026-10-03T08:10:54.5628685Z 
2026-10-03T08:10:54.5629193Z FAIL: SC-VLAN — must-pass marker never emitted (suite did not reach it, or the image predates the capability; overlay to warn if that is expected)
2026-10-03T08:10:54.5629695Z 
2026-10-03T08:10:54.5630250Z FAIL: SERVICE-LDCONFIG — must-pass marker never emitted (suite did not reach it, or the image predates the capability; overlay to warn if that is expected)
2026-10-03T08:10:54.5630808Z 
2026-10-03T08:10:54.5631342Z FAIL: SHELLCMD-LEAF — must-pass marker never emitted (suite did not reach it, or the image predates the capability; overlay to warn if that is expected)
2026-10-03T08:10:54.5631873Z 
2026-10-03T08:10:54.5632384Z FAIL: SYSCMD-LEAF — must-pass marker never emitted (suite did not reach it, or the image predates the capability; overlay to warn if that is expected)
2026-10-03T08:10:54.5632904Z 
2026-10-03T08:10:54.5633730Z FAIL: SYSLOG-RUN — must-pass marker never emitted (suite did not reach it, or the image predates the capability; overlay to warn if that is expected)
2026-10-03T08:10:54.5634764Z 
2026-10-03T08:10:54.5635461Z FAIL: SYSLOGD-PROC — must-pass marker never emitted (suite did not reach it, or the image predates the capability; overlay to warn if that is expected)
2026-10-03T08:10:54.5635991Z 
2026-10-03T08:10:54.5636707Z FAIL: TASK-SPECIAL-PORT — must-pass marker never emitted (suite did not reach it, or the image predates the capability; overlay to warn if that is expected)
2026-10-03T08:10:54.5637541Z 
2026-10-03T08:10:54.5638091Z FAIL: TEXTCMD-LEAF — must-pass marker never emitted (suite did not reach it, or the image predates the capability; overlay to warn if that is expected)
2026-10-03T08:10:54.5638618Z 
2026-10-03T08:10:54.5639127Z FAIL: WAITQUIET — must-pass marker never emitted (suite did not reach it, or the image predates the capability; overlay to warn if that is expected)
2026-10-03T08:10:54.5639655Z 
2026-10-03T08:10:54.5639804Z FAIL: 67 must-pass marker(s) missing from the suite output
2026-10-03T08:10:54.5640184Z no NEXTBSD-TEST-SUMMARY in tests/boot.log
2026-10-03T08:10:54.5640595Z ==> boot-test FAILED rc=1 (arch=amd64 suite=/usr/tests/freebsd-launchd-mach/run.sh)
2026-10-03T08:10:54.5641002Z     serial transcript: tests/boot.log
2026-10-03T08:10:54.5641360Z SELFTEST FAIL: case deadend — expected rc 2, got 1
2026-10-03T08:10:54.5641844Z ==> case: reboot (suite: /usr/tests/freebsd-launchd-mach/run.sh) — expect rc 1
2026-10-03T08:10:54.5642230Z ==> boot test: tests/fake.img
2026-10-03T08:10:54.5642513Z -rw-r--r-- 1 runner runner 0 Oct  3 08:10 tests/fake.img
2026-10-03T08:10:54.5711166Z ==> using KVM acceleration
2026-10-03T08:10:54.5711702Z ==> amd64: qemu-system-x86_64 -machine q35 | firmware 
2026-10-03T08:10:54.5892284Z spawn tclsh /home/runner/work/nextbsd-ci/nextbsd-ci/selftest/mock-guest.tcl
2026-10-03T08:10:54.5939131Z FreeBSD/amd64 EFI loader, Revision 3.0
2026-10-03T08:10:54.5939527Z 
2026-10-03T08:10:54.5939534Z 
2026-10-03T08:10:54.5939695Z Loading /boot/loader.conf
2026-10-03T08:10:54.5939877Z 
2026-10-03T08:10:54.5939911Z 
2026-10-03T08:10:54.5940102Z Hit [Enter] to boot immediately, or any other key for command prompt.
2026-10-03T08:10:54.5940417Z 
2026-10-03T08:10:54.5940421Z 
2026-10-03T08:10:54.5940495Z OK 
2026-10-03T08:10:54.5940688Z ==> at loader prompt
2026-10-03T08:10:55.7781516Z  set console=comconsole
2026-10-03T08:10:55.7781953Z OK set console=comconsole
2026-10-03T08:10:55.7782206Z 
2026-10-03T08:10:55.7782211Z 
2026-10-03T08:10:56.8418004Z OK set boot_serial=YES
2026-10-03T08:10:56.8418491Z OK set boot_serial=YES
2026-10-03T08:10:56.8418721Z 
2026-10-03T08:10:56.8418727Z 
2026-10-03T08:10:58.2266176Z OK set comconsole_speed=115200
2026-10-03T08:10:58.2267312Z OK set comconsole_speed=115200
2026-10-03T08:10:58.2267624Z 
2026-10-03T08:10:58.2267629Z 
2026-10-03T08:10:59.4106063Z OK set boot_multicons=YES
2026-10-03T08:10:59.4107104Z OK set boot_multicons=YES
2026-10-03T08:10:59.4107394Z 
2026-10-03T08:10:59.4107401Z 
2026-10-03T08:11:00.5143419Z OK set boot_mutemsgs=NO
2026-10-03T08:11:00.5143889Z OK set boot_mutemsgs=NO
2026-10-03T08:11:00.5144569Z 
2026-10-03T08:11:00.5144574Z 
2026-10-03T08:11:01.0962308Z OK boot -v
2026-10-03T08:11:01.0962759Z Booting [/boot/kernel/kernel]
2026-10-03T08:11:01.0963068Z 
2026-10-03T08:11:01.0963073Z 
2026-10-03T08:11:01.0963210Z ---<<BOOT>>---
2026-10-03T08:11:01.0963432Z 
2026-10-03T08:11:01.0963440Z 
2026-10-03T08:11:01.0963628Z Copyright (c) 1992-2025 The FreeBSD Project.
2026-10-03T08:11:01.0963930Z 
2026-10-03T08:11:01.0963933Z 
2026-10-03T08:11:01.0964067Z early-init: sethostname('selftest')
2026-10-03T08:11:01.0964298Z 
2026-10-03T08:11:01.0964302Z 
2026-10-03T08:11:01.0964519Z early-init: opened /dev/klog (kernel.log_open=1; console quiet)
2026-10-03T08:11:01.0964863Z 
2026-10-03T08:11:01.0964866Z 
2026-10-03T08:11:01.0964985Z NextBSD/amd64 (selftest) (console)
2026-10-03T08:11:01.0965205Z 
2026-10-03T08:11:01.0965209Z 
2026-10-03T08:11:01.0966591Z 
2026-10-03T08:11:01.0967301Z OK: BOOT-BANNER-OK — getty shows the synthesized hostname 'selftest'
2026-10-03T08:11:01.3966860Z login:
2026-10-03T08:11:01.3967379Z 
2026-10-03T08:11:01.3967403Z 
2026-10-03T08:11:01.3967421Z 
2026-10-03T08:11:01.3967653Z OK: boot reached the login prompt
2026-10-03T08:11:01.3968207Z admin
2026-10-03T08:11:01.3970826Z Password:
2026-10-03T08:11:01.3971103Z 
2026-10-03T08:11:01.3971111Z 
2026-10-03T08:11:01.3971125Z 
2026-10-03T08:11:01.3971964Z admin@selftest ~ % 
2026-10-03T08:11:01.3972455Z OK: logged in as admin
2026-10-03T08:11:01.3973458Z ==> running on-image suite: /usr/tests/freebsd-launchd-mach/run.sh
2026-10-03T08:11:01.3984434Z r() { if [ "$(id -u)" = 0 ]; then "$@"; else sudo "$@"; fi; }
2026-10-03T08:11:01.3985396Z r /usr/tests/freebsd-launchd-mach/run.sh
2026-10-03T08:11:01.3985932Z admin@selftest ~ % ACCT-HELPERS-OK
2026-10-03T08:11:01.3986235Z 
2026-10-03T08:11:01.3986240Z 
2026-10-03T08:11:01.3986342Z ACCT-LIFECYCLE-OK
2026-10-03T08:11:01.3986505Z 
2026-10-03T08:11:01.3986508Z 
2026-10-03T08:11:01.3986605Z ADVCMD-LEAF-OK
2026-10-03T08:11:01.3986890Z 
2026-10-03T08:11:01.3986896Z 
2026-10-03T08:11:01.3987105Z ASLMANAGER-DEMAND-SKIP
2026-10-03T08:11:01.3987361Z 
2026-10-03T08:11:01.3987364Z 
2026-10-03T08:11:01.3987466Z BOOT-BANNER-SKIP
2026-10-03T08:11:01.3987609Z 
2026-10-03T08:11:01.3987612Z 
2026-10-03T08:11:01.3987710Z BOOTSTRAP-OK
2026-10-03T08:11:01.3987840Z 
2026-10-03T08:11:01.3987843Z 
2026-10-03T08:11:01.3987948Z BOOTSTRAP-REMOTE-OK
2026-10-03T08:11:01.3988108Z 
2026-10-03T08:11:01.3988111Z 
2026-10-03T08:11:01.3988202Z BUSYSTATE-OK
2026-10-03T08:11:01.3988333Z 
2026-10-03T08:11:01.3988337Z 
2026-10-03T08:11:01.3988430Z CONFIGD-LIST-OK
2026-10-03T08:11:01.3988573Z 
2026-10-03T08:11:01.3988576Z 
2026-10-03T08:11:01.3988669Z CONFIGD-MULTI-OK
2026-10-03T08:11:01.3988814Z 
2026-10-03T08:11:01.3988817Z 
2026-10-03T08:11:01.3989340Z CONFIGD-NOTIFY-OK
2026-10-03T08:11:01.3989482Z 
2026-10-03T08:11:01.3989485Z 
2026-10-03T08:11:01.3989590Z CONFIGD-PATTERN-OK
2026-10-03T08:11:01.3989734Z 
2026-10-03T08:11:01.3989738Z 
2026-10-03T08:11:01.3989837Z CONFIGD-STORE-OK
2026-10-03T08:11:01.3989985Z 
2026-10-03T08:11:01.3989988Z 
2026-10-03T08:11:01.3990083Z COREFOUNDATION-OK
2026-10-03T08:11:01.3990212Z 
2026-10-03T08:11:01.3990215Z 
2026-10-03T08:11:01.3990292Z DA-BOOT-OK
2026-10-03T08:11:01.3990404Z 
2026-10-03T08:11:01.3990407Z 
2026-10-03T08:11:01.3990486Z DA-IOKIT-OK
2026-10-03T08:11:01.3990600Z 
2026-10-03T08:11:01.3990603Z 
2026-10-03T08:11:01.3990697Z DAEMON-STATE-OK
2026-10-03T08:11:01.3990814Z 
2026-10-03T08:11:01.3990817Z 
2026-10-03T08:11:01.3990904Z DOMAIN-DIRS-OK
2026-10-03T08:11:01.3991019Z 
2026-10-03T08:11:01.3991022Z 
2026-10-03T08:11:01.3991119Z EVFILT-MACHPORT-SKIP
2026-10-03T08:11:01.3991262Z 
2026-10-03T08:11:01.3991265Z 
2026-10-03T08:11:01.3991372Z EVFILT-MACHPORT-CONCURRENT-OK
2026-10-03T08:11:01.3991546Z 
2026-10-03T08:11:01.3991549Z 
2026-10-03T08:11:01.3991627Z FBSDGLUE-OK
2026-10-03T08:11:01.3991737Z 
2026-10-03T08:11:01.3991740Z 
2026-10-03T08:11:01.3991819Z FILECMD-LEAF-OK
2026-10-03T08:11:01.3991940Z 
2026-10-03T08:11:01.3991943Z 
2026-10-03T08:11:01.3992023Z GETTY-OK
2026-10-03T08:11:01.3992364Z 
2026-10-03T08:11:01.3992367Z 
2026-10-03T08:11:01.3992449Z HOMEDIR-OK
2026-10-03T08:11:01.3992553Z 
2026-10-03T08:11:01.3992556Z 
2026-10-03T08:11:01.3992646Z HOST-BOOTSTRAP-OK
2026-10-03T08:11:01.3992768Z 
2026-10-03T08:11:01.3992777Z 
2026-10-03T08:11:01.3992856Z HOSTNAMED-OK
2026-10-03T08:11:01.3992971Z 
2026-10-03T08:11:01.3992974Z 
2026-10-03T08:11:01.3993080Z HOSTNAMED-BONJOUR-RENAME-SKIP
2026-10-03T08:11:01.3993252Z 
2026-10-03T08:11:01.3993255Z 
2026-10-03T08:11:01.3993337Z HOSTNAMED-DHCP-OK
2026-10-03T08:11:01.3993463Z 
2026-10-03T08:11:01.3993466Z 
2026-10-03T08:11:01.3993556Z HOSTNAMED-MDNS-SKIP
2026-10-03T08:11:01.3993685Z 
2026-10-03T08:11:01.3993688Z 
2026-10-03T08:11:01.3993780Z HOSTNAMED-PREFS-OK
2026-10-03T08:11:01.3993906Z 
2026-10-03T08:11:01.3993909Z 
2026-10-03T08:11:01.3993995Z IPCFG-ARP-OK
2026-10-03T08:11:01.3994107Z 
2026-10-03T08:11:01.3994115Z 
2026-10-03T08:11:01.3994195Z IPCFG-BOOT-OK
2026-10-03T08:11:01.3994313Z 
2026-10-03T08:11:01.3994316Z 
2026-10-03T08:11:01.3994405Z IPCFG-BOUND-OK
2026-10-03T08:11:01.3994525Z 
2026-10-03T08:11:01.3994528Z 
2026-10-03T08:11:01.3994609Z IPCFG-DHCP-OK
2026-10-03T08:11:01.3994729Z 
2026-10-03T08:11:01.3994732Z 
2026-10-03T08:11:01.3994823Z IPCFG-IPCONFIG-OK
2026-10-03T08:11:01.3994948Z 
2026-10-03T08:11:01.3994951Z 
2026-10-03T08:11:01.3995036Z IPCFG-RA-OK
2026-10-03T08:11:01.3995267Z 
2026-10-03T08:11:01.3995271Z 
2026-10-03T08:11:01.3995359Z IPCFG-RENEW-OK
2026-10-03T08:11:01.3995471Z 
2026-10-03T08:11:01.3995481Z 
2026-10-03T08:11:01.3995560Z IPCFG-RPC-OK
2026-10-03T08:11:01.3995678Z 
2026-10-03T08:11:01.3995682Z 
2026-10-03T08:11:01.3995760Z IPCFG-STORE-OK
2026-10-03T08:11:01.3995877Z 
2026-10-03T08:11:01.3995880Z 
2026-10-03T08:11:01.3995957Z KEM-LINK-OK
2026-10-03T08:11:01.3996067Z 
2026-10-03T08:11:01.3996070Z 
2026-10-03T08:11:01.3996161Z LAUNCHCTL-BUILD-OK
2026-10-03T08:11:01.3996283Z 
2026-10-03T08:11:01.3996287Z 
2026-10-03T08:11:01.3996374Z LAUNCHCTL-LIST-OK
2026-10-03T08:11:01.3996495Z 
2026-10-03T08:11:01.3996505Z 
2026-10-03T08:11:01.3996594Z LAUNCHD-BUILD-OK
2026-10-03T08:11:01.3996713Z 
2026-10-03T08:11:01.3996717Z 
2026-10-03T08:11:01.3996960Z LIBDISPATCH-OK
2026-10-03T08:11:01.3997086Z 
2026-10-03T08:11:01.3997089Z 
2026-10-03T08:11:01.3997176Z LIBDISPATCH-MACH-OK
2026-10-03T08:11:01.3997308Z 
2026-10-03T08:11:01.3997311Z 
2026-10-03T08:11:01.3997387Z LIBDS-OK
2026-10-03T08:11:01.3997517Z 
2026-10-03T08:11:01.3997520Z 
2026-10-03T08:11:01.3997614Z LIBSYSTEM-KERNEL-OK
2026-10-03T08:11:01.3997746Z 
2026-10-03T08:11:01.3997749Z 
2026-10-03T08:11:01.3997827Z LIBXPC-OK
2026-10-03T08:11:01.3997938Z 
2026-10-03T08:11:01.3997940Z 
2026-10-03T08:11:01.3998022Z LINUX-MOUNTS-OK
2026-10-03T08:11:01.3998147Z 
2026-10-03T08:11:01.3998150Z 
2026-10-03T08:11:01.3998230Z MACH-PORT-OK
2026-10-03T08:11:01.3998347Z 
2026-10-03T08:11:01.3998350Z 
2026-10-03T08:11:01.3998436Z MACH-SMOKE-OK
2026-10-03T08:11:01.3998547Z 
2026-10-03T08:11:01.3998550Z 
2026-10-03T08:11:01.3998635Z MDNS-BOOT-OK
2026-10-03T08:11:01.3998744Z 
2026-10-03T08:11:01.3998751Z 
2026-10-03T08:11:01.3998837Z MDNS-DNSSD-OK
2026-10-03T08:11:01.3998962Z 
2026-10-03T08:11:01.3998965Z 
2026-10-03T08:11:01.3999045Z MDNS-ENGINE-OK
2026-10-03T08:11:01.3999164Z 
2026-10-03T08:11:01.3999167Z 
2026-10-03T08:11:01.3999251Z MDNS-IFWATCH-OK
2026-10-03T08:11:01.3999373Z 
2026-10-03T08:11:01.3999376Z 
2026-10-03T08:11:01.3999459Z MDNS-STATIC-OK
2026-10-03T08:11:01.3999574Z 
2026-10-03T08:11:01.3999577Z 
2026-10-03T08:11:01.3999658Z MIG-BUILD-OK
2026-10-03T08:11:01.3999770Z 
2026-10-03T08:11:01.3999773Z 
2026-10-03T08:11:01.3999845Z NFS-OK
2026-10-03T08:11:01.3999945Z 
2026-10-03T08:11:01.3999948Z 
2026-10-03T08:11:01.4000032Z NOTIFYD-PROC-OK
2026-10-03T08:11:01.4000152Z 
2026-10-03T08:11:01.4000155Z 
2026-10-03T08:11:01.4000224Z NSS-DS-OK
2026-10-03T08:11:01.4000327Z 
2026-10-03T08:11:01.4000330Z 
2026-10-03T08:11:01.4000398Z NTP-OK
2026-10-03T08:11:01.4000498Z 
2026-10-03T08:11:01.4000501Z 
2026-10-03T08:11:01.4000571Z SC-BOND-OK
2026-10-03T08:11:01.4000675Z 
2026-10-03T08:11:01.4000813Z 
2026-10-03T08:11:01.4000895Z SC-BRIDGE-OK
2026-10-03T08:11:01.4001000Z 
2026-10-03T08:11:01.4001003Z 
2026-10-03T08:11:01.4001078Z SC-LOCK-OK
2026-10-03T08:11:01.4001172Z 
2026-10-03T08:11:01.4001175Z 
2026-10-03T08:11:01.4001253Z SC-MULTI-OK
2026-10-03T08:11:01.4001351Z 
2026-10-03T08:11:01.4001361Z 
2026-10-03T08:11:01.4001431Z SC-NETIF-OK
2026-10-03T08:11:01.4001539Z 
2026-10-03T08:11:01.4001542Z 
2026-10-03T08:11:01.4001616Z SC-NETSET-OK
2026-10-03T08:11:01.4001724Z 
2026-10-03T08:11:01.4001727Z 
2026-10-03T08:11:01.4001798Z SC-NETSVC-OK
2026-10-03T08:11:01.4001905Z 
2026-10-03T08:11:01.4001908Z 
2026-10-03T08:11:01.4001985Z SC-NOTIFY-OK
2026-10-03T08:11:01.4002089Z 
2026-10-03T08:11:01.4002092Z 
2026-10-03T08:11:01.4002095Z 
2026-10-03T08:11:01.4002179Z OK: ACCT-HELPERS
2026-10-03T08:11:01.4002334Z 
2026-10-03T08:11:01.4007392Z OK: ACCT-LIFECYCLE
2026-10-03T08:11:01.4007550Z 
2026-10-03T08:11:01.4007632Z OK: ADVCMD-LEAF
2026-10-03T08:11:01.4007764Z 
2026-10-03T08:11:01.4008281Z WARN: ASLMANAGER-DEMAND-SKIP — pending T3 audit; live arms: fork t=warn/f=warn/s=warn
2026-10-03T08:11:01.4008655Z 
2026-10-03T08:11:01.4009499Z WARN: BOOT-BANNER-SKIP — pending T3: monolith hard-fails the 8-min window, warns on an Amnesiac banner (getty/hostnamed race, cosmetic); the userland fork records a mismatch and hard-fails at the end. T3 decides the gate.
2026-10-03T08:11:01.4010475Z 
2026-10-03T08:11:01.4010573Z OK: BOOTSTRAP
2026-10-03T08:11:01.4010897Z 
2026-10-03T08:11:01.4011326Z OK: BOOTSTRAP
2026-10-03T08:11:01.4011544Z 
2026-10-03T08:11:01.4011683Z OK: HOSTNAMED
2026-10-03T08:11:01.4011890Z 
2026-10-03T08:11:01.4012789Z WARN: HOSTNAMED-BONJOUR-RENAME-SKIP — pending T3 audit; live arms: monolith t=warn/f=warn/s=continue ; fork t=warn/f=warn/s=continue
2026-10-03T08:11:01.4013304Z 
2026-10-03T08:11:01.4013395Z OK: HOSTNAMED-DHCP
2026-10-03T08:11:01.4013521Z 
2026-10-03T08:11:01.4013969Z WARN: HOSTNAMED-MDNS-SKIP — pending T3 audit; live arms: monolith t=warn/f=warn/s=continue ; fork t=warn/f=warn/s=continue
2026-10-03T08:11:01.4014434Z 
2026-10-03T08:11:01.4014522Z OK: HOSTNAMED-PREFS
2026-10-03T08:11:01.4014656Z 
2026-10-03T08:11:01.4014735Z OK: IPCFG-ARP
2026-10-03T08:11:01.4015355Z 
2026-10-03T08:11:01.4015441Z OK: IPCFG-BOOT
2026-10-03T08:11:01.4019737Z 
2026-10-03T08:11:01.4019924Z OK: IPCFG-BOUND
2026-10-03T08:11:01.4023793Z 
2026-10-03T08:11:01.4023982Z OK: IPCFG-DHCP
2026-10-03T08:11:01.4028170Z 
2026-10-03T08:11:01.4028346Z OK: IPCFG-IPCONFIG
2026-10-03T08:11:01.4032239Z 
2026-10-03T08:11:01.4032400Z OK: IPCFG-RA
2026-10-03T08:11:01.4036343Z 
2026-10-03T08:11:01.4036593Z OK: IPCFG-RENEW
2026-10-03T08:11:01.4040587Z 
2026-10-03T08:11:01.4040819Z OK: IPCFG-RPC
2026-10-03T08:11:01.4044507Z 
2026-10-03T08:11:01.4044723Z OK: IPCFG-STORE
2026-10-03T08:11:01.4048821Z 
2026-10-03T08:11:01.4048981Z OK: KEM-LINK
2026-10-03T08:11:01.4052914Z 
2026-10-03T08:11:01.4053090Z OK: LAUNCHCTL-BUILD
2026-10-03T08:11:01.4057091Z 
2026-10-03T08:11:01.4057405Z OK: LAUNCHCTL-LIST
2026-10-03T08:11:01.4060973Z 
2026-10-03T08:11:01.4061158Z OK: LAUNCHD-BUILD
2026-10-03T08:11:01.4064799Z 
2026-10-03T08:11:01.4064964Z OK: LIBDISPATCH
2026-10-03T08:11:01.4068658Z 
2026-10-03T08:11:01.4068830Z OK: LIBDISPATCH-MACH
2026-10-03T08:11:01.4072273Z 
2026-10-03T08:11:01.4072425Z OK: LIBDS
2026-10-03T08:11:01.4075678Z 
2026-10-03T08:11:01.4076003Z OK: LIBSYSTEM-KERNEL
2026-10-03T08:11:01.4079414Z 
2026-10-03T08:11:01.4079592Z OK: LIBXPC
2026-10-03T08:11:01.4082658Z 
2026-10-03T08:11:01.4082825Z OK: LINUX-MOUNTS
2026-10-03T08:11:01.4085790Z 
2026-10-03T08:11:01.4085945Z OK: MACH-PORT
2026-10-03T08:11:01.4089185Z 
2026-10-03T08:11:01.4089344Z OK: MACH-SMOKE
2026-10-03T08:11:01.4092119Z 
2026-10-03T08:11:01.4092266Z OK: MDNS-BOOT
2026-10-03T08:11:01.4094942Z 
2026-10-03T08:11:01.4095107Z OK: MDNS-DNSSD
2026-10-03T08:11:01.4097926Z 
2026-10-03T08:11:01.4098110Z OK: MDNS-ENGINE
2026-10-03T08:11:01.4100508Z 
2026-10-03T08:11:01.4100670Z OK: MDNS-IFWATCH
2026-10-03T08:11:01.4103045Z 
2026-10-03T08:11:01.4103261Z OK: MDNS-STATIC
2026-10-03T08:11:01.4105506Z 
2026-10-03T08:11:01.4105693Z OK: MIG-BUILD
2026-10-03T08:11:01.4107912Z 
2026-10-03T08:11:01.4108060Z OK: NFS
2026-10-03T08:11:01.4110080Z 
2026-10-03T08:11:01.4110250Z OK: NOTIFYD-PROC
2026-10-03T08:11:01.4112035Z 
2026-10-03T08:11:01.4112187Z OK: NSS-DS
2026-10-03T08:11:01.4113897Z 
2026-10-03T08:11:01.4114052Z OK: NTP
2026-10-03T08:11:01.4115685Z 
2026-10-03T08:11:01.4115852Z OK: SC-BOND
2026-10-03T08:11:01.4117596Z 
2026-10-03T08:11:01.4117751Z OK: SC-BRIDGE
2026-10-03T08:11:01.4119137Z 
2026-10-03T08:11:01.4119294Z OK: SC-LOCK
2026-10-03T08:11:01.4120464Z 
2026-10-03T08:11:01.4120618Z OK: SC-MULTI
2026-10-03T08:11:01.4121571Z 
2026-10-03T08:11:01.4121722Z OK: SC-NETIF
2026-10-03T08:11:01.4122529Z 
2026-10-03T08:11:01.4122683Z OK: SC-NETSET
2026-10-03T08:11:01.4123306Z 
2026-10-03T08:11:01.4123444Z OK: SC-NETSVC
2026-10-03T08:11:01.4123935Z 
2026-10-03T08:11:01.4124062Z OK: SC-NOTIFY
2026-10-03T08:11:01.4125849Z SC-PATH-OK
2026-10-03T08:11:01.4126039Z 
2026-10-03T08:11:01.4126044Z 
2026-10-03T08:11:01.4126194Z SC-PLINK-OK
2026-10-03T08:11:01.4126377Z 
2026-10-03T08:11:01.4126382Z 
2026-10-03T08:11:01.4126515Z SC-PNOTIFY-OK
2026-10-03T08:11:01.4126707Z 
2026-10-03T08:11:01.4126712Z 
2026-10-03T08:11:01.4127043Z SC-PREFS-OK
2026-10-03T08:11:01.4127174Z 
2026-10-03T08:11:01.4127177Z 
2026-10-03T08:11:01.4127264Z SC-RUNLOOP-OK
2026-10-03T08:11:01.4127392Z 
2026-10-03T08:11:01.4127598Z 
2026-10-03T08:11:01.4127694Z SC-STORE-OK
2026-10-03T08:11:01.4127812Z 
2026-10-03T08:11:01.4127816Z 
2026-10-03T08:11:01.4127906Z SC-VLAN-OK
2026-10-03T08:11:01.4128025Z 
2026-10-03T08:11:01.4128028Z 
2026-10-03T08:11:01.4128123Z SERVICE-LDCONFIG-OK
2026-10-03T08:11:01.4128272Z 
2026-10-03T08:11:01.4128276Z 
2026-10-03T08:11:01.4128364Z SHELLCMD-LEAF-OK
2026-10-03T08:11:01.4128500Z 
2026-10-03T08:11:01.4128503Z 
2026-10-03T08:11:01.4128585Z SUDO-OK
2026-10-03T08:11:01.4128698Z 
2026-10-03T08:11:01.4128702Z 
2026-10-03T08:11:01.4128795Z SYSCMD-LEAF-OK
2026-10-03T08:11:01.4128921Z 
2026-10-03T08:11:01.4128924Z 
2026-10-03T08:11:01.4129025Z SYSLOG-RUN-OK
2026-10-03T08:11:01.4129145Z 
2026-10-03T08:11:01.4129149Z 
2026-10-03T08:11:01.4129243Z SYSLOGD-PROC-OK
2026-10-03T08:11:01.4129373Z 
2026-10-03T08:11:01.4129384Z 
2026-10-03T08:11:01.4129481Z TASK-SPECIAL-PORT-OK
2026-10-03T08:11:01.4129761Z 
2026-10-03T08:11:01.4129766Z 
2026-10-03T08:11:01.4129902Z TEXTCMD-LEAF-OK
2026-10-03T08:11:01.4130109Z 
2026-10-03T08:11:01.4130114Z 
2026-10-03T08:11:01.4130242Z WAITQUIET-OK
2026-10-03T08:11:01.4130430Z 
2026-10-03T08:11:01.4130434Z 
2026-10-03T08:11:01.4130573Z WEDGE-CHECK-SKIP
2026-10-03T08:11:01.4130781Z 
2026-10-03T08:11:01.4130786Z 
2026-10-03T08:11:01.4130884Z ADVCMD-LEAF-OK
2026-10-03T08:11:01.4130998Z 
2026-10-03T08:11:01.4131001Z 
2026-10-03T08:11:01.4131118Z NEXTBSD-TEST-SUMMARY ok=81 fail=0 skip=6
2026-10-03T08:11:01.4131495Z 
2026-10-03T08:11:01.4131511Z 
2026-10-03T08:11:01.4131647Z admin@selftest ~ % 
2026-10-03T08:11:01.4131987Z OK: ADVCMD-LEAF
2026-10-03T08:11:01.4132197Z 
2026-10-03T08:11:01.4132601Z OK: /usr/tests/freebsd-launchd-mach/run.sh: NEXTBSD-TEST-SUMMARY ok=81 fail=0 skip=6
2026-10-03T08:11:01.4133194Z 
2026-10-03T08:11:01.4134497Z FAIL: BOOTSTRAP-REMOTE — must-pass marker never emitted (suite did not reach it, or the image predates the capability; overlay to warn if that is expected)
2026-10-03T08:11:01.4135113Z 
2026-10-03T08:11:01.4135964Z FAIL: BUSYSTATE — must-pass marker never emitted (suite did not reach it, or the image predates the capability; overlay to warn if that is expected)
2026-10-03T08:11:01.4137214Z 
2026-10-03T08:11:01.4138299Z FAIL: CONFIGD-LIST — must-pass marker never emitted (suite did not reach it, or the image predates the capability; overlay to warn if that is expected)
2026-10-03T08:11:01.4139333Z 
2026-10-03T08:11:01.4139934Z FAIL: CONFIGD-MULTI — must-pass marker never emitted (suite did not reach it, or the image predates the capability; overlay to warn if that is expected)
2026-10-03T08:11:01.4140489Z 
2026-10-03T08:11:01.4141025Z FAIL: CONFIGD-NOTIFY — must-pass marker never emitted (suite did not reach it, or the image predates the capability; overlay to warn if that is expected)
2026-10-03T08:11:01.4141833Z 
2026-10-03T08:11:01.4142398Z FAIL: CONFIGD-PATTERN — must-pass marker never emitted (suite did not reach it, or the image predates the capability; overlay to warn if that is expected)
2026-10-03T08:11:01.4143152Z 
2026-10-03T08:11:01.4144077Z FAIL: CONFIGD-STORE — must-pass marker never emitted (suite did not reach it, or the image predates the capability; overlay to warn if that is expected)
2026-10-03T08:11:01.4144748Z 
2026-10-03T08:11:01.4145299Z FAIL: COREFOUNDATION — must-pass marker never emitted (suite did not reach it, or the image predates the capability; overlay to warn if that is expected)
2026-10-03T08:11:01.4145842Z 
2026-10-03T08:11:01.4146477Z FAIL: DA-BOOT — must-pass marker never emitted (suite did not reach it, or the image predates the capability; overlay to warn if that is expected)
2026-10-03T08:11:01.4147255Z 
2026-10-03T08:11:01.4147798Z FAIL: DOMAIN-DIRS — must-pass marker never emitted (suite did not reach it, or the image predates the capability; overlay to warn if that is expected)
2026-10-03T08:11:01.4148337Z 
2026-10-03T08:11:01.4148852Z FAIL: FBSDGLUE — must-pass marker never emitted (suite did not reach it, or the image predates the capability; overlay to warn if that is expected)
2026-10-03T08:11:01.4149367Z 
2026-10-03T08:11:01.4150080Z FAIL: FILECMD-LEAF — must-pass marker never emitted (suite did not reach it, or the image predates the capability; overlay to warn if that is expected)
2026-10-03T08:11:01.4150630Z 
2026-10-03T08:11:01.4151171Z FAIL: HOST-BOOTSTRAP — must-pass marker never emitted (suite did not reach it, or the image predates the capability; overlay to warn if that is expected)
2026-10-03T08:11:01.4151736Z 
2026-10-03T08:11:01.4152243Z FAIL: SC-PATH — must-pass marker never emitted (suite did not reach it, or the image predates the capability; overlay to warn if that is expected)
2026-10-03T08:11:01.4152755Z 
2026-10-03T08:11:01.4153277Z FAIL: SC-PLINK — must-pass marker never emitted (suite did not reach it, or the image predates the capability; overlay to warn if that is expected)
2026-10-03T08:11:01.4153793Z 
2026-10-03T08:11:01.4154310Z FAIL: SC-PNOTIFY — must-pass marker never emitted (suite did not reach it, or the image predates the capability; overlay to warn if that is expected)
2026-10-03T08:11:01.4155076Z 
2026-10-03T08:11:01.4156016Z FAIL: SC-PREFS — must-pass marker never emitted (suite did not reach it, or the image predates the capability; overlay to warn if that is expected)
2026-10-03T08:11:01.4157193Z 
2026-10-03T08:11:01.4158205Z FAIL: SC-RUNLOOP — must-pass marker never emitted (suite did not reach it, or the image predates the capability; overlay to warn if that is expected)
2026-10-03T08:11:01.4159285Z 
2026-10-03T08:11:01.4160296Z FAIL: SC-STORE — must-pass marker never emitted (suite did not reach it, or the image predates the capability; overlay to warn if that is expected)
2026-10-03T08:11:01.4161244Z 
2026-10-03T08:11:01.4162233Z FAIL: SC-VLAN — must-pass marker never emitted (suite did not reach it, or the image predates the capability; overlay to warn if that is expected)
2026-10-03T08:11:01.4163180Z 
2026-10-03T08:11:01.4164227Z FAIL: SERVICE-LDCONFIG — must-pass marker never emitted (suite did not reach it, or the image predates the capability; overlay to warn if that is expected)
2026-10-03T08:11:01.4165247Z 
2026-10-03T08:11:01.4166261Z FAIL: SHELLCMD-LEAF — must-pass marker never emitted (suite did not reach it, or the image predates the capability; overlay to warn if that is expected)
2026-10-03T08:11:01.4167113Z 
2026-10-03T08:11:01.4168184Z FAIL: SYSCMD-LEAF — must-pass marker never emitted (suite did not reach it, or the image predates the capability; overlay to warn if that is expected)
2026-10-03T08:11:01.4169073Z 
2026-10-03T08:11:01.4169654Z FAIL: SYSLOG-RUN — must-pass marker never emitted (suite did not reach it, or the image predates the capability; overlay to warn if that is expected)
2026-10-03T08:11:01.4170385Z 
2026-10-03T08:11:01.4170928Z FAIL: SYSLOGD-PROC — must-pass marker never emitted (suite did not reach it, or the image predates the capability; overlay to warn if that is expected)
2026-10-03T08:11:01.4171769Z 
2026-10-03T08:11:01.4172814Z FAIL: TASK-SPECIAL-PORT — must-pass marker never emitted (suite did not reach it, or the image predates the capability; overlay to warn if that is expected)
2026-10-03T08:11:01.4173459Z 
2026-10-03T08:11:01.4174006Z FAIL: TEXTCMD-LEAF — must-pass marker never emitted (suite did not reach it, or the image predates the capability; overlay to warn if that is expected)
2026-10-03T08:11:01.4174538Z 
2026-10-03T08:11:01.4175054Z FAIL: WAITQUIET — must-pass marker never emitted (suite did not reach it, or the image predates the capability; overlay to warn if that is expected)
2026-10-03T08:11:01.4175578Z 
2026-10-03T08:11:01.4175734Z FAIL: 28 must-pass marker(s) missing from the suite output
2026-10-03T08:11:01.4219858Z NEXTBSD-TEST-SUMMARY ok=81 fail=0 skip=6
2026-10-03T08:11:01.4221261Z ==> boot-test FAILED rc=1 (arch=amd64 suite=/usr/tests/freebsd-launchd-mach/run.sh)
2026-10-03T08:11:01.4222067Z     serial transcript: tests/boot.log
2026-10-03T08:11:01.4222889Z SELFTEST OK:   case reboot (rc=1)
2026-10-03T08:11:01.4224275Z ==> case: two-suite (suite: /usr/tests/freebsd-launchd-mach/run.sh /usr/tests/nextbsd-iokit/run.sh) — expect rc 0
2026-10-03T08:11:01.4254196Z ==> boot test: tests/fake.img
2026-10-03T08:11:01.4265193Z -rw-r--r-- 1 runner runner 0 Oct  3 08:10 tests/fake.img
2026-10-03T08:11:01.4343890Z ==> using KVM acceleration
2026-10-03T08:11:01.4344503Z ==> amd64: qemu-system-x86_64 -machine q35 | firmware 
2026-10-03T08:11:01.4539533Z spawn tclsh /home/runner/work/nextbsd-ci/nextbsd-ci/selftest/mock-guest.tcl
2026-10-03T08:11:01.4588374Z FreeBSD/amd64 EFI loader, Revision 3.0
2026-10-03T08:11:01.4588862Z 
2026-10-03T08:11:01.4588869Z 
2026-10-03T08:11:01.4589033Z Loading /boot/loader.conf
2026-10-03T08:11:01.4589286Z 
2026-10-03T08:11:01.4589292Z 
2026-10-03T08:11:01.4589586Z Hit [Enter] to boot immediately, or any other key for command prompt.
2026-10-03T08:11:01.4589887Z 
2026-10-03T08:11:01.4589906Z 
2026-10-03T08:11:01.4589976Z OK 
2026-10-03T08:11:01.4590164Z ==> at loader prompt
2026-10-03T08:11:02.6428324Z  set console=comconsole
2026-10-03T08:11:02.6428885Z OK set console=comconsole
2026-10-03T08:11:02.6429209Z 
2026-10-03T08:11:02.6429293Z 
2026-10-03T08:11:03.7063917Z OK set boot_serial=YES
2026-10-03T08:11:03.7064571Z OK set boot_serial=YES
2026-10-03T08:11:03.7064913Z 
2026-10-03T08:11:03.7064919Z 
2026-10-03T08:11:05.0912011Z OK set comconsole_speed=115200
2026-10-03T08:11:05.0912702Z OK set comconsole_speed=115200
2026-10-03T08:11:05.0913060Z 
2026-10-03T08:11:05.0913065Z 
2026-10-03T08:11:06.2752536Z OK set boot_multicons=YES
2026-10-03T08:11:06.2753316Z OK set boot_multicons=YES
2026-10-03T08:11:06.2753630Z 
2026-10-03T08:11:06.2753636Z 
2026-10-03T08:11:07.3788569Z OK set boot_mutemsgs=NO
2026-10-03T08:11:07.3789318Z OK set boot_mutemsgs=NO
2026-10-03T08:11:07.3789750Z 
2026-10-03T08:11:07.3789769Z 
2026-10-03T08:11:07.9606366Z OK boot -v
2026-10-03T08:11:07.9607391Z Booting [/boot/kernel/kernel]
2026-10-03T08:11:07.9607985Z 
2026-10-03T08:11:07.9607993Z 
2026-10-03T08:11:07.9608275Z ---<<BOOT>>---
2026-10-03T08:11:07.9608727Z 
2026-10-03T08:11:07.9608734Z 
2026-10-03T08:11:07.9609134Z Copyright (c) 1992-2025 The FreeBSD Project.
2026-10-03T08:11:07.9610205Z 
2026-10-03T08:11:07.9610212Z 
2026-10-03T08:11:07.9610555Z early-init: sethostname('selftest')
2026-10-03T08:11:07.9611183Z 
2026-10-03T08:11:07.9611190Z 
2026-10-03T08:11:07.9611815Z early-init: opened /dev/klog (kernel.log_open=1; console quiet)
2026-10-03T08:11:07.9612699Z 
2026-10-03T08:11:07.9612708Z 
2026-10-03T08:11:07.9613125Z NextBSD/amd64 (selftest) (console)
2026-10-03T08:11:07.9613510Z 
2026-10-03T08:11:07.9613513Z 
2026-10-03T08:11:07.9613528Z 
2026-10-03T08:11:07.9614138Z OK: BOOT-BANNER-OK — getty shows the synthesized hostname 'selftest'
2026-10-03T08:11:08.2620989Z login:
2026-10-03T08:11:08.2679660Z 
2026-10-03T08:11:08.2679669Z 
2026-10-03T08:11:08.2679673Z 
2026-10-03T08:11:08.2679907Z OK: boot reached the login prompt
2026-10-03T08:11:08.2680361Z admin
2026-10-03T08:11:08.2680766Z Password:
2026-10-03T08:11:08.2680955Z 
2026-10-03T08:11:08.2680961Z 
2026-10-03T08:11:08.2680967Z 
2026-10-03T08:11:08.2681116Z admin@selftest ~ % 
2026-10-03T08:11:08.2681497Z OK: logged in as admin
2026-10-03T08:11:08.2682028Z ==> running on-image suite: /usr/tests/freebsd-launchd-mach/run.sh
2026-10-03T08:11:08.2682704Z r() { if [ "$(id -u)" = 0 ]; then "$@"; else sudo "$@"; fi; }
2026-10-03T08:11:08.2683355Z admin@selftest ~ % r /usr/tests/freebsd-launchd-mach/run.sh
2026-10-03T08:11:08.2683924Z ACCT-HELPERS-OK
2026-10-03T08:11:08.2684125Z 
2026-10-03T08:11:08.2684130Z 
2026-10-03T08:11:08.2684274Z ACCT-LIFECYCLE-OK
2026-10-03T08:11:08.2684475Z 
2026-10-03T08:11:08.2684479Z 
2026-10-03T08:11:08.2684619Z ADVCMD-LEAF-OK
2026-10-03T08:11:08.2684808Z 
2026-10-03T08:11:08.2684813Z 
2026-10-03T08:11:08.2684979Z ASLMANAGER-DEMAND-SKIP
2026-10-03T08:11:08.2685218Z 
2026-10-03T08:11:08.2685224Z 
2026-10-03T08:11:08.2685361Z BOOT-BANNER-SKIP
2026-10-03T08:11:08.2685571Z 
2026-10-03T08:11:08.2685576Z 
2026-10-03T08:11:08.2685704Z BOOTSTRAP-OK
2026-10-03T08:11:08.2685900Z 
2026-10-03T08:11:08.2685905Z 
2026-10-03T08:11:08.2686046Z BOOTSTRAP-REMOTE-OK
2026-10-03T08:11:08.2686521Z 
2026-10-03T08:11:08.2686528Z 
2026-10-03T08:11:08.2686668Z BUSYSTATE-OK
2026-10-03T08:11:08.2689564Z 
2026-10-03T08:11:08.2689570Z 
2026-10-03T08:11:08.2689674Z CONFIGD-LIST-OK
2026-10-03T08:11:08.2689818Z 
2026-10-03T08:11:08.2689821Z 
2026-10-03T08:11:08.2689909Z CONFIGD-MULTI-OK
2026-10-03T08:11:08.2690041Z 
2026-10-03T08:11:08.2690044Z 
2026-10-03T08:11:08.2690125Z CONFIGD-NOTIFY-OK
2026-10-03T08:11:08.2690259Z 
2026-10-03T08:11:08.2690263Z 
2026-10-03T08:11:08.2690349Z CONFIGD-PATTERN-OK
2026-10-03T08:11:08.2690482Z 
2026-10-03T08:11:08.2690485Z 
2026-10-03T08:11:08.2690563Z CONFIGD-STORE-OK
2026-10-03T08:11:08.2690686Z 
2026-10-03T08:11:08.2690698Z 
2026-10-03T08:11:08.2690785Z COREFOUNDATION-OK
2026-10-03T08:11:08.2690898Z 
2026-10-03T08:11:08.2690901Z 
2026-10-03T08:11:08.2690980Z DA-BOOT-OK
2026-10-03T08:11:08.2691082Z 
2026-10-03T08:11:08.2691086Z 
2026-10-03T08:11:08.2691169Z DA-IOKIT-OK
2026-10-03T08:11:08.2691279Z 
2026-10-03T08:11:08.2691282Z 
2026-10-03T08:11:08.2691364Z DAEMON-STATE-OK
2026-10-03T08:11:08.2691488Z 
2026-10-03T08:11:08.2691491Z 
2026-10-03T08:11:08.2691567Z DOMAIN-DIRS-OK
2026-10-03T08:11:08.2691688Z 
2026-10-03T08:11:08.2691691Z 
2026-10-03T08:11:08.2691776Z EVFILT-MACHPORT-SKIP
2026-10-03T08:11:08.2691918Z 
2026-10-03T08:11:08.2691921Z 
2026-10-03T08:11:08.2692043Z EVFILT-MACHPORT-CONCURRENT-OK
2026-10-03T08:11:08.2692399Z 
2026-10-03T08:11:08.2692402Z 
2026-10-03T08:11:08.2692483Z FBSDGLUE-OK
2026-10-03T08:11:08.2692587Z 
2026-10-03T08:11:08.2692590Z 
2026-10-03T08:11:08.2692674Z FILECMD-LEAF-OK
2026-10-03T08:11:08.2692792Z 
2026-10-03T08:11:08.2692795Z 
2026-10-03T08:11:08.2692868Z GETTY-OK
2026-10-03T08:11:08.2692977Z 
2026-10-03T08:11:08.2692980Z 
2026-10-03T08:11:08.2693051Z HOMEDIR-OK
2026-10-03T08:11:08.2693158Z 
2026-10-03T08:11:08.2693161Z 
2026-10-03T08:11:08.2693243Z HOST-BOOTSTRAP-OK
2026-10-03T08:11:08.2693441Z 
2026-10-03T08:11:08.2693446Z 
2026-10-03T08:11:08.2693589Z HOSTNAMED-OK
2026-10-03T08:11:08.2693787Z 
2026-10-03T08:11:08.2693792Z 
2026-10-03T08:11:08.2693977Z HOSTNAMED-BONJOUR-RENAME-SKIP
2026-10-03T08:11:08.2694262Z 
2026-10-03T08:11:08.2694267Z 
2026-10-03T08:11:08.2694420Z HOSTNAMED-DHCP-OK
2026-10-03T08:11:08.2694639Z 
2026-10-03T08:11:08.2694645Z 
2026-10-03T08:11:08.2694795Z HOSTNAMED-MDNS-SKIP
2026-10-03T08:11:08.2694981Z 
2026-10-03T08:11:08.2694984Z 
2026-10-03T08:11:08.2695068Z HOSTNAMED-PREFS-OK
2026-10-03T08:11:08.2695196Z 
2026-10-03T08:11:08.2695199Z 
2026-10-03T08:11:08.2695279Z IPCFG-ARP-OK
2026-10-03T08:11:08.2695392Z 
2026-10-03T08:11:08.2695395Z 
2026-10-03T08:11:08.2695481Z IPCFG-BOOT-OK
2026-10-03T08:11:08.2695588Z 
2026-10-03T08:11:08.2695591Z 
2026-10-03T08:11:08.2695879Z IPCFG-BOUND-OK
2026-10-03T08:11:08.2695991Z 
2026-10-03T08:11:08.2695994Z 
2026-10-03T08:11:08.2696083Z IPCFG-DHCP-OK
2026-10-03T08:11:08.2696211Z 
2026-10-03T08:11:08.2696214Z 
2026-10-03T08:11:08.2696296Z IPCFG-IPCONFIG-OK
2026-10-03T08:11:08.2696425Z 
2026-10-03T08:11:08.2696428Z 
2026-10-03T08:11:08.2696501Z IPCFG-RA-OK
2026-10-03T08:11:08.2696610Z 
2026-10-03T08:11:08.2696618Z 
2026-10-03T08:11:08.2696693Z IPCFG-RENEW-OK
2026-10-03T08:11:08.2697079Z 
2026-10-03T08:11:08.2697084Z 
2026-10-03T08:11:08.2697206Z IPCFG-RPC-OK
2026-10-03T08:11:08.2697319Z 
2026-10-03T08:11:08.2697322Z 
2026-10-03T08:11:08.2697405Z IPCFG-STORE-OK
2026-10-03T08:11:08.2697511Z 
2026-10-03T08:11:08.2697514Z 
2026-10-03T08:11:08.2697591Z KEM-LINK-OK
2026-10-03T08:11:08.2697690Z 
2026-10-03T08:11:08.2697701Z 
2026-10-03T08:11:08.2697780Z LAUNCHCTL-BUILD-OK
2026-10-03T08:11:08.2697902Z 
2026-10-03T08:11:08.2697905Z 
2026-10-03T08:11:08.2697984Z LAUNCHCTL-LIST-OK
2026-10-03T08:11:08.2698101Z 
2026-10-03T08:11:08.2698105Z 
2026-10-03T08:11:08.2698187Z LAUNCHD-BUILD-OK
2026-10-03T08:11:08.2698307Z 
2026-10-03T08:11:08.2698310Z 
2026-10-03T08:11:08.2698391Z LIBDISPATCH-OK
2026-10-03T08:11:08.2698498Z 
2026-10-03T08:11:08.2698501Z 
2026-10-03T08:11:08.2698649Z LIBDISPATCH-MACH-OK
2026-10-03T08:11:08.2698870Z 
2026-10-03T08:11:08.2698875Z 
2026-10-03T08:11:08.2699013Z LIBDS-OK
2026-10-03T08:11:08.2699354Z 
2026-10-03T08:11:08.2699374Z 
2026-10-03T08:11:08.2699524Z LIBSYSTEM-KERNEL-OK
2026-10-03T08:11:08.2699749Z 
2026-10-03T08:11:08.2699754Z 
2026-10-03T08:11:08.2699880Z LIBXPC-OK
2026-10-03T08:11:08.2700059Z 
2026-10-03T08:11:08.2700063Z 
2026-10-03T08:11:08.2700205Z LINUX-MOUNTS-OK
2026-10-03T08:11:08.2700371Z 
2026-10-03T08:11:08.2700374Z 
2026-10-03T08:11:08.2700462Z MACH-PORT-OK
2026-10-03T08:11:08.2700581Z 
2026-10-03T08:11:08.2700584Z 
2026-10-03T08:11:08.2700667Z MACH-SMOKE-OK
2026-10-03T08:11:08.2700779Z 
2026-10-03T08:11:08.2700782Z 
2026-10-03T08:11:08.2700864Z MDNS-BOOT-OK
2026-10-03T08:11:08.2700968Z 
2026-10-03T08:11:08.2700976Z 
2026-10-03T08:11:08.2701060Z MDNS-DNSSD-OK
2026-10-03T08:11:08.2701174Z 
2026-10-03T08:11:08.2701177Z 
2026-10-03T08:11:08.2701254Z MDNS-ENGINE-OK
2026-10-03T08:11:08.2701371Z 
2026-10-03T08:11:08.2701374Z 
2026-10-03T08:11:08.2701451Z MDNS-IFWATCH-OK
2026-10-03T08:11:08.2701584Z 
2026-10-03T08:11:08.2701587Z 
2026-10-03T08:11:08.2701668Z MDNS-STATIC-OK
2026-10-03T08:11:08.2701777Z 
2026-10-03T08:11:08.2701781Z 
2026-10-03T08:11:08.2701860Z MIG-BUILD-OK
2026-10-03T08:11:08.2701959Z 
2026-10-03T08:11:08.2701962Z 
2026-10-03T08:11:08.2702036Z NFS-OK
2026-10-03T08:11:08.2702137Z 
2026-10-03T08:11:08.2702141Z 
2026-10-03T08:11:08.2702225Z NOTIFYD-PROC-OK
2026-10-03T08:11:08.2702342Z 
2026-10-03T08:11:08.2702345Z 
2026-10-03T08:11:08.2702415Z NSS-DS-OK
2026-10-03T08:11:08.2702519Z 
2026-10-03T08:11:08.2702522Z 
2026-10-03T08:11:08.2702590Z NTP-OK
2026-10-03T08:11:08.2702692Z 
2026-10-03T08:11:08.2702695Z 
2026-10-03T08:11:08.2702764Z SC-BOND-OK
2026-10-03T08:11:08.2702868Z 
2026-10-03T08:11:08.2702875Z 
2026-10-03T08:11:08.2702953Z SC-BRIDGE-OK
2026-10-03T08:11:08.2703059Z 
2026-10-03T08:11:08.2703062Z 
2026-10-03T08:11:08.2703139Z SC-LOCK-OK
2026-10-03T08:11:08.2703234Z 
2026-10-03T08:11:08.2703237Z 
2026-10-03T08:11:08.2703316Z SC-MULTI-OK
2026-10-03T08:11:08.2703423Z 
2026-10-03T08:11:08.2703425Z 
2026-10-03T08:11:08.2703502Z SC-NETIF-OK
2026-10-03T08:11:08.2703609Z 
2026-10-03T08:11:08.2703613Z 
2026-10-03T08:11:08.2703684Z SC-NETSET-OK
2026-10-03T08:11:08.2703792Z 
2026-10-03T08:11:08.2703796Z 
2026-10-03T08:11:08.2703870Z SC-NETSVC-OK
2026-10-03T08:11:08.2703978Z 
2026-10-03T08:11:08.2703981Z 
2026-10-03T08:11:08.2704059Z SC-NOTIFY-OK
2026-10-03T08:11:08.2704158Z 
2026-10-03T08:11:08.2704161Z 
2026-10-03T08:11:08.2704242Z SC-PATH-OK
2026-10-03T08:11:08.2704339Z 
2026-10-03T08:11:08.2704343Z 
2026-10-03T08:11:08.2704428Z SC-PLINK-OK
2026-10-03T08:11:08.2704533Z 
2026-10-03T08:11:08.2704536Z 
2026-10-03T08:11:08.2704611Z SC-PNOTIFY-OK
2026-10-03T08:11:08.2704730Z 
2026-10-03T08:11:08.2704733Z 
2026-10-03T08:11:08.2704951Z SC-PREFS-OK
2026-10-03T08:11:08.2705060Z 
2026-10-03T08:11:08.2705063Z 
2026-10-03T08:11:08.2705138Z SC-RUNLOOP-OK
2026-10-03T08:11:08.2705249Z 
2026-10-03T08:11:08.2705252Z 
2026-10-03T08:11:08.2705331Z SC-STORE-OK
2026-10-03T08:11:08.2705430Z 
2026-10-03T08:11:08.2705433Z 
2026-10-03T08:11:08.2705511Z SC-VLAN-OK
2026-10-03T08:11:08.2705607Z 
2026-10-03T08:11:08.2705615Z 
2026-10-03T08:11:08.2705705Z SERVICE-LDCONFIG-OK
2026-10-03T08:11:08.2705828Z 
2026-10-03T08:11:08.2705837Z 
2026-10-03T08:11:08.2705916Z SHELLCMD-LEAF-OK
2026-10-03T08:11:08.2706039Z 
2026-10-03T08:11:08.2706042Z 
2026-10-03T08:11:08.2706112Z SUDO-OK
2026-10-03T08:11:08.2706211Z 
2026-10-03T08:11:08.2706214Z 
2026-10-03T08:11:08.2706290Z SYSCMD-LEAF-OK
2026-10-03T08:11:08.2706405Z 
2026-10-03T08:11:08.2706408Z 
2026-10-03T08:11:08.2706490Z SYSLOG-RUN-OK
2026-10-03T08:11:08.2706595Z 
2026-10-03T08:11:08.2706598Z 
2026-10-03T08:11:08.2706682Z SYSLOGD-PROC-OK
2026-10-03T08:11:08.2707088Z 
2026-10-03T08:11:08.2707092Z 
2026-10-03T08:11:08.2707202Z TASK-SPECIAL-PORT-OK
2026-10-03T08:11:08.2707340Z 
2026-10-03T08:11:08.2707353Z 
2026-10-03T08:11:08.2707429Z TEXTCMD-LEAF-OK
2026-10-03T08:11:08.2707545Z 
2026-10-03T08:11:08.2707548Z 
2026-10-03T08:11:08.2707625Z WAITQUIET-OK
2026-10-03T08:11:08.2707732Z 
2026-10-03T08:11:08.2707735Z 
2026-10-03T08:11:08.2707817Z WEDGE-CHECK-SKIP
2026-10-03T08:11:08.2708060Z 
2026-10-03T08:11:08.2708064Z 
2026-10-03T08:11:08.2708150Z ADVCMD-LEAF-OK
2026-10-03T08:11:08.2708259Z 
2026-10-03T08:11:08.2708262Z 
2026-10-03T08:11:08.2708375Z NEXTBSD-TEST-SUMMARY ok=81 fail=0 skip=6
2026-10-03T08:11:08.2708574Z 
2026-10-03T08:11:08.2708577Z 
2026-10-03T08:11:08.2708662Z admin@selftest ~ % 
2026-10-03T08:11:08.2708858Z OK: ACCT-HELPERS
2026-10-03T08:11:08.2708973Z 
2026-10-03T08:11:08.2709053Z OK: ACCT-LIFECYCLE
2026-10-03T08:11:08.2709174Z 
2026-10-03T08:11:08.2709250Z OK: ADVCMD-LEAF
2026-10-03T08:11:08.2709363Z 
2026-10-03T08:11:08.2709438Z OK: ADVCMD-LEAF
2026-10-03T08:11:08.2709550Z 
2026-10-03T08:11:08.2709802Z OK: /usr/tests/freebsd-launchd-mach/run.sh: NEXTBSD-TEST-SUMMARY ok=81 fail=0 skip=6
2026-10-03T08:11:08.2710298Z ==> running on-image suite: /usr/tests/nextbsd-iokit/run.sh
2026-10-03T08:11:08.2710628Z r /usr/tests/nextbsd-iokit/run.sh
2026-10-03T08:11:08.2710868Z CAFFEINATE-OK
2026-10-03T08:11:08.2710975Z 
2026-10-03T08:11:08.2710978Z 
2026-10-03T08:11:08.2711067Z EM-AUTOLOAD-OK
2026-10-03T08:11:08.2711181Z 
2026-10-03T08:11:08.2711185Z 
2026-10-03T08:11:08.2711262Z IOCATALOGUE-OK
2026-10-03T08:11:08.2711375Z 
2026-10-03T08:11:08.2711378Z 
2026-10-03T08:11:08.2711457Z IOKIT-LOOKUP-OK
2026-10-03T08:11:08.2711573Z 
2026-10-03T08:11:08.2711576Z 
2026-10-03T08:11:08.2711653Z IOKITNOTIFY-OK
2026-10-03T08:11:08.2711766Z 
2026-10-03T08:11:08.2711769Z 
2026-10-03T08:11:08.2711848Z IOREG-OK
2026-10-03T08:11:08.2711945Z 
2026-10-03T08:11:08.2711948Z 
2026-10-03T08:11:08.2712029Z KEXTD-LOAD-OK
2026-10-03T08:11:08.2712134Z 
2026-10-03T08:11:08.2712137Z 
2026-10-03T08:11:08.2712242Z NEXTBSD-TEST-SUMMARY ok=7 fail=0 skip=0
2026-10-03T08:11:08.2712431Z 
2026-10-03T08:11:08.2712434Z 
2026-10-03T08:11:08.2712516Z admin@selftest ~ % 
2026-10-03T08:11:08.2712896Z OK: CAFFEINATE
2026-10-03T08:11:08.2713099Z 
2026-10-03T08:11:08.2713235Z OK: EM-AUTOLOAD
2026-10-03T08:11:08.2713439Z 
2026-10-03T08:11:08.2713572Z OK: IOCATALOGUE
2026-10-03T08:11:08.2713781Z 
2026-10-03T08:11:08.2713948Z OK: IOKIT-LOOKUP
2026-10-03T08:11:08.2714158Z 
2026-10-03T08:11:08.2714249Z OK: IOKITNOTIFY
2026-10-03T08:11:08.2714359Z 
2026-10-03T08:11:08.2714440Z OK: IOREG
2026-10-03T08:11:08.2714537Z 
2026-10-03T08:11:08.2714620Z OK: KEXTD-LOAD
2026-10-03T08:11:08.2714733Z 
2026-10-03T08:11:08.2714942Z OK: /usr/tests/nextbsd-iokit/run.sh: NEXTBSD-TEST-SUMMARY ok=7 fail=0 skip=0
2026-10-03T08:11:08.2715257Z 
2026-10-03T08:11:08.2715997Z FAIL: BOOTSTRAP — must-pass marker never emitted (suite did not reach it, or the image predates the capability; overlay to warn if that is expected)
2026-10-03T08:11:08.2717095Z 
2026-10-03T08:11:08.2718168Z FAIL: BOOTSTRAP-REMOTE — must-pass marker never emitted (suite did not reach it, or the image predates the capability; overlay to warn if that is expected)
2026-10-03T08:11:08.2718969Z 
2026-10-03T08:11:08.2719525Z FAIL: BUSYSTATE — must-pass marker never emitted (suite did not reach it, or the image predates the capability; overlay to warn if that is expected)
2026-10-03T08:11:08.2720069Z 
2026-10-03T08:11:08.2720609Z FAIL: CONFIGD-LIST — must-pass marker never emitted (suite did not reach it, or the image predates the capability; overlay to warn if that is expected)
2026-10-03T08:11:08.2721151Z 
2026-10-03T08:11:08.2721681Z FAIL: CONFIGD-MULTI — must-pass marker never emitted (suite did not reach it, or the image predates the capability; overlay to warn if that is expected)
2026-10-03T08:11:08.2722222Z 
2026-10-03T08:11:08.2722754Z FAIL: CONFIGD-NOTIFY — must-pass marker never emitted (suite did not reach it, or the image predates the capability; overlay to warn if that is expected)
2026-10-03T08:11:08.2723298Z 
2026-10-03T08:11:08.2723854Z FAIL: CONFIGD-PATTERN — must-pass marker never emitted (suite did not reach it, or the image predates the capability; overlay to warn if that is expected)
2026-10-03T08:11:08.2724393Z 
2026-10-03T08:11:08.2725091Z FAIL: CONFIGD-STORE — must-pass marker never emitted (suite did not reach it, or the image predates the capability; overlay to warn if that is expected)
2026-10-03T08:11:08.2725631Z 
2026-10-03T08:11:08.2726175Z FAIL: COREFOUNDATION — must-pass marker never emitted (suite did not reach it, or the image predates the capability; overlay to warn if that is expected)
2026-10-03T08:11:08.2726718Z 
2026-10-03T08:11:08.2727580Z FAIL: DA-BOOT — must-pass marker never emitted (suite did not reach it, or the image predates the capability; overlay to warn if that is expected)
2026-10-03T08:11:08.2728310Z 
2026-10-03T08:11:08.2728866Z FAIL: DOMAIN-DIRS — must-pass marker never emitted (suite did not reach it, or the image predates the capability; overlay to warn if that is expected)
2026-10-03T08:11:08.2729719Z 
2026-10-03T08:11:08.2730561Z FAIL: FBSDGLUE — must-pass marker never emitted (suite did not reach it, or the image predates the capability; overlay to warn if that is expected)
2026-10-03T08:11:08.2731086Z 
2026-10-03T08:11:08.2731638Z FAIL: FILECMD-LEAF — must-pass marker never emitted (suite did not reach it, or the image predates the capability; overlay to warn if that is expected)
2026-10-03T08:11:08.2732171Z 
2026-10-03T08:11:08.2732705Z FAIL: HOST-BOOTSTRAP — must-pass marker never emitted (suite did not reach it, or the image predates the capability; overlay to warn if that is expected)
2026-10-03T08:11:08.2733295Z 
2026-10-03T08:11:08.2734080Z FAIL: HOSTNAMED — must-pass marker never emitted (suite did not reach it, or the image predates the capability; overlay to warn if that is expected)
2026-10-03T08:11:08.2735048Z 
2026-10-03T08:11:08.2735661Z FAIL: HOSTNAMED-DHCP — must-pass marker never emitted (suite did not reach it, or the image predates the capability; overlay to warn if that is expected)
2026-10-03T08:11:08.2736215Z 
2026-10-03T08:11:08.2736982Z FAIL: HOSTNAMED-PREFS — must-pass marker never emitted (suite did not reach it, or the image predates the capability; overlay to warn if that is expected)
2026-10-03T08:11:08.2737558Z 
2026-10-03T08:11:08.2738089Z FAIL: IPCFG-ARP — must-pass marker never emitted (suite did not reach it, or the image predates the capability; overlay to warn if that is expected)
2026-10-03T08:11:08.2738613Z 
2026-10-03T08:11:08.2739132Z FAIL: IPCFG-BOOT — must-pass marker never emitted (suite did not reach it, or the image predates the capability; overlay to warn if that is expected)
2026-10-03T08:11:08.2739656Z 
2026-10-03T08:11:08.2740164Z FAIL: IPCFG-BOUND — must-pass marker never emitted (suite did not reach it, or the image predates the capability; overlay to warn if that is expected)
2026-10-03T08:11:08.2740692Z 
2026-10-03T08:11:08.2741207Z FAIL: IPCFG-DHCP — must-pass marker never emitted (suite did not reach it, or the image predates the capability; overlay to warn if that is expected)
2026-10-03T08:11:08.2741901Z 
2026-10-03T08:11:08.2742442Z FAIL: IPCFG-IPCONFIG — must-pass marker never emitted (suite did not reach it, or the image predates the capability; overlay to warn if that is expected)
2026-10-03T08:11:08.2742984Z 
2026-10-03T08:11:08.2743492Z FAIL: IPCFG-RA — must-pass marker never emitted (suite did not reach it, or the image predates the capability; overlay to warn if that is expected)
2026-10-03T08:11:08.2744015Z 
2026-10-03T08:11:08.2744526Z FAIL: IPCFG-RENEW — must-pass marker never emitted (suite did not reach it, or the image predates the capability; overlay to warn if that is expected)
2026-10-03T08:11:08.2745052Z 
2026-10-03T08:11:08.2745569Z FAIL: IPCFG-RPC — must-pass marker never emitted (suite did not reach it, or the image predates the capability; overlay to warn if that is expected)
2026-10-03T08:11:08.2746083Z 
2026-10-03T08:11:08.2746603Z FAIL: IPCFG-STORE — must-pass marker never emitted (suite did not reach it, or the image predates the capability; overlay to warn if that is expected)
2026-10-03T08:11:08.2747779Z 
2026-10-03T08:11:08.2748751Z FAIL: KEM-LINK — must-pass marker never emitted (suite did not reach it, or the image predates the capability; overlay to warn if that is expected)
2026-10-03T08:11:08.2749706Z 
2026-10-03T08:11:08.2750900Z FAIL: LAUNCHCTL-BUILD — must-pass marker never emitted (suite did not reach it, or the image predates the capability; overlay to warn if that is expected)
2026-10-03T08:11:08.2751836Z 
2026-10-03T08:11:08.2752575Z FAIL: LAUNCHCTL-LIST — must-pass marker never emitted (suite did not reach it, or the image predates the capability; overlay to warn if that is expected)
2026-10-03T08:11:08.2753491Z 
2026-10-03T08:11:08.2754464Z FAIL: LAUNCHD-BUILD — must-pass marker never emitted (suite did not reach it, or the image predates the capability; overlay to warn if that is expected)
2026-10-03T08:11:08.2755416Z 
2026-10-03T08:11:08.2756262Z FAIL: LIBDISPATCH — must-pass marker never emitted (suite did not reach it, or the image predates the capability; overlay to warn if that is expected)
2026-10-03T08:11:08.2757606Z 
2026-10-03T08:11:08.2758203Z FAIL: LIBDISPATCH-MACH — must-pass marker never emitted (suite did not reach it, or the image predates the capability; overlay to warn if that is expected)
2026-10-03T08:11:08.2758769Z 
2026-10-03T08:11:08.2759338Z FAIL: LIBSYSTEM-KERNEL — must-pass marker never emitted (suite did not reach it, or the image predates the capability; overlay to warn if that is expected)
2026-10-03T08:11:08.2759900Z 
2026-10-03T08:11:08.2760406Z FAIL: LIBXPC — must-pass marker never emitted (suite did not reach it, or the image predates the capability; overlay to warn if that is expected)
2026-10-03T08:11:08.2760912Z 
2026-10-03T08:11:08.2761441Z FAIL: LINUX-MOUNTS — must-pass marker never emitted (suite did not reach it, or the image predates the capability; overlay to warn if that is expected)
2026-10-03T08:11:08.2761980Z 
2026-10-03T08:11:08.2762493Z FAIL: MACH-PORT — must-pass marker never emitted (suite did not reach it, or the image predates the capability; overlay to warn if that is expected)
2026-10-03T08:11:08.2763029Z 
2026-10-03T08:11:08.2763536Z FAIL: MACH-SMOKE — must-pass marker never emitted (suite did not reach it, or the image predates the capability; overlay to warn if that is expected)
2026-10-03T08:11:08.2764070Z 
2026-10-03T08:11:08.2764583Z FAIL: MDNS-BOOT — must-pass marker never emitted (suite did not reach it, or the image predates the capability; overlay to warn if that is expected)
2026-10-03T08:11:08.2765093Z 
2026-10-03T08:11:08.2765605Z FAIL: MDNS-DNSSD — must-pass marker never emitted (suite did not reach it, or the image predates the capability; overlay to warn if that is expected)
2026-10-03T08:11:08.2766127Z 
2026-10-03T08:11:08.2766639Z FAIL: MDNS-ENGINE — must-pass marker never emitted (suite did not reach it, or the image predates the capability; overlay to warn if that is expected)
2026-10-03T08:11:08.2767422Z 
2026-10-03T08:11:08.2768151Z FAIL: MDNS-IFWATCH — must-pass marker never emitted (suite did not reach it, or the image predates the capability; overlay to warn if that is expected)
2026-10-03T08:11:08.2768689Z 
2026-10-03T08:11:08.2769201Z FAIL: MIG-BUILD — must-pass marker never emitted (suite did not reach it, or the image predates the capability; overlay to warn if that is expected)
2026-10-03T08:11:08.2769728Z 
2026-10-03T08:11:08.2770254Z FAIL: NOTIFYD-PROC — must-pass marker never emitted (suite did not reach it, or the image predates the capability; overlay to warn if that is expected)
2026-10-03T08:11:08.2770778Z 
2026-10-03T08:11:08.2771282Z FAIL: SC-BOND — must-pass marker never emitted (suite did not reach it, or the image predates the capability; overlay to warn if that is expected)
2026-10-03T08:11:08.2771790Z 
2026-10-03T08:11:08.2772294Z FAIL: SC-BRIDGE — must-pass marker never emitted (suite did not reach it, or the image predates the capability; overlay to warn if that is expected)
2026-10-03T08:11:08.2772810Z 
2026-10-03T08:11:08.2773313Z FAIL: SC-LOCK — must-pass marker never emitted (suite did not reach it, or the image predates the capability; overlay to warn if that is expected)
2026-10-03T08:11:08.2773820Z 
2026-10-03T08:11:08.2774456Z FAIL: SC-MULTI — must-pass marker never emitted (suite did not reach it, or the image predates the capability; overlay to warn if that is expected)
2026-10-03T08:11:08.2774981Z 
2026-10-03T08:11:08.2775491Z FAIL: SC-NETIF — must-pass marker never emitted (suite did not reach it, or the image predates the capability; overlay to warn if that is expected)
2026-10-03T08:11:08.2776007Z 
2026-10-03T08:11:08.2776517Z FAIL: SC-NETSET — must-pass marker never emitted (suite did not reach it, or the image predates the capability; overlay to warn if that is expected)
2026-10-03T08:11:08.2777277Z 
2026-10-03T08:11:08.2777791Z FAIL: SC-NETSVC — must-pass marker never emitted (suite did not reach it, or the image predates the capability; overlay to warn if that is expected)
2026-10-03T08:11:08.2778322Z 
2026-10-03T08:11:08.2778833Z FAIL: SC-NOTIFY — must-pass marker never emitted (suite did not reach it, or the image predates the capability; overlay to warn if that is expected)
2026-10-03T08:11:08.2779352Z 
2026-10-03T08:11:08.2779864Z FAIL: SC-PATH — must-pass marker never emitted (suite did not reach it, or the image predates the capability; overlay to warn if that is expected)
2026-10-03T08:11:08.2780367Z 
2026-10-03T08:11:08.2780872Z FAIL: SC-PLINK — must-pass marker never emitted (suite did not reach it, or the image predates the capability; overlay to warn if that is expected)
2026-10-03T08:11:08.2781393Z 
2026-10-03T08:11:08.2781905Z FAIL: SC-PNOTIFY — must-pass marker never emitted (suite did not reach it, or the image predates the capability; overlay to warn if that is expected)
2026-10-03T08:11:08.2782430Z 
2026-10-03T08:11:08.2782934Z FAIL: SC-PREFS — must-pass marker never emitted (suite did not reach it, or the image predates the capability; overlay to warn if that is expected)
2026-10-03T08:11:08.2783456Z 
2026-10-03T08:11:08.2783966Z FAIL: SC-RUNLOOP — must-pass marker never emitted (suite did not reach it, or the image predates the capability; overlay to warn if that is expected)
2026-10-03T08:11:08.2784481Z 
2026-10-03T08:11:08.2784988Z FAIL: SC-STORE — must-pass marker never emitted (suite did not reach it, or the image predates the capability; overlay to warn if that is expected)
2026-10-03T08:11:08.2785524Z 
2026-10-03T08:11:08.2786015Z FAIL: SC-VLAN — must-pass marker never emitted (suite did not reach it, or the image predates the capability; overlay to warn if that is expected)
2026-10-03T08:11:08.2786525Z 
2026-10-03T08:11:08.2787335Z FAIL: SERVICE-LDCONFIG — must-pass marker never emitted (suite did not reach it, or the image predates the capability; overlay to warn if that is expected)
2026-10-03T08:11:08.2787905Z 
2026-10-03T08:11:08.2788450Z FAIL: SHELLCMD-LEAF — must-pass marker never emitted (suite did not reach it, or the image predates the capability; overlay to warn if that is expected)
2026-10-03T08:11:08.2789143Z 
2026-10-03T08:11:08.2789667Z FAIL: SYSCMD-LEAF — must-pass marker never emitted (suite did not reach it, or the image predates the capability; overlay to warn if that is expected)
2026-10-03T08:11:08.2790192Z 
2026-10-03T08:11:08.2790714Z FAIL: SYSLOG-RUN — must-pass marker never emitted (suite did not reach it, or the image predates the capability; overlay to warn if that is expected)
2026-10-03T08:11:08.2791238Z 
2026-10-03T08:11:08.2791760Z FAIL: SYSLOGD-PROC — must-pass marker never emitted (suite did not reach it, or the image predates the capability; overlay to warn if that is expected)
2026-10-03T08:11:08.2792293Z 
2026-10-03T08:11:08.2792845Z FAIL: TASK-SPECIAL-PORT — must-pass marker never emitted (suite did not reach it, or the image predates the capability; overlay to warn if that is expected)
2026-10-03T08:11:08.2793404Z 
2026-10-03T08:11:08.2793926Z FAIL: TEXTCMD-LEAF — must-pass marker never emitted (suite did not reach it, or the image predates the capability; overlay to warn if that is expected)
2026-10-03T08:11:08.2794459Z 
2026-10-03T08:11:08.2794977Z FAIL: WAITQUIET — must-pass marker never emitted (suite did not reach it, or the image predates the capability; overlay to warn if that is expected)
2026-10-03T08:11:08.2795498Z 
2026-10-03T08:11:08.2795764Z FAIL: 66 must-pass marker(s) missing from the suite output
2026-10-03T08:11:08.2796114Z NEXTBSD-TEST-SUMMARY ok=7 fail=0 skip=0
2026-10-03T08:11:08.2796633Z ==> boot-test FAILED rc=1 (arch=amd64 suite=/usr/tests/freebsd-launchd-mach/run.sh /usr/tests/nextbsd-iokit/run.sh)
2026-10-03T08:11:08.2797370Z     serial transcript: tests/boot.log
2026-10-03T08:11:08.2797747Z SELFTEST FAIL: case two-suite — expected rc 0, got 1
2026-10-03T08:11:08.2798042Z ==> SELFTEST FAILED
2026-10-03T08:11:08.2810210Z ##[error]Process completed with exit code 1.
2026-10-03T08:11:08.2945029Z Post job cleanup.
2026-10-03T08:11:08.3791118Z [command]/usr/bin/git version
2026-10-03T08:11:08.3836210Z git version 2.55.0
2026-10-03T08:11:08.3877559Z Temporarily overriding HOME='/home/runner/work/_temp/9c9028e8-30fd-4597-ab50-aa00272cc1ca' before making global git config changes
2026-10-03T08:11:08.3879115Z Adding repository directory to the temporary git global config as a safe directory
2026-10-03T08:11:08.3883293Z [command]/usr/bin/git config --global --add safe.directory /home/runner/work/nextbsd-ci/nextbsd-ci
2026-10-03T08:11:08.3925963Z [command]/usr/bin/git config --local --name-only --get-regexp core\.sshCommand
2026-10-03T08:11:08.3964698Z [command]/usr/bin/git submodule foreach --recursive sh -c "git config --local --name-only --get-regexp 'core\.sshCommand' && git config --local --unset-all 'core.sshCommand' || :"
2026-10-03T08:11:08.4220319Z [command]/usr/bin/git config --local --name-only --get-regexp http\.https\:\/\/github\.com\/\.extraheader
2026-10-03T08:11:08.4248687Z http.https://github.com/.extraheader
2026-10-03T08:11:08.4269096Z [command]/usr/bin/git config --local --unset-all http.https://github.com/.extraheader
2026-10-03T08:11:08.4303817Z [command]/usr/bin/git submodule foreach --recursive sh -c "git config --local --name-only --get-regexp 'http\.https\:\/\/github\.com\/\.extraheader' && git config --local --unset-all 'http.https://github.com/.extraheader' || :"
2026-10-03T08:11:08.4567924Z [command]/usr/bin/git config --local --name-only --get-regexp ^includeIf\.gitdir:
2026-10-03T08:11:08.4611091Z [command]/usr/bin/git submodule foreach --recursive git config --local --show-origin --name-only --get-regexp remote.origin.url
2026-10-03T08:11:08.5105603Z Cleaning up orphan processes
2026-10-03T08:11:08.5412408Z ##[warning]Node.js 20 is deprecated. The following actions target Node.js 20 but are being forced to run on Node.js 24: actions/checkout@v4. For more information see: https://github.blog/changelog/2025-09-19-deprecation-of-node-20-on-github-actions-runners/
