2026-10-03T11:15:23.6512711Z Current runner version: '2.337.0'
2026-10-03T11:15:23.6537364Z ##[group]Runner Image Provisioner
2026-10-03T11:15:23.6538246Z Hosted Compute Agent
2026-10-03T11:15:23.6538828Z Version: 20260901.588
2026-10-03T11:15:23.6539546Z Commit: f88ec8081b781fac6c440065ac7ff9e710ce3d0b
2026-10-03T11:15:23.6540293Z Build Date: 2026-09-01T19:56:44Z
2026-10-03T11:15:23.6541100Z Worker ID: {4639f419-d096-4ef2-8c3a-5825961680d7}
2026-10-03T11:15:23.6541832Z Azure Region: chilecentral
2026-10-03T11:15:23.6542415Z ##[endgroup]
2026-10-03T11:15:23.6543912Z ##[group]Operating System
2026-10-03T11:15:23.6544574Z Ubuntu
2026-10-03T11:15:23.6545163Z 24.04.5
2026-10-03T11:15:23.6545950Z LTS
2026-10-03T11:15:23.6546490Z ##[endgroup]
2026-10-03T11:15:23.6547114Z ##[group]Runner Image
2026-10-03T11:15:23.6547717Z Image: ubuntu-24.04
2026-10-03T11:15:23.6548392Z Version: 20260927.320.1
2026-10-03T11:15:23.6549652Z Included Software: https://github.com/actions/runner-images/blob/ubuntu24/20260927.320/images/ubuntu/Ubuntu2404-Readme.md
2026-10-03T11:15:23.6551314Z Image Release: https://github.com/actions/runner-images/releases/tag/ubuntu24%2F20260927.320
2026-10-03T11:15:23.6552313Z ##[endgroup]
2026-10-03T11:15:23.6553646Z ##[group]GITHUB_TOKEN Permissions
2026-10-03T11:15:23.6555533Z Contents: read
2026-10-03T11:15:23.6556455Z Metadata: read
2026-10-03T11:15:23.6557062Z Packages: read
2026-10-03T11:15:23.6557630Z ##[endgroup]
2026-10-03T11:15:23.6559833Z Secret source: Actions
2026-10-03T11:15:23.6560875Z Cache mode: write
2026-10-03T11:15:23.6561631Z Prepare workflow directory
2026-10-03T11:15:23.6891865Z Prepare all required actions
2026-10-03T11:15:23.6939651Z Getting action download info
2026-10-03T11:15:24.2244124Z Download action repository 'actions/checkout@v4' (SHA:11d5960a326750d5838078e36cf38b85af677262)
2026-10-03T11:15:24.4043488Z Complete job name: selftest (amd64, ubuntu-24.04)
2026-10-03T11:15:24.4867817Z ##[group]Run actions/checkout@v4
2026-10-03T11:15:24.4868777Z with:
2026-10-03T11:15:24.4869252Z   repository: nextbsd/nextbsd-ci
2026-10-03T11:15:24.4873497Z   token: ***
2026-10-03T11:15:24.4873956Z   ssh-strict: true
2026-10-03T11:15:24.4874413Z   ssh-user: git
2026-10-03T11:15:24.4874872Z   persist-credentials: true
2026-10-03T11:15:24.4875379Z   clean: true
2026-10-03T11:15:24.4876028Z   sparse-checkout-cone-mode: true
2026-10-03T11:15:24.4876561Z   fetch-depth: 1
2026-10-03T11:15:24.4877007Z   fetch-tags: false
2026-10-03T11:15:24.4877468Z   show-progress: true
2026-10-03T11:15:24.4877931Z   lfs: false
2026-10-03T11:15:24.4878348Z   submodules: false
2026-10-03T11:15:24.4878807Z   set-safe-directory: true
2026-10-03T11:15:24.4879330Z   allow-unsafe-pr-checkout: false
2026-10-03T11:15:24.4880487Z ##[endgroup]
2026-10-03T11:15:24.5914816Z Syncing repository: nextbsd/nextbsd-ci
2026-10-03T11:15:24.5917160Z ##[group]Getting Git version info
2026-10-03T11:15:24.5918042Z Working directory is '/home/runner/work/nextbsd-ci/nextbsd-ci'
2026-10-03T11:15:24.5920032Z [command]/usr/bin/git version
2026-10-03T11:15:24.6025248Z git version 2.55.0
2026-10-03T11:15:24.6050974Z ##[endgroup]
2026-10-03T11:15:24.6069575Z Temporarily overriding HOME='/home/runner/work/_temp/0ba6fa3e-53fc-4750-976b-4ab1e26f1730' before making global git config changes
2026-10-03T11:15:24.6071230Z Adding repository directory to the temporary git global config as a safe directory
2026-10-03T11:15:24.6076457Z [command]/usr/bin/git config --global --add safe.directory /home/runner/work/nextbsd-ci/nextbsd-ci
2026-10-03T11:15:24.6157667Z Deleting the contents of '/home/runner/work/nextbsd-ci/nextbsd-ci'
2026-10-03T11:15:24.6166178Z ##[group]Initializing the repository
2026-10-03T11:15:24.6167433Z [command]/usr/bin/git init /home/runner/work/nextbsd-ci/nextbsd-ci
2026-10-03T11:15:24.6289159Z hint: Using 'master' as the name for the initial branch. This default branch name
2026-10-03T11:15:24.6291038Z hint: will change to "main" in Git 3.0. To configure the initial branch name
2026-10-03T11:15:24.6292705Z hint: to use in all of your new repositories, which will suppress this warning,
2026-10-03T11:15:24.6294593Z hint: call:
2026-10-03T11:15:24.6295568Z hint:
2026-10-03T11:15:24.6297785Z hint: 	git config --global init.defaultBranch <name>
2026-10-03T11:15:24.6298947Z hint:
2026-10-03T11:15:24.6300097Z hint: Names commonly chosen instead of 'master' are 'main', 'trunk' and
2026-10-03T11:15:24.6301839Z hint: 'development'. The just-created branch can be renamed via this command:
2026-10-03T11:15:24.6303177Z hint:
2026-10-03T11:15:24.6303954Z hint: 	git branch -m <name>
2026-10-03T11:15:24.6304923Z hint:
2026-10-03T11:15:24.6306344Z hint: Disable this message with "git config set advice.defaultBranchName false"
2026-10-03T11:15:24.6308329Z Initialized empty Git repository in /home/runner/work/nextbsd-ci/nextbsd-ci/.git/
2026-10-03T11:15:24.6311771Z [command]/usr/bin/git remote add origin https://github.com/nextbsd/nextbsd-ci
2026-10-03T11:15:24.6359759Z ##[endgroup]
2026-10-03T11:15:24.6361079Z ##[group]Disabling automatic garbage collection
2026-10-03T11:15:24.6364525Z [command]/usr/bin/git config --local gc.auto 0
2026-10-03T11:15:24.6408205Z ##[endgroup]
2026-10-03T11:15:24.6409398Z ##[group]Setting up auth
2026-10-03T11:15:24.6410423Z [command]/usr/bin/git config --local --name-only --get-regexp core\.sshCommand
2026-10-03T11:15:24.6446136Z [command]/usr/bin/git submodule foreach --recursive sh -c "git config --local --name-only --get-regexp 'core\.sshCommand' && git config --local --unset-all 'core.sshCommand' || :"
2026-10-03T11:15:24.6807310Z [command]/usr/bin/git config --local --name-only --get-regexp http\.https\:\/\/github\.com\/\.extraheader
2026-10-03T11:15:24.6852962Z [command]/usr/bin/git submodule foreach --recursive sh -c "git config --local --name-only --get-regexp 'http\.https\:\/\/github\.com\/\.extraheader' && git config --local --unset-all 'http.https://github.com/.extraheader' || :"
2026-10-03T11:15:24.7088579Z [command]/usr/bin/git config --local --name-only --get-regexp ^includeIf\.gitdir:
2026-10-03T11:15:24.7126451Z [command]/usr/bin/git submodule foreach --recursive git config --local --show-origin --name-only --get-regexp remote.origin.url
2026-10-03T11:15:24.7349888Z [command]/usr/bin/git config --local http.https://github.com/.extraheader AUTHORIZATION: basic ***
2026-10-03T11:15:24.7390238Z ##[endgroup]
2026-10-03T11:15:24.7391668Z ##[group]Fetching the repository
2026-10-03T11:15:24.7402234Z [command]/usr/bin/git -c protocol.version=2 fetch --no-tags --prune --no-recurse-submodules --depth=1 origin +faef138c14e3da21df05fd68d2a590c60591c936:refs/remotes/pull/9/merge
2026-10-03T11:15:25.7434913Z From https://github.com/nextbsd/nextbsd-ci
2026-10-03T11:15:25.7437113Z  * [new ref]         faef138c14e3da21df05fd68d2a590c60591c936 -> pull/9/merge
2026-10-03T11:15:25.7441152Z ##[endgroup]
2026-10-03T11:15:25.7442857Z ##[group]Determining the checkout info
2026-10-03T11:15:25.7444934Z ##[endgroup]
2026-10-03T11:15:25.7452318Z [command]/usr/bin/git sparse-checkout disable
2026-10-03T11:15:25.7515368Z [command]/usr/bin/git config --local --unset-all extensions.worktreeConfig
2026-10-03T11:15:25.7552839Z ##[group]Checking out the ref
2026-10-03T11:15:25.7555949Z [command]/usr/bin/git checkout --progress --force refs/remotes/pull/9/merge
2026-10-03T11:15:25.7671964Z Note: switching to 'refs/remotes/pull/9/merge'.
2026-10-03T11:15:25.7672640Z 
2026-10-03T11:15:25.7673442Z You are in 'detached HEAD' state. You can look around, make experimental
2026-10-03T11:15:25.7675351Z changes and commit them, and you can discard any commits you make in this
2026-10-03T11:15:25.7677459Z state without impacting any branches by switching back to a branch.
2026-10-03T11:15:25.7678505Z 
2026-10-03T11:15:25.7679242Z If you want to create a new branch to retain commits you create, you may
2026-10-03T11:15:25.7680493Z do so (now or later) by using -c with the switch command. Example:
2026-10-03T11:15:25.7681071Z 
2026-10-03T11:15:25.7681334Z   git switch -c <new-branch-name>
2026-10-03T11:15:25.7681727Z 
2026-10-03T11:15:25.7681951Z Or undo this operation with:
2026-10-03T11:15:25.7682309Z 
2026-10-03T11:15:25.7682996Z   git switch -
2026-10-03T11:15:25.7683549Z 
2026-10-03T11:15:25.7684368Z Turn off this advice by setting config variable advice.detachedHead to false
2026-10-03T11:15:25.7685887Z 
2026-10-03T11:15:25.7687440Z HEAD is now at faef138 Merge 1a9ede03847f89adf9d78e53623f115a4aa53b99 into bae13410f0ff570b952d51053ed0c462272008b7
2026-10-03T11:15:25.7690557Z ##[endgroup]
2026-10-03T11:15:25.7733327Z [command]/usr/bin/git log -1 --format=%H
2026-10-03T11:15:25.7763691Z faef138c14e3da21df05fd68d2a590c60591c936
2026-10-03T11:15:25.8023042Z ##[group]Run sudo apt-get update && sudo apt-get install -y expect shellcheck
2026-10-03T11:15:25.8025458Z [36;1msudo apt-get update && sudo apt-get install -y expect shellcheck[0m
2026-10-03T11:15:25.8275404Z shell: /usr/bin/bash -e {0}
2026-10-03T11:15:25.8276870Z ##[endgroup]
2026-10-03T11:15:25.9038366Z Get:1 file:/etc/apt/apt-mirrors.txt Mirrorlist [144 B]
2026-10-03T11:15:26.0415769Z Hit:2 http://azure.archive.ubuntu.com/ubuntu noble InRelease
2026-10-03T11:15:26.0454350Z Get:6 https://packages.microsoft.com/ubuntu/24.04/prod noble InRelease [3600 B]
2026-10-03T11:15:26.0993590Z Get:3 http://azure.archive.ubuntu.com/ubuntu noble-updates InRelease [126 kB]
2026-10-03T11:15:26.1419534Z Get:7 https://packages.microsoft.com/ubuntu/24.04/prod noble/main amd64 Packages [511 kB]
2026-10-03T11:15:26.1537448Z Get:8 https://packages.microsoft.com/ubuntu/24.04/prod noble/main arm64 Packages [458 kB]
2026-10-03T11:15:26.1590249Z Get:9 https://packages.microsoft.com/ubuntu/24.04/prod noble/main armhf Packages [12.6 kB]
2026-10-03T11:15:26.3287034Z Get:4 http://azure.archive.ubuntu.com/ubuntu noble-backports InRelease [126 kB]
2026-10-03T11:15:26.4436867Z Get:5 http://azure.archive.ubuntu.com/ubuntu noble-security InRelease [126 kB]
2026-10-03T11:15:26.5035260Z Get:10 http://azure.archive.ubuntu.com/ubuntu noble-updates/main amd64 Packages [1364 kB]
2026-10-03T11:15:26.7909675Z Get:11 http://azure.archive.ubuntu.com/ubuntu noble-updates/main Translation-en [304 kB]
2026-10-03T11:15:26.8498727Z Get:12 http://azure.archive.ubuntu.com/ubuntu noble-updates/main amd64 Components [181 kB]
2026-10-03T11:15:26.9082970Z Get:13 http://azure.archive.ubuntu.com/ubuntu noble-updates/universe amd64 Packages [1699 kB]
2026-10-03T11:15:27.0827547Z Get:14 http://azure.archive.ubuntu.com/ubuntu noble-updates/universe Translation-en [341 kB]
2026-10-03T11:15:27.1419567Z Get:15 http://azure.archive.ubuntu.com/ubuntu noble-updates/universe amd64 Components [388 kB]
2026-10-03T11:15:27.2021436Z Get:16 http://azure.archive.ubuntu.com/ubuntu noble-updates/restricted amd64 Packages [1720 kB]
2026-10-03T11:15:27.3172056Z Get:17 http://azure.archive.ubuntu.com/ubuntu noble-updates/restricted Translation-en [394 kB]
2026-10-03T11:15:27.3763073Z Get:18 http://azure.archive.ubuntu.com/ubuntu noble-updates/multiverse amd64 Components [940 B]
2026-10-03T11:15:27.4339515Z Get:19 http://azure.archive.ubuntu.com/ubuntu noble-backports/main amd64 Components [5736 B]
2026-10-03T11:15:27.5921226Z Get:20 http://azure.archive.ubuntu.com/ubuntu noble-backports/universe amd64 Components [12.6 kB]
2026-10-03T11:15:27.6497997Z Get:21 http://azure.archive.ubuntu.com/ubuntu noble-security/main amd64 Packages [1069 kB]
2026-10-03T11:15:27.7113114Z Get:22 http://azure.archive.ubuntu.com/ubuntu noble-security/main Translation-en [221 kB]
2026-10-03T11:15:27.7698859Z Get:23 http://azure.archive.ubuntu.com/ubuntu noble-security/main amd64 Components [46.5 kB]
2026-10-03T11:15:27.8276339Z Get:24 http://azure.archive.ubuntu.com/ubuntu noble-security/universe amd64 Packages [1216 kB]
2026-10-03T11:15:27.8905853Z Get:25 http://azure.archive.ubuntu.com/ubuntu noble-security/universe Translation-en [244 kB]
2026-10-03T11:15:27.9491401Z Get:26 http://azure.archive.ubuntu.com/ubuntu noble-security/universe amd64 Components [76.3 kB]
2026-10-03T11:15:28.0074987Z Get:27 http://azure.archive.ubuntu.com/ubuntu noble-security/restricted amd64 Packages [1566 kB]
2026-10-03T11:15:28.0711349Z Get:28 http://azure.archive.ubuntu.com/ubuntu noble-security/restricted Translation-en [361 kB]
2026-10-03T11:15:31.3773600Z Fetched 12.6 MB in 2s (5442 kB/s)
2026-10-03T11:15:32.1862869Z Reading package lists...
2026-10-03T11:15:32.2171810Z Reading package lists...
2026-10-03T11:15:32.3827843Z Building dependency tree...
2026-10-03T11:15:32.3838746Z Reading state information...
2026-10-03T11:15:32.5296866Z shellcheck is already the newest version (0.9.0-1).
2026-10-03T11:15:32.5297337Z The following NEW packages will be installed:
2026-10-03T11:15:32.5304268Z   expect tcl-expect
2026-10-03T11:15:32.5478465Z 0 upgraded, 2 newly installed, 0 to remove and 25 not upgraded.
2026-10-03T11:15:32.5479436Z Need to get 247 kB of archives.
2026-10-03T11:15:32.5480139Z After this operation, 538 kB of additional disk space will be used.
2026-10-03T11:15:32.5480960Z Get:1 file:/etc/apt/apt-mirrors.txt Mirrorlist [144 B]
2026-10-03T11:15:32.9692570Z Get:2 http://azure.archive.ubuntu.com/ubuntu noble/universe amd64 tcl-expect amd64 5.45.4-3 [110 kB]
2026-10-03T11:15:33.5121839Z Get:3 http://azure.archive.ubuntu.com/ubuntu noble/universe amd64 expect amd64 5.45.4-3 [137 kB]
2026-10-03T11:15:33.8072464Z Fetched 247 kB in 1s (239 kB/s)
2026-10-03T11:15:33.8281331Z Selecting previously unselected package tcl-expect:amd64.
2026-10-03T11:15:33.8548811Z (Reading database ... 
2026-10-03T11:15:33.8549403Z (Reading database ... 5%
2026-10-03T11:15:33.8549975Z (Reading database ... 10%
2026-10-03T11:15:33.8550517Z (Reading database ... 15%
2026-10-03T11:15:33.8550978Z (Reading database ... 20%
2026-10-03T11:15:33.8551456Z (Reading database ... 25%
2026-10-03T11:15:33.8551971Z (Reading database ... 30%
2026-10-03T11:15:33.8552427Z (Reading database ... 35%
2026-10-03T11:15:33.8552945Z (Reading database ... 40%
2026-10-03T11:15:33.8553461Z (Reading database ... 45%
2026-10-03T11:15:33.8553982Z (Reading database ... 50%
2026-10-03T11:15:33.8588996Z (Reading database ... 55%
2026-10-03T11:15:33.9999330Z (Reading database ... 60%
2026-10-03T11:15:34.1909420Z (Reading database ... 65%
2026-10-03T11:15:34.3974040Z (Reading database ... 70%
2026-10-03T11:15:34.5470361Z (Reading database ... 75%
2026-10-03T11:15:34.7020965Z (Reading database ... 80%
2026-10-03T11:15:34.9037048Z (Reading database ... 85%
2026-10-03T11:15:35.0542703Z (Reading database ... 90%
2026-10-03T11:15:35.1999808Z (Reading database ... 95%
2026-10-03T11:15:35.2000732Z (Reading database ... 100%
2026-10-03T11:15:35.2001195Z (Reading database ... 202296 files and directories currently installed.)
2026-10-03T11:15:35.2040881Z Preparing to unpack .../tcl-expect_5.45.4-3_amd64.deb ...
2026-10-03T11:15:35.2078814Z Unpacking tcl-expect:amd64 (5.45.4-3) ...
2026-10-03T11:15:35.2322667Z Selecting previously unselected package expect.
2026-10-03T11:15:35.2445307Z Preparing to unpack .../expect_5.45.4-3_amd64.deb ...
2026-10-03T11:15:35.2454483Z Unpacking expect (5.45.4-3) ...
2026-10-03T11:15:35.2956494Z Setting up tcl-expect:amd64 (5.45.4-3) ...
2026-10-03T11:15:35.2980626Z Setting up expect (5.45.4-3) ...
2026-10-03T11:15:35.3003050Z Processing triggers for man-db (2.12.0-4build2) ...
2026-10-03T11:15:35.3025383Z Not building database; man-db/auto-update is not 'true'.
2026-10-03T11:15:35.3037901Z Processing triggers for libc-bin (2.39-0ubuntu8.9) ...
2026-10-03T11:15:35.9370041Z 
2026-10-03T11:15:35.9370618Z Running kernel seems to be up-to-date.
2026-10-03T11:15:35.9371021Z 
2026-10-03T11:15:35.9371199Z No services need to be restarted.
2026-10-03T11:15:35.9371418Z 
2026-10-03T11:15:35.9371529Z No containers need to be restarted.
2026-10-03T11:15:35.9371895Z 
2026-10-03T11:15:35.9372128Z No user sessions are running outdated binaries.
2026-10-03T11:15:35.9372464Z 
2026-10-03T11:15:35.9372784Z No VM guests are running outdated hypervisor (qemu) binaries on this host.
2026-10-03T11:15:36.7921959Z ##[group]Run fail=0
2026-10-03T11:15:36.7922238Z [36;1mfail=0[0m
2026-10-03T11:15:36.7922560Z [36;1mfor f in $(find harness manifest selftest -name '*.sh' -type f); do[0m
2026-10-03T11:15:36.7922998Z [36;1m  sh -n "$f" || { echo "sh -n failed: $f"; fail=1; }[0m
2026-10-03T11:15:36.7923462Z [36;1mdone[0m
2026-10-03T11:15:36.7923650Z [36;1mexit $fail[0m
2026-10-03T11:15:36.7990977Z shell: /usr/bin/bash -e {0}
2026-10-03T11:15:36.7991233Z ##[endgroup]
2026-10-03T11:15:36.8161458Z ##[group]Run find harness manifest selftest -name '*.sh' -type f -print0 | xargs -0 -r shellcheck -x
2026-10-03T11:15:36.8162197Z [36;1mfind harness manifest selftest -name '*.sh' -type f -print0 | xargs -0 -r shellcheck -x[0m
2026-10-03T11:15:36.8222015Z shell: /usr/bin/bash -e {0}
2026-10-03T11:15:36.8222279Z ##[endgroup]
2026-10-03T11:15:37.3788775Z ##[group]Run sh manifest/validate.sh \
2026-10-03T11:15:37.3789134Z [36;1msh manifest/validate.sh \[0m
2026-10-03T11:15:37.3789408Z [36;1m  manifest/markers.tsv \[0m
2026-10-03T11:15:37.3789679Z [36;1m  manifest/overlay-nextbsd.tsv \[0m
2026-10-03T11:15:37.3790011Z [36;1m  manifest/overlay-nextbsd-userland.tsv \[0m
2026-10-03T11:15:37.3790361Z [36;1m  manifest/overlay-nextbsd-kernel.tsv[0m
2026-10-03T11:15:37.3854910Z shell: /usr/bin/bash -e {0}
2026-10-03T11:15:37.3855175Z ##[endgroup]
2026-10-03T11:15:37.3978712Z manifest/markers.tsv: 93 markers OK
2026-10-03T11:15:37.3996711Z manifest/overlay-nextbsd.tsv:  markers OK
2026-10-03T11:15:37.4014675Z manifest/overlay-nextbsd-userland.tsv:  markers OK
2026-10-03T11:15:37.4032336Z manifest/overlay-nextbsd-kernel.tsv:  markers OK
2026-10-03T11:15:37.4105160Z ##[group]Run sh selftest/run-selftest.sh
2026-10-03T11:15:37.4105516Z [36;1msh selftest/run-selftest.sh[0m
2026-10-03T11:15:37.4166309Z shell: /usr/bin/bash -e {0}
2026-10-03T11:15:37.4166565Z env:
2026-10-03T11:15:37.4166752Z   ARCH: amd64
2026-10-03T11:15:37.4166952Z ##[endgroup]
2026-10-03T11:15:37.4264193Z ==> golden: the shared patterns against production stream shapes
2026-10-03T11:15:37.4441743Z OK   loader: EDK2 autoboot countdown
2026-10-03T11:15:37.4442446Z OK   loader: UEFI self-ID (FreeBSD brand)
2026-10-03T11:15:37.4443028Z OK   loader: UEFI self-ID (NextBSD brand)
2026-10-03T11:15:37.4443612Z OK   loader: leaving the prompt to boot
2026-10-03T11:15:37.4444226Z OK   loader: kernel entry marker
2026-10-03T11:15:37.4445285Z OK   banner: synthesized hostname (amd64)
2026-10-03T11:15:37.4446154Z OK   banner: synthesized hostname (arm64)
2026-10-03T11:15:37.4446770Z OK   banner: the Amnesiac race-loser
2026-10-03T11:15:37.4447558Z OK   banner: the early-init sethostname line
2026-10-03T11:15:37.4448680Z OK   login: login(1) session message
2026-10-03T11:15:37.4449250Z OK   login: zsh prompt
2026-10-03T11:15:37.4449751Z OK   panic: page fault
2026-10-03T11:15:37.4450232Z OK   panic: data abort (arm64)
2026-10-03T11:15:37.4451081Z OK   teardown: shutdown progress
2026-10-03T11:15:37.4451632Z OK   teardown: syncing
2026-10-03T11:15:37.4452115Z OK   teardown: buffers synced
2026-10-03T11:15:37.4452618Z OK   teardown: uptime
2026-10-03T11:15:37.4453055Z OK   teardown: poweroff
2026-10-03T11:15:37.4453520Z OK   teardown: reboot (the wrong outcome)
2026-10-03T11:15:37.4455392Z OK   sentinel: summary line
2026-10-03T11:15:37.4456942Z OK   marker: OK line (LF)
2026-10-03T11:15:37.4457559Z OK   marker: FAIL line (CR LF, as the pty delivers it)
2026-10-03T11:15:37.4458272Z OK   marker: SKIP line (embedded in a burst)
2026-10-03T11:15:37.4458889Z OK   marker: the summary line is not a marker
2026-10-03T11:15:37.4459488Z OK   marker: the shell prompt is not a marker
2026-10-03T11:15:37.4460085Z OK   marker: lowercase output is not a marker
2026-10-03T11:15:37.4460557Z 
2026-10-03T11:15:37.4460933Z golden: all patterns match the production stream shapes
2026-10-03T11:15:37.4461968Z ==> manifest: schema
2026-10-03T11:15:37.4502497Z /home/runner/work/nextbsd-ci/nextbsd-ci/manifest/markers.tsv: 93 markers OK
2026-10-03T11:15:37.4520668Z /home/runner/work/nextbsd-ci/nextbsd-ci/manifest/overlay-nextbsd.tsv:  markers OK
2026-10-03T11:15:37.4539327Z /home/runner/work/nextbsd-ci/nextbsd-ci/manifest/overlay-nextbsd-userland.tsv:  markers OK
2026-10-03T11:15:37.4557141Z /home/runner/work/nextbsd-ci/nextbsd-ci/manifest/overlay-nextbsd-kernel.tsv:  markers OK
2026-10-03T11:15:37.4587987Z ==> harness vs mock guest (arch=amd64)
2026-10-03T11:15:37.4660575Z     plan: 93 markers
2026-10-03T11:15:37.4661518Z ==> case: ok (suite: /usr/tests/freebsd-launchd-mach/run.sh) — expect rc 0
2026-10-03T11:15:37.4691696Z ==> boot test: tests/fake.img
2026-10-03T11:15:37.4702088Z -rw-r--r-- 1 runner runner 0 Oct  3 11:15 tests/fake.img
2026-10-03T11:15:37.4774238Z ==> using KVM acceleration
2026-10-03T11:15:37.4774803Z ==> amd64: qemu-system-x86_64 -machine q35 | firmware 
2026-10-03T11:15:37.4943022Z spawn tclsh /home/runner/work/nextbsd-ci/nextbsd-ci/selftest/mock-guest.tcl
2026-10-03T11:15:37.5004522Z FreeBSD/amd64 EFI loader, Revision 3.0
2026-10-03T11:15:37.5004908Z 
2026-10-03T11:15:37.5004914Z 
2026-10-03T11:15:37.5005043Z Loading /boot/loader.conf
2026-10-03T11:15:37.5005221Z 
2026-10-03T11:15:37.5005225Z 
2026-10-03T11:15:37.5005436Z Hit [Enter] to boot immediately, or any other key for command prompt.
2026-10-03T11:15:37.5006123Z 
2026-10-03T11:15:37.5006156Z 
2026-10-03T11:15:37.5006311Z OK 
2026-10-03T11:15:37.5006617Z ==> at loader prompt
2026-10-03T11:15:38.6835701Z  set console=comconsole
2026-10-03T11:15:38.6836569Z OK set console=comconsole
2026-10-03T11:15:38.6836927Z 
2026-10-03T11:15:38.6836934Z 
2026-10-03T11:15:39.7462827Z OK set boot_serial=YES
2026-10-03T11:15:39.7463297Z OK set boot_serial=YES
2026-10-03T11:15:39.7463897Z 
2026-10-03T11:15:39.7463905Z 
2026-10-03T11:15:41.1299833Z OK set comconsole_speed=115200
2026-10-03T11:15:41.1300464Z OK set comconsole_speed=115200
2026-10-03T11:15:41.1300749Z 
2026-10-03T11:15:41.1300755Z 
2026-10-03T11:15:42.3132135Z OK set boot_multicons=YES
2026-10-03T11:15:42.3132639Z OK set boot_multicons=YES
2026-10-03T11:15:42.3132857Z 
2026-10-03T11:15:42.3132863Z 
2026-10-03T11:15:43.4159587Z OK set boot_mutemsgs=NO
2026-10-03T11:15:43.4160147Z OK set boot_mutemsgs=NO
2026-10-03T11:15:43.4160454Z 
2026-10-03T11:15:43.4160462Z 
2026-10-03T11:15:43.9974177Z OK boot -v
2026-10-03T11:15:43.9974694Z Booting [/boot/kernel/kernel]
2026-10-03T11:15:43.9975083Z 
2026-10-03T11:15:43.9975090Z 
2026-10-03T11:15:43.9975385Z ---<<BOOT>>---
2026-10-03T11:15:43.9975796Z 
2026-10-03T11:15:43.9975802Z 
2026-10-03T11:15:43.9976014Z Copyright (c) 1992-2025 The FreeBSD Project.
2026-10-03T11:15:43.9976366Z 
2026-10-03T11:15:43.9976372Z 
2026-10-03T11:15:43.9976567Z early-init: sethostname('selftest')
2026-10-03T11:15:43.9976875Z 
2026-10-03T11:15:43.9976880Z 
2026-10-03T11:15:43.9977161Z early-init: opened /dev/klog (kernel.log_open=1; console quiet)
2026-10-03T11:15:43.9977622Z 
2026-10-03T11:15:43.9977627Z 
2026-10-03T11:15:43.9977786Z NextBSD/amd64 (selftest) (console)
2026-10-03T11:15:43.9978094Z 
2026-10-03T11:15:43.9978098Z 
2026-10-03T11:15:43.9979314Z 
2026-10-03T11:15:43.9980036Z OK: BOOT-BANNER-OK — getty shows the synthesized hostname 'selftest'
2026-10-03T11:15:44.2988176Z login:
2026-10-03T11:15:44.2988558Z 
2026-10-03T11:15:44.2988786Z 
2026-10-03T11:15:44.2988833Z 
2026-10-03T11:15:44.2989081Z OK: boot reached the login prompt
2026-10-03T11:15:44.2989653Z admin
2026-10-03T11:15:44.2990036Z Password:
2026-10-03T11:15:44.2990265Z 
2026-10-03T11:15:44.2990272Z 
2026-10-03T11:15:44.2990282Z 
2026-10-03T11:15:44.2991238Z admin@selftest ~ % 
2026-10-03T11:15:44.2991681Z OK: logged in as admin
2026-10-03T11:15:44.2996243Z ==> running on-image suite: /usr/tests/freebsd-launchd-mach/run.sh
2026-10-03T11:15:44.3003550Z r() { if [ "$(id -u)" = 0 ]; then "$@"; else sudo "$@"; fi; }
2026-10-03T11:15:44.3004260Z admin@selftest ~ % r /usr/tests/freebsd-launchd-mach/run.sh
2026-10-03T11:15:44.3004945Z ACCT-HELPERS-OK
2026-10-03T11:15:44.3005162Z 
2026-10-03T11:15:44.3005168Z 
2026-10-03T11:15:44.3005315Z ACCT-LIFECYCLE-OK
2026-10-03T11:15:44.3005523Z 
2026-10-03T11:15:44.3005527Z 
2026-10-03T11:15:44.3005911Z ASLMANAGER-DEMAND-SKIP
2026-10-03T11:15:44.3006165Z 
2026-10-03T11:15:44.3006170Z 
2026-10-03T11:15:44.3006317Z BOOT-BANNER-SKIP
2026-10-03T11:15:44.3006520Z 
2026-10-03T11:15:44.3006525Z 
2026-10-03T11:15:44.3006677Z BOOTSTRAP-OK
2026-10-03T11:15:44.3007508Z 
2026-10-03T11:15:44.3007514Z 
2026-10-03T11:15:44.3007664Z BOOTSTRAP-REMOTE-OK
2026-10-03T11:15:44.3007900Z 
2026-10-03T11:15:44.3007906Z 
2026-10-03T11:15:44.3008035Z BUSYSTATE-OK
2026-10-03T11:15:44.3008228Z 
2026-10-03T11:15:44.3008233Z 
2026-10-03T11:15:44.3008366Z CONFIGD-LIST-OK
2026-10-03T11:15:44.3008567Z 
2026-10-03T11:15:44.3008582Z 
2026-10-03T11:15:44.3008723Z CONFIGD-MULTI-OK
2026-10-03T11:15:44.3008936Z 
2026-10-03T11:15:44.3008942Z 
2026-10-03T11:15:44.3009084Z CONFIGD-NOTIFY-OK
2026-10-03T11:15:44.3009279Z 
2026-10-03T11:15:44.3009284Z 
2026-10-03T11:15:44.3009436Z CONFIGD-PATTERN-OK
2026-10-03T11:15:44.3009653Z 
2026-10-03T11:15:44.3009658Z 
2026-10-03T11:15:44.3009800Z CONFIGD-STORE-OK
2026-10-03T11:15:44.3010001Z 
2026-10-03T11:15:44.3010015Z 
2026-10-03T11:15:44.3010153Z COREFOUNDATION-OK
2026-10-03T11:15:44.3010375Z 
2026-10-03T11:15:44.3010381Z 
2026-10-03T11:15:44.3010512Z DA-BOOT-OK
2026-10-03T11:15:44.3010697Z 
2026-10-03T11:15:44.3010702Z 
2026-10-03T11:15:44.3010843Z DA-IOKIT-OK
2026-10-03T11:15:44.3011020Z 
2026-10-03T11:15:44.3011025Z 
2026-10-03T11:15:44.3011158Z DAEMON-STATE-OK
2026-10-03T11:15:44.3011357Z 
2026-10-03T11:15:44.3011362Z 
2026-10-03T11:15:44.3011498Z DOMAIN-DIRS-OK
2026-10-03T11:15:44.3011689Z 
2026-10-03T11:15:44.3011693Z 
2026-10-03T11:15:44.3011854Z EVFILT-MACHPORT-SKIP
2026-10-03T11:15:44.3012376Z 
2026-10-03T11:15:44.3012400Z 
2026-10-03T11:15:44.3012599Z EVFILT-MACHPORT-CONCURRENT-OK
2026-10-03T11:15:44.3012926Z 
2026-10-03T11:15:44.3012931Z 
2026-10-03T11:15:44.3013165Z FBSDGLUE-OK
2026-10-03T11:15:44.3013373Z 
2026-10-03T11:15:44.3013378Z 
2026-10-03T11:15:44.3013521Z FILECMD-LEAF-OK
2026-10-03T11:15:44.3013735Z 
2026-10-03T11:15:44.3013740Z 
2026-10-03T11:15:44.3013881Z GETTY-OK
2026-10-03T11:15:44.3014053Z 
2026-10-03T11:15:44.3014059Z 
2026-10-03T11:15:44.3014186Z HOMEDIR-OK
2026-10-03T11:15:44.3014352Z 
2026-10-03T11:15:44.3014357Z 
2026-10-03T11:15:44.3014500Z HOST-BOOTSTRAP-OK
2026-10-03T11:15:44.3014701Z 
2026-10-03T11:15:44.3014762Z 
2026-10-03T11:15:44.3014899Z HOSTNAMED-OK
2026-10-03T11:15:44.3015108Z 
2026-10-03T11:15:44.3015113Z 
2026-10-03T11:15:44.3015288Z HOSTNAMED-BONJOUR-RENAME-SKIP
2026-10-03T11:15:44.3015593Z 
2026-10-03T11:15:44.3015599Z 
2026-10-03T11:15:44.3015974Z HOSTNAMED-DHCP-OK
2026-10-03T11:15:44.3016206Z 
2026-10-03T11:15:44.3016212Z 
2026-10-03T11:15:44.3016383Z HOSTNAMED-MDNS-SKIP
2026-10-03T11:15:44.3016614Z 
2026-10-03T11:15:44.3016620Z 
2026-10-03T11:15:44.3016803Z HOSTNAMED-PREFS-OK
2026-10-03T11:15:44.3017025Z 
2026-10-03T11:15:44.3017031Z 
2026-10-03T11:15:44.3017173Z IPCFG-ARP-OK
2026-10-03T11:15:44.3017367Z 
2026-10-03T11:15:44.3017380Z 
2026-10-03T11:15:44.3017522Z IPCFG-BOOT-OK
2026-10-03T11:15:44.3017727Z 
2026-10-03T11:15:44.3017732Z 
2026-10-03T11:15:44.3017872Z IPCFG-BOUND-OK
2026-10-03T11:15:44.3018077Z 
2026-10-03T11:15:44.3018082Z 
2026-10-03T11:15:44.3018219Z IPCFG-DHCP-OK
2026-10-03T11:15:44.3018424Z 
2026-10-03T11:15:44.3018430Z 
2026-10-03T11:15:44.3018588Z IPCFG-IPCONFIG-OK
2026-10-03T11:15:44.3018807Z 
2026-10-03T11:15:44.3018812Z 
2026-10-03T11:15:44.3018956Z IPCFG-RA-OK
2026-10-03T11:15:44.3019145Z 
2026-10-03T11:15:44.3019150Z 
2026-10-03T11:15:44.3019352Z IPCFG-RENEW-OK
2026-10-03T11:15:44.3019586Z 
2026-10-03T11:15:44.3019591Z 
2026-10-03T11:15:44.3019740Z IPCFG-RPC-OK
2026-10-03T11:15:44.3019931Z 
2026-10-03T11:15:44.3019936Z 
2026-10-03T11:15:44.3020101Z IPCFG-STORE-OK
2026-10-03T11:15:44.3020301Z 
2026-10-03T11:15:44.3020306Z 
2026-10-03T11:15:44.3020463Z KEM-LINK-OK
2026-10-03T11:15:44.3020648Z 
2026-10-03T11:15:44.3020653Z 
2026-10-03T11:15:44.3020797Z LAUNCHCTL-BUILD-OK
2026-10-03T11:15:44.3020997Z 
2026-10-03T11:15:44.3021002Z 
2026-10-03T11:15:44.3021143Z LAUNCHCTL-LIST-OK
2026-10-03T11:15:44.3021341Z 
2026-10-03T11:15:44.3021346Z 
2026-10-03T11:15:44.3021484Z LAUNCHD-BUILD-OK
2026-10-03T11:15:44.3021679Z 
2026-10-03T11:15:44.3021683Z 
2026-10-03T11:15:44.3021821Z LIBDISPATCH-OK
2026-10-03T11:15:44.3022019Z 
2026-10-03T11:15:44.3022024Z 
2026-10-03T11:15:44.3022386Z LIBDISPATCH-MACH-OK
2026-10-03T11:15:44.3022603Z 
2026-10-03T11:15:44.3022608Z 
2026-10-03T11:15:44.3022730Z LIBDS-OK
2026-10-03T11:15:44.3022902Z 
2026-10-03T11:15:44.3022907Z 
2026-10-03T11:15:44.3023052Z LIBSYSTEM-KERNEL-OK
2026-10-03T11:15:44.3023257Z 
2026-10-03T11:15:44.3023263Z 
2026-10-03T11:15:44.3023391Z LIBXPC-OK
2026-10-03T11:15:44.3023557Z 
2026-10-03T11:15:44.3023568Z 
2026-10-03T11:15:44.3023705Z LINUX-MOUNTS-OK
2026-10-03T11:15:44.3023904Z 
2026-10-03T11:15:44.3023908Z 
2026-10-03T11:15:44.3024043Z MACH-PORT-OK
2026-10-03T11:15:44.3024229Z 
2026-10-03T11:15:44.3024234Z 
2026-10-03T11:15:44.3024360Z MACH-SMOKE-OK
2026-10-03T11:15:44.3024546Z 
2026-10-03T11:15:44.3024552Z 
2026-10-03T11:15:44.3024677Z MDNS-BOOT-OK
2026-10-03T11:15:44.3024858Z 
2026-10-03T11:15:44.3024863Z 
2026-10-03T11:15:44.3024987Z MDNS-DNSSD-OK
2026-10-03T11:15:44.3025172Z 
2026-10-03T11:15:44.3025177Z 
2026-10-03T11:15:44.3025309Z MDNS-ENGINE-OK
2026-10-03T11:15:44.3025495Z 
2026-10-03T11:15:44.3025499Z 
2026-10-03T11:15:44.3026884Z MDNS-IFWATCH-OK
2026-10-03T11:15:44.3027113Z 
2026-10-03T11:15:44.3027118Z 
2026-10-03T11:15:44.3027292Z MDNS-STATIC-OK
2026-10-03T11:15:44.3027493Z 
2026-10-03T11:15:44.3027498Z 
2026-10-03T11:15:44.3027624Z MIG-BUILD-OK
2026-10-03T11:15:44.3027833Z 
2026-10-03T11:15:44.3027838Z 
2026-10-03T11:15:44.3027970Z NFS-OK
2026-10-03T11:15:44.3028145Z 
2026-10-03T11:15:44.3028392Z 
2026-10-03T11:15:44.3028492Z NOTIFYD-PROC-OK
2026-10-03T11:15:44.3028621Z 
2026-10-03T11:15:44.3028625Z 
2026-10-03T11:15:44.3028704Z NSS-DS-OK
2026-10-03T11:15:44.3028811Z 
2026-10-03T11:15:44.3028822Z 
2026-10-03T11:15:44.3028895Z NTP-OK
2026-10-03T11:15:44.3029000Z 
2026-10-03T11:15:44.3029003Z 
2026-10-03T11:15:44.3029158Z SC-BOND-OK
2026-10-03T11:15:44.3029324Z 
2026-10-03T11:15:44.3029328Z 
2026-10-03T11:15:44.3029442Z SC-BRIDGE-OK
2026-10-03T11:15:44.3029627Z 
2026-10-03T11:15:44.3029632Z 
2026-10-03T11:15:44.3029756Z SC-LOCK-OK
2026-10-03T11:15:44.3029908Z 
2026-10-03T11:15:44.3029912Z 
2026-10-03T11:15:44.3030029Z SC-MULTI-OK
2026-10-03T11:15:44.3030205Z 
2026-10-03T11:15:44.3030210Z 
2026-10-03T11:15:44.3030340Z SC-NETIF-OK
2026-10-03T11:15:44.3030505Z 
2026-10-03T11:15:44.3030509Z 
2026-10-03T11:15:44.3030633Z SC-NETSET-OK
2026-10-03T11:15:44.3030807Z 
2026-10-03T11:15:44.3030812Z 
2026-10-03T11:15:44.3030931Z SC-NETSVC-OK
2026-10-03T11:15:44.3031110Z 
2026-10-03T11:15:44.3031115Z 
2026-10-03T11:15:44.3031253Z SC-NOTIFY-OK
2026-10-03T11:15:44.3031410Z 
2026-10-03T11:15:44.3031413Z 
2026-10-03T11:15:44.3031498Z SC-PATH-OK
2026-10-03T11:15:44.3031601Z 
2026-10-03T11:15:44.3031605Z 
2026-10-03T11:15:44.3031694Z SC-PLINK-OK
2026-10-03T11:15:44.3031796Z 
2026-10-03T11:15:44.3031799Z 
2026-10-03T11:15:44.3031884Z SC-PNOTIFY-OK
2026-10-03T11:15:44.3032226Z 
2026-10-03T11:15:44.3032231Z 
2026-10-03T11:15:44.3032373Z SC-PREFS-OK
2026-10-03T11:15:44.3032558Z 
2026-10-03T11:15:44.3032563Z 
2026-10-03T11:15:44.3032694Z SC-RUNLOOP-OK
2026-10-03T11:15:44.3032898Z 
2026-10-03T11:15:44.3032904Z 
2026-10-03T11:15:44.3033033Z SC-STORE-OK
2026-10-03T11:15:44.3033229Z 
2026-10-03T11:15:44.3033235Z 
2026-10-03T11:15:44.3033362Z SC-VLAN-OK
2026-10-03T11:15:44.3033548Z 
2026-10-03T11:15:44.3033553Z 
2026-10-03T11:15:44.3033705Z SERVICE-LDCONFIG-OK
2026-10-03T11:15:44.3033931Z 
2026-10-03T11:15:44.3033936Z 
2026-10-03T11:15:44.3034083Z SHELLCMD-LEAF-OK
2026-10-03T11:15:44.3034298Z 
2026-10-03T11:15:44.3034301Z 
2026-10-03T11:15:44.3034394Z SUDO-OK
2026-10-03T11:15:44.3034500Z 
2026-10-03T11:15:44.3034504Z 
2026-10-03T11:15:44.3034580Z SYSCMD-LEAF-OK
2026-10-03T11:15:44.3034695Z 
2026-10-03T11:15:44.3034698Z 
2026-10-03T11:15:44.3034773Z SYSLOG-RUN-OK
2026-10-03T11:15:44.3034885Z 
2026-10-03T11:15:44.3034889Z 
2026-10-03T11:15:44.3034966Z SYSLOGD-PROC-OK
2026-10-03T11:15:44.3035089Z 
2026-10-03T11:15:44.3035092Z 
2026-10-03T11:15:44.3035181Z TASK-SPECIAL-PORT-OK
2026-10-03T11:15:44.3035311Z 
2026-10-03T11:15:44.3035314Z 
2026-10-03T11:15:44.3035394Z TEXTCMD-LEAF-OK
2026-10-03T11:15:44.3035504Z 
2026-10-03T11:15:44.3035507Z 
2026-10-03T11:15:44.3036139Z WAITQUIET-OK
2026-10-03T11:15:44.3036332Z 
2026-10-03T11:15:44.3036337Z 
2026-10-03T11:15:44.3036466Z WEDGE-CHECK-SKIP
2026-10-03T11:15:44.3036667Z 
2026-10-03T11:15:44.3036672Z 
2026-10-03T11:15:44.3036798Z ADVCMD-LEAF-OK
2026-10-03T11:15:44.3036976Z 
2026-10-03T11:15:44.3036979Z 
2026-10-03T11:15:44.3037086Z NEXTBSD-TEST-SUMMARY ok=80 fail=0 skip=6
2026-10-03T11:15:44.3037295Z 
2026-10-03T11:15:44.3037298Z 
2026-10-03T11:15:44.3037418Z admin@selftest ~ % 
2026-10-03T11:15:44.3037793Z OK: /usr/tests/freebsd-launchd-mach/run.sh: NEXTBSD-TEST-SUMMARY ok=80 fail=0 skip=6
2026-10-03T11:15:44.3038152Z 
2026-10-03T11:15:44.3040041Z DBG: transcript 2429 bytes; tail: <NL><NL>SC-RUNLOOP-OK<NL><NL><NL>SC-STORE-OK<NL><NL><NL>SC-VLAN-OK<NL><NL><NL>SERVICE-LDCONFIG-OK<NL><NL><NL>SHELLCMD-LEAF-OK<NL><NL><NL>SUDO-OK<NL><NL><NL>SYSCMD-LEAF-OK<NL><NL><NL>SYSLOG-RUN-OK<NL><NL><NL>SYSLOGD-PROC-OK<NL><NL><NL>TASK-SPECIAL-PORT-OK<NL><NL><NL>TEXTCMD-LEAF-OK<NL><NL><NL>WAITQUIET-OK<NL><NL><NL>WEDGE-CHECK-SKIP<NL><NL><NL>ADVCMD-LEAF-OK<NL><NL><NL>NEXTBSD-TEST-SUMMARY ok=80 fail=0 skip=6<NL><NL><NL>admin@selftest ~ % 
2026-10-03T11:15:44.3042855Z 
2026-10-03T11:15:44.3043027Z DBG: markers recorded: 0
2026-10-03T11:15:44.3043294Z 
2026-10-03T11:15:44.3043532Z DBG-MARK: <ACCT-HELPERS> at OK/SKIP/FAIL = 905/-1/-1
2026-10-03T11:15:44.3043939Z 
2026-10-03T11:15:44.3044417Z DBG-MARK: <ACCT-LIFECYCLE> at OK/SKIP/FAIL = 923/-1/-1
2026-10-03T11:15:44.3044832Z 
2026-10-03T11:15:44.3045046Z DBG-MARK: <ADVCMD-LEAF> at OK/SKIP/FAIL = 2350/-1/-1
2026-10-03T11:15:44.3045433Z 
2026-10-03T11:15:44.3045940Z DBG-MARK: <ASLMANAGER-DEMAND> at OK/SKIP/FAIL = -1/943/-1
2026-10-03T11:15:44.3046387Z 
2026-10-03T11:15:44.3046608Z DBG-MARK: <BOOT-BANNER> at OK/SKIP/FAIL = -1/968/-1
2026-10-03T11:15:44.3046991Z 
2026-10-03T11:15:44.3047202Z DBG-MARK: <BOOTSTRAP> at OK/SKIP/FAIL = 987/-1/-1
2026-10-03T11:15:44.3047570Z 
2026-10-03T11:15:44.3047828Z DBG-MARK: <BOOTSTRAP-REMOTE> at OK/SKIP/FAIL = 1002/-1/-1
2026-10-03T11:15:44.3048253Z 
2026-10-03T11:15:44.3048475Z DBG-MARK: <BUSYSTATE> at OK/SKIP/FAIL = 1024/-1/-1
2026-10-03T11:15:44.3048858Z 
2026-10-03T11:15:44.3050095Z FAIL: ADVCMD-LEAF — must-pass marker never emitted (suite did not reach it, or the image predates the capability; overlay to warn if that is expected)
2026-10-03T11:15:44.3051113Z 
2026-10-03T11:15:44.3052174Z FAIL: BOOTSTRAP — must-pass marker never emitted (suite did not reach it, or the image predates the capability; overlay to warn if that is expected)
2026-10-03T11:15:44.3053203Z 
2026-10-03T11:15:44.3054320Z FAIL: BOOTSTRAP-REMOTE — must-pass marker never emitted (suite did not reach it, or the image predates the capability; overlay to warn if that is expected)
2026-10-03T11:15:44.3055366Z 
2026-10-03T11:15:44.3056664Z FAIL: BUSYSTATE — must-pass marker never emitted (suite did not reach it, or the image predates the capability; overlay to warn if that is expected)
2026-10-03T11:15:44.3057689Z 
2026-10-03T11:15:44.3058756Z FAIL: CONFIGD-LIST — must-pass marker never emitted (suite did not reach it, or the image predates the capability; overlay to warn if that is expected)
2026-10-03T11:15:44.3059740Z 
2026-10-03T11:15:44.3060336Z FAIL: CONFIGD-MULTI — must-pass marker never emitted (suite did not reach it, or the image predates the capability; overlay to warn if that is expected)
2026-10-03T11:15:44.3060900Z 
2026-10-03T11:15:44.3061457Z FAIL: CONFIGD-NOTIFY — must-pass marker never emitted (suite did not reach it, or the image predates the capability; overlay to warn if that is expected)
2026-10-03T11:15:44.3062338Z 
2026-10-03T11:15:44.3063402Z FAIL: CONFIGD-PATTERN — must-pass marker never emitted (suite did not reach it, or the image predates the capability; overlay to warn if that is expected)
2026-10-03T11:15:44.3064056Z 
2026-10-03T11:15:44.3064615Z FAIL: CONFIGD-STORE — must-pass marker never emitted (suite did not reach it, or the image predates the capability; overlay to warn if that is expected)
2026-10-03T11:15:44.3065154Z 
2026-10-03T11:15:44.3066025Z FAIL: COREFOUNDATION — must-pass marker never emitted (suite did not reach it, or the image predates the capability; overlay to warn if that is expected)
2026-10-03T11:15:44.3067249Z 
2026-10-03T11:15:44.3067991Z FAIL: DA-BOOT — must-pass marker never emitted (suite did not reach it, or the image predates the capability; overlay to warn if that is expected)
2026-10-03T11:15:44.3068518Z 
2026-10-03T11:15:44.3069073Z FAIL: DOMAIN-DIRS — must-pass marker never emitted (suite did not reach it, or the image predates the capability; overlay to warn if that is expected)
2026-10-03T11:15:44.3069612Z 
2026-10-03T11:15:44.3070124Z FAIL: FBSDGLUE — must-pass marker never emitted (suite did not reach it, or the image predates the capability; overlay to warn if that is expected)
2026-10-03T11:15:44.3070651Z 
2026-10-03T11:15:44.3071176Z FAIL: FILECMD-LEAF — must-pass marker never emitted (suite did not reach it, or the image predates the capability; overlay to warn if that is expected)
2026-10-03T11:15:44.3071714Z 
2026-10-03T11:15:44.3072259Z FAIL: HOST-BOOTSTRAP — must-pass marker never emitted (suite did not reach it, or the image predates the capability; overlay to warn if that is expected)
2026-10-03T11:15:44.3072833Z 
2026-10-03T11:15:44.3073355Z FAIL: HOSTNAMED — must-pass marker never emitted (suite did not reach it, or the image predates the capability; overlay to warn if that is expected)
2026-10-03T11:15:44.3074022Z 
2026-10-03T11:15:44.3074599Z FAIL: HOSTNAMED-DHCP — must-pass marker never emitted (suite did not reach it, or the image predates the capability; overlay to warn if that is expected)
2026-10-03T11:15:44.3075153Z 
2026-10-03T11:15:44.3076009Z FAIL: HOSTNAMED-PREFS — must-pass marker never emitted (suite did not reach it, or the image predates the capability; overlay to warn if that is expected)
2026-10-03T11:15:44.3076580Z 
2026-10-03T11:15:44.3077104Z FAIL: IPCFG-ARP — must-pass marker never emitted (suite did not reach it, or the image predates the capability; overlay to warn if that is expected)
2026-10-03T11:15:44.3077792Z 
2026-10-03T11:15:44.3078329Z FAIL: IPCFG-BOOT — must-pass marker never emitted (suite did not reach it, or the image predates the capability; overlay to warn if that is expected)
2026-10-03T11:15:44.3079001Z 
2026-10-03T11:15:44.3080014Z FAIL: IPCFG-BOUND — must-pass marker never emitted (suite did not reach it, or the image predates the capability; overlay to warn if that is expected)
2026-10-03T11:15:44.3080578Z 
2026-10-03T11:15:44.3081109Z FAIL: IPCFG-DHCP — must-pass marker never emitted (suite did not reach it, or the image predates the capability; overlay to warn if that is expected)
2026-10-03T11:15:44.3081630Z 
2026-10-03T11:15:44.3082163Z FAIL: IPCFG-IPCONFIG — must-pass marker never emitted (suite did not reach it, or the image predates the capability; overlay to warn if that is expected)
2026-10-03T11:15:44.3082702Z 
2026-10-03T11:15:44.3083205Z FAIL: IPCFG-RA — must-pass marker never emitted (suite did not reach it, or the image predates the capability; overlay to warn if that is expected)
2026-10-03T11:15:44.3084187Z 
2026-10-03T11:15:44.3085059Z FAIL: IPCFG-RENEW — must-pass marker never emitted (suite did not reach it, or the image predates the capability; overlay to warn if that is expected)
2026-10-03T11:15:44.3085840Z 
2026-10-03T11:15:44.3086426Z FAIL: IPCFG-RPC — must-pass marker never emitted (suite did not reach it, or the image predates the capability; overlay to warn if that is expected)
2026-10-03T11:15:44.3086953Z 
2026-10-03T11:15:44.3087477Z FAIL: IPCFG-STORE — must-pass marker never emitted (suite did not reach it, or the image predates the capability; overlay to warn if that is expected)
2026-10-03T11:15:44.3088008Z 
2026-10-03T11:15:44.3088513Z FAIL: KEM-LINK — must-pass marker never emitted (suite did not reach it, or the image predates the capability; overlay to warn if that is expected)
2026-10-03T11:15:44.3089034Z 
2026-10-03T11:15:44.3089574Z FAIL: LAUNCHCTL-BUILD — must-pass marker never emitted (suite did not reach it, or the image predates the capability; overlay to warn if that is expected)
2026-10-03T11:15:44.3090302Z 
2026-10-03T11:15:44.3090840Z FAIL: LAUNCHCTL-LIST — must-pass marker never emitted (suite did not reach it, or the image predates the capability; overlay to warn if that is expected)
2026-10-03T11:15:44.3091379Z 
2026-10-03T11:15:44.3091919Z FAIL: LAUNCHD-BUILD — must-pass marker never emitted (suite did not reach it, or the image predates the capability; overlay to warn if that is expected)
2026-10-03T11:15:44.3092457Z 
2026-10-03T11:15:44.3092981Z FAIL: LIBDISPATCH — must-pass marker never emitted (suite did not reach it, or the image predates the capability; overlay to warn if that is expected)
2026-10-03T11:15:44.3093513Z 
2026-10-03T11:15:44.3094056Z FAIL: LIBDISPATCH-MACH — must-pass marker never emitted (suite did not reach it, or the image predates the capability; overlay to warn if that is expected)
2026-10-03T11:15:44.3094609Z 
2026-10-03T11:15:44.3095156Z FAIL: LIBSYSTEM-KERNEL — must-pass marker never emitted (suite did not reach it, or the image predates the capability; overlay to warn if that is expected)
2026-10-03T11:15:44.3095981Z 
2026-10-03T11:15:44.3096511Z FAIL: LIBXPC — must-pass marker never emitted (suite did not reach it, or the image predates the capability; overlay to warn if that is expected)
2026-10-03T11:15:44.3097291Z 
2026-10-03T11:15:44.3098494Z FAIL: LINUX-MOUNTS — must-pass marker never emitted (suite did not reach it, or the image predates the capability; overlay to warn if that is expected)
2026-10-03T11:15:44.3099075Z 
2026-10-03T11:15:44.3099611Z FAIL: MACH-PORT — must-pass marker never emitted (suite did not reach it, or the image predates the capability; overlay to warn if that is expected)
2026-10-03T11:15:44.3100137Z 
2026-10-03T11:15:44.3100968Z FAIL: MACH-SMOKE — must-pass marker never emitted (suite did not reach it, or the image predates the capability; overlay to warn if that is expected)
2026-10-03T11:15:44.3101935Z 
2026-10-03T11:15:44.3102506Z FAIL: MDNS-BOOT — must-pass marker never emitted (suite did not reach it, or the image predates the capability; overlay to warn if that is expected)
2026-10-03T11:15:44.3103041Z 
2026-10-03T11:15:44.3103567Z FAIL: MDNS-DNSSD — must-pass marker never emitted (suite did not reach it, or the image predates the capability; overlay to warn if that is expected)
2026-10-03T11:15:44.3104100Z 
2026-10-03T11:15:44.3104628Z FAIL: MDNS-ENGINE — must-pass marker never emitted (suite did not reach it, or the image predates the capability; overlay to warn if that is expected)
2026-10-03T11:15:44.3105165Z 
2026-10-03T11:15:44.3105968Z FAIL: MDNS-IFWATCH — must-pass marker never emitted (suite did not reach it, or the image predates the capability; overlay to warn if that is expected)
2026-10-03T11:15:44.3106530Z 
2026-10-03T11:15:44.3107062Z FAIL: MIG-BUILD — must-pass marker never emitted (suite did not reach it, or the image predates the capability; overlay to warn if that is expected)
2026-10-03T11:15:44.3107582Z 
2026-10-03T11:15:44.3108120Z FAIL: NOTIFYD-PROC — must-pass marker never emitted (suite did not reach it, or the image predates the capability; overlay to warn if that is expected)
2026-10-03T11:15:44.3108668Z 
2026-10-03T11:15:44.3109185Z FAIL: SC-BOND — must-pass marker never emitted (suite did not reach it, or the image predates the capability; overlay to warn if that is expected)
2026-10-03T11:15:44.3109715Z 
2026-10-03T11:15:44.3110236Z FAIL: SC-BRIDGE — must-pass marker never emitted (suite did not reach it, or the image predates the capability; overlay to warn if that is expected)
2026-10-03T11:15:44.3110762Z 
2026-10-03T11:15:44.3111430Z FAIL: SC-LOCK — must-pass marker never emitted (suite did not reach it, or the image predates the capability; overlay to warn if that is expected)
2026-10-03T11:15:44.3111955Z 
2026-10-03T11:15:44.3112539Z FAIL: SC-MULTI — must-pass marker never emitted (suite did not reach it, or the image predates the capability; overlay to warn if that is expected)
2026-10-03T11:15:44.3113560Z 
2026-10-03T11:15:44.3114434Z FAIL: SC-NETIF — must-pass marker never emitted (suite did not reach it, or the image predates the capability; overlay to warn if that is expected)
2026-10-03T11:15:44.3116020Z 
2026-10-03T11:15:44.3117088Z FAIL: SC-NETSET — must-pass marker never emitted (suite did not reach it, or the image predates the capability; overlay to warn if that is expected)
2026-10-03T11:15:44.3117918Z 
2026-10-03T11:15:44.3118508Z FAIL: SC-NETSVC — must-pass marker never emitted (suite did not reach it, or the image predates the capability; overlay to warn if that is expected)
2026-10-03T11:15:44.3119050Z 
2026-10-03T11:15:44.3119587Z FAIL: SC-NOTIFY — must-pass marker never emitted (suite did not reach it, or the image predates the capability; overlay to warn if that is expected)
2026-10-03T11:15:44.3120120Z 
2026-10-03T11:15:44.3120633Z FAIL: SC-PATH — must-pass marker never emitted (suite did not reach it, or the image predates the capability; overlay to warn if that is expected)
2026-10-03T11:15:44.3121154Z 
2026-10-03T11:15:44.3121671Z FAIL: SC-PLINK — must-pass marker never emitted (suite did not reach it, or the image predates the capability; overlay to warn if that is expected)
2026-10-03T11:15:44.3122213Z 
2026-10-03T11:15:44.3122736Z FAIL: SC-PNOTIFY — must-pass marker never emitted (suite did not reach it, or the image predates the capability; overlay to warn if that is expected)
2026-10-03T11:15:44.3123263Z 
2026-10-03T11:15:44.3123934Z FAIL: SC-PREFS — must-pass marker never emitted (suite did not reach it, or the image predates the capability; overlay to warn if that is expected)
2026-10-03T11:15:44.3124462Z 
2026-10-03T11:15:44.3124986Z FAIL: SC-RUNLOOP — must-pass marker never emitted (suite did not reach it, or the image predates the capability; overlay to warn if that is expected)
2026-10-03T11:15:44.3125502Z 
2026-10-03T11:15:44.3126322Z FAIL: SC-STORE — must-pass marker never emitted (suite did not reach it, or the image predates the capability; overlay to warn if that is expected)
2026-10-03T11:15:44.3126848Z 
2026-10-03T11:15:44.3127359Z FAIL: SC-VLAN — must-pass marker never emitted (suite did not reach it, or the image predates the capability; overlay to warn if that is expected)
2026-10-03T11:15:44.3127875Z 
2026-10-03T11:15:44.3128425Z FAIL: SERVICE-LDCONFIG — must-pass marker never emitted (suite did not reach it, or the image predates the capability; overlay to warn if that is expected)
2026-10-03T11:15:44.3128994Z 
2026-10-03T11:15:44.3129547Z FAIL: SHELLCMD-LEAF — must-pass marker never emitted (suite did not reach it, or the image predates the capability; overlay to warn if that is expected)
2026-10-03T11:15:44.3130090Z 
2026-10-03T11:15:44.3130612Z FAIL: SYSCMD-LEAF — must-pass marker never emitted (suite did not reach it, or the image predates the capability; overlay to warn if that is expected)
2026-10-03T11:15:44.3131132Z 
2026-10-03T11:15:44.3131645Z FAIL: SYSLOG-RUN — must-pass marker never emitted (suite did not reach it, or the image predates the capability; overlay to warn if that is expected)
2026-10-03T11:15:44.3132168Z 
2026-10-03T11:15:44.3132697Z FAIL: SYSLOGD-PROC — must-pass marker never emitted (suite did not reach it, or the image predates the capability; overlay to warn if that is expected)
2026-10-03T11:15:44.3133228Z 
2026-10-03T11:15:44.3133786Z FAIL: TASK-SPECIAL-PORT — must-pass marker never emitted (suite did not reach it, or the image predates the capability; overlay to warn if that is expected)
2026-10-03T11:15:44.3134341Z 
2026-10-03T11:15:44.3134862Z FAIL: TEXTCMD-LEAF — must-pass marker never emitted (suite did not reach it, or the image predates the capability; overlay to warn if that is expected)
2026-10-03T11:15:44.3135387Z 
2026-10-03T11:15:44.3136117Z FAIL: WAITQUIET — must-pass marker never emitted (suite did not reach it, or the image predates the capability; overlay to warn if that is expected)
2026-10-03T11:15:44.3136642Z 
2026-10-03T11:15:44.3136794Z FAIL: 67 must-pass marker(s) missing from the suite output
2026-10-03T11:15:44.3137145Z NEXTBSD-TEST-SUMMARY ok=80 fail=0 skip=6
2026-10-03T11:15:44.3137546Z ==> boot-test FAILED rc=1 (arch=amd64 suite=/usr/tests/freebsd-launchd-mach/run.sh)
2026-10-03T11:15:44.3138103Z     serial transcript: tests/boot.log
2026-10-03T11:15:44.3141359Z SELFTEST FAIL: case ok — expected rc 0, got 1
2026-10-03T11:15:44.3142003Z ==> case: fail (suite: /usr/tests/freebsd-launchd-mach/run.sh) — expect rc 1
2026-10-03T11:15:44.3171023Z ==> boot test: tests/fake.img
2026-10-03T11:15:44.3181610Z -rw-r--r-- 1 runner runner 0 Oct  3 11:15 tests/fake.img
2026-10-03T11:15:44.3253909Z ==> using KVM acceleration
2026-10-03T11:15:44.3254442Z ==> amd64: qemu-system-x86_64 -machine q35 | firmware 
2026-10-03T11:15:44.3427180Z spawn tclsh /home/runner/work/nextbsd-ci/nextbsd-ci/selftest/mock-guest.tcl
2026-10-03T11:15:44.3472342Z FreeBSD/amd64 EFI loader, Revision 3.0
2026-10-03T11:15:44.3472692Z 
2026-10-03T11:15:44.3472697Z 
2026-10-03T11:15:44.3472802Z Loading /boot/loader.conf
2026-10-03T11:15:44.3472958Z 
2026-10-03T11:15:44.3472962Z 
2026-10-03T11:15:44.3473152Z Hit [Enter] to boot immediately, or any other key for command prompt.
2026-10-03T11:15:44.3473444Z 
2026-10-03T11:15:44.3473447Z 
2026-10-03T11:15:44.3473530Z OK 
2026-10-03T11:15:44.3473710Z ==> at loader prompt
2026-10-03T11:15:45.5304977Z  set console=comconsole
2026-10-03T11:15:45.5305405Z OK set console=comconsole
2026-10-03T11:15:45.5305934Z 
2026-10-03T11:15:45.5305944Z 
2026-10-03T11:15:46.5932022Z OK set boot_serial=YES
2026-10-03T11:15:46.5932539Z OK set boot_serial=YES
2026-10-03T11:15:46.5932761Z 
2026-10-03T11:15:46.5932766Z 
2026-10-03T11:15:47.9767041Z OK set comconsole_speed=115200
2026-10-03T11:15:47.9767576Z OK set comconsole_speed=115200
2026-10-03T11:15:47.9767886Z 
2026-10-03T11:15:47.9767892Z 
2026-10-03T11:15:49.1598544Z OK set boot_multicons=YES
2026-10-03T11:15:49.1599166Z OK set boot_multicons=YES
2026-10-03T11:15:49.1599456Z 
2026-10-03T11:15:49.1599462Z 
2026-10-03T11:15:50.2626232Z OK set boot_mutemsgs=NO
2026-10-03T11:15:50.2626971Z OK set boot_mutemsgs=NO
2026-10-03T11:15:50.2627179Z 
2026-10-03T11:15:50.2627185Z 
2026-10-03T11:15:50.8442257Z OK boot -v
2026-10-03T11:15:50.8442847Z Booting [/boot/kernel/kernel]
2026-10-03T11:15:50.8443209Z 
2026-10-03T11:15:50.8443216Z 
2026-10-03T11:15:50.8443386Z ---<<BOOT>>---
2026-10-03T11:15:50.8443611Z 
2026-10-03T11:15:50.8443617Z 
2026-10-03T11:15:50.8443829Z Copyright (c) 1992-2025 The FreeBSD Project.
2026-10-03T11:15:50.8444239Z 
2026-10-03T11:15:50.8444271Z 
2026-10-03T11:15:50.8444463Z early-init: sethostname('selftest')
2026-10-03T11:15:50.8444800Z 
2026-10-03T11:15:50.8444806Z 
2026-10-03T11:15:50.8445104Z early-init: opened /dev/klog (kernel.log_open=1; console quiet)
2026-10-03T11:15:50.8445948Z 
2026-10-03T11:15:50.8445954Z 
2026-10-03T11:15:50.8446138Z NextBSD/amd64 (selftest) (console)
2026-10-03T11:15:50.8446463Z 
2026-10-03T11:15:50.8446467Z 
2026-10-03T11:15:50.8448187Z 
2026-10-03T11:15:50.8449047Z OK: BOOT-BANNER-OK — getty shows the synthesized hostname 'selftest'
2026-10-03T11:15:51.1456240Z login:
2026-10-03T11:15:51.1456529Z 
2026-10-03T11:15:51.1456538Z 
2026-10-03T11:15:51.1456876Z 
2026-10-03T11:15:51.1457124Z OK: boot reached the login prompt
2026-10-03T11:15:51.1458101Z admin
2026-10-03T11:15:51.1458523Z Password:
2026-10-03T11:15:51.1458769Z 
2026-10-03T11:15:51.1458783Z 
2026-10-03T11:15:51.1459095Z 
2026-10-03T11:15:51.1460032Z admin@selftest ~ % 
2026-10-03T11:15:51.1460413Z OK: logged in as admin
2026-10-03T11:15:51.1464856Z ==> running on-image suite: /usr/tests/freebsd-launchd-mach/run.sh
2026-10-03T11:15:51.1471753Z r() { if [ "$(id -u)" = 0 ]; then "$@"; else sudo "$@"; fi; }
2026-10-03T11:15:51.1472510Z admin@selftest ~ % r /usr/tests/freebsd-launchd-mach/run.sh
2026-10-03T11:15:51.1473066Z ACCT-HELPERS-OK
2026-10-03T11:15:51.1473286Z 
2026-10-03T11:15:51.1473292Z 
2026-10-03T11:15:51.1473404Z ACCT-LIFECYCLE-OK
2026-10-03T11:15:51.1473544Z 
2026-10-03T11:15:51.1473548Z 
2026-10-03T11:15:51.1473644Z ASLMANAGER-DEMAND-SKIP
2026-10-03T11:15:51.1473887Z 
2026-10-03T11:15:51.1473892Z 
2026-10-03T11:15:51.1474026Z BOOT-BANNER-SKIP
2026-10-03T11:15:51.1474561Z 
2026-10-03T11:15:51.1474566Z 
2026-10-03T11:15:51.1474703Z BOOTSTRAP-OK
2026-10-03T11:15:51.1474902Z 
2026-10-03T11:15:51.1474908Z 
2026-10-03T11:15:51.1475008Z BOOTSTRAP-REMOTE-OK
2026-10-03T11:15:51.1475146Z 
2026-10-03T11:15:51.1475150Z 
2026-10-03T11:15:51.1475286Z BUSYSTATE-OK
2026-10-03T11:15:51.1475484Z 
2026-10-03T11:15:51.1475489Z 
2026-10-03T11:15:51.1475836Z CONFIGD-LIST-OK
2026-10-03T11:15:51.1476056Z 
2026-10-03T11:15:51.1476061Z 
2026-10-03T11:15:51.1476195Z CONFIGD-MULTI-OK
2026-10-03T11:15:51.1476421Z 
2026-10-03T11:15:51.1476427Z 
2026-10-03T11:15:51.1476576Z CONFIGD-NOTIFY-OK
2026-10-03T11:15:51.1476830Z 
2026-10-03T11:15:51.1476834Z 
2026-10-03T11:15:51.1476984Z CONFIGD-PATTERN-OK
2026-10-03T11:15:51.1477204Z 
2026-10-03T11:15:51.1477209Z 
2026-10-03T11:15:51.1477356Z CONFIGD-STORE-OK
2026-10-03T11:15:51.1477588Z 
2026-10-03T11:15:51.1477593Z 
2026-10-03T11:15:51.1477735Z COREFOUNDATION-OK
2026-10-03T11:15:51.1477935Z 
2026-10-03T11:15:51.1477939Z 
2026-10-03T11:15:51.1478088Z DA-BOOT-OK
2026-10-03T11:15:51.1478307Z 
2026-10-03T11:15:51.1478312Z 
2026-10-03T11:15:51.1478479Z DA-IOKIT-OK
2026-10-03T11:15:51.1478657Z 
2026-10-03T11:15:51.1478662Z 
2026-10-03T11:15:51.1478790Z DAEMON-STATE-OK
2026-10-03T11:15:51.1479004Z 
2026-10-03T11:15:51.1479009Z 
2026-10-03T11:15:51.1479150Z DOMAIN-DIRS-OK
2026-10-03T11:15:51.1479297Z 
2026-10-03T11:15:51.1479300Z 
2026-10-03T11:15:51.1479591Z EVFILT-MACHPORT-SKIP
2026-10-03T11:15:51.1479732Z 
2026-10-03T11:15:51.1479735Z 
2026-10-03T11:15:51.1479842Z EVFILT-MACHPORT-CONCURRENT-OK
2026-10-03T11:15:51.1480009Z 
2026-10-03T11:15:51.1480012Z 
2026-10-03T11:15:51.1480088Z FBSDGLUE-OK
2026-10-03T11:15:51.1480196Z 
2026-10-03T11:15:51.1480200Z 
2026-10-03T11:15:51.1480277Z FILECMD-LEAF-OK
2026-10-03T11:15:51.1480395Z 
2026-10-03T11:15:51.1480398Z 
2026-10-03T11:15:51.1480470Z GETTY-OK
2026-10-03T11:15:51.1480574Z 
2026-10-03T11:15:51.1480577Z 
2026-10-03T11:15:51.1480657Z HOMEDIR-OK
2026-10-03T11:15:51.1480758Z 
2026-10-03T11:15:51.1480761Z 
2026-10-03T11:15:51.1480854Z HOST-BOOTSTRAP-OK
2026-10-03T11:15:51.1480972Z 
2026-10-03T11:15:51.1480975Z 
2026-10-03T11:15:51.1481054Z HOSTNAMED-OK
2026-10-03T11:15:51.1481160Z 
2026-10-03T11:15:51.1481169Z 
2026-10-03T11:15:51.1481268Z HOSTNAMED-BONJOUR-RENAME-SKIP
2026-10-03T11:15:51.1481467Z 
2026-10-03T11:15:51.1481470Z 
2026-10-03T11:15:51.1481551Z HOSTNAMED-DHCP-OK
2026-10-03T11:15:51.1481681Z 
2026-10-03T11:15:51.1481685Z 
2026-10-03T11:15:51.1481768Z HOSTNAMED-MDNS-SKIP
2026-10-03T11:15:51.1481895Z 
2026-10-03T11:15:51.1481899Z 
2026-10-03T11:15:51.1481987Z HOSTNAMED-PREFS-OK
2026-10-03T11:15:51.1482109Z 
2026-10-03T11:15:51.1482112Z 
2026-10-03T11:15:51.1482194Z IPCFG-ARP-OK
2026-10-03T11:15:51.1482302Z 
2026-10-03T11:15:51.1482306Z 
2026-10-03T11:15:51.1482389Z IPCFG-BOOT-OK
2026-10-03T11:15:51.1482497Z 
2026-10-03T11:15:51.1482506Z 
2026-10-03T11:15:51.1482583Z IPCFG-BOUND-OK
2026-10-03T11:15:51.1482813Z 
2026-10-03T11:15:51.1482817Z 
2026-10-03T11:15:51.1482932Z IPCFG-DHCP-OK
2026-10-03T11:15:51.1483108Z 
2026-10-03T11:15:51.1483119Z 
2026-10-03T11:15:51.1483249Z IPCFG-IPCONFIG-OK
2026-10-03T11:15:51.1483432Z 
2026-10-03T11:15:51.1483437Z 
2026-10-03T11:15:51.1483562Z IPCFG-RA-OK
2026-10-03T11:15:51.1483738Z 
2026-10-03T11:15:51.1483742Z 
2026-10-03T11:15:51.1483878Z IPCFG-RENEW-OK
2026-10-03T11:15:51.1484064Z 
2026-10-03T11:15:51.1484069Z 
2026-10-03T11:15:51.1484204Z IPCFG-RPC-OK
2026-10-03T11:15:51.1484380Z 
2026-10-03T11:15:51.1484392Z 
2026-10-03T11:15:51.1484518Z IPCFG-STORE-OK
2026-10-03T11:15:51.1484716Z 
2026-10-03T11:15:51.1484721Z 
2026-10-03T11:15:51.1484855Z KEM-LINK-OK
2026-10-03T11:15:51.1484978Z 
2026-10-03T11:15:51.1484982Z 
2026-10-03T11:15:51.1485067Z LAUNCHCTL-BUILD-OK
2026-10-03T11:15:51.1485190Z 
2026-10-03T11:15:51.1485194Z 
2026-10-03T11:15:51.1485282Z LAUNCHCTL-LIST-OK
2026-10-03T11:15:51.1485398Z 
2026-10-03T11:15:51.1485401Z 
2026-10-03T11:15:51.1485486Z LAUNCHD-BUILD-OK
2026-10-03T11:15:51.1485848Z 
2026-10-03T11:15:51.1485853Z 
2026-10-03T11:15:51.1485951Z LIBDISPATCH-OK
2026-10-03T11:15:51.1486237Z 
2026-10-03T11:15:51.1486240Z 
2026-10-03T11:15:51.1486332Z LIBDISPATCH-MACH-OK
2026-10-03T11:15:51.1486461Z 
2026-10-03T11:15:51.1486465Z 
2026-10-03T11:15:51.1486539Z LIBDS-OK
2026-10-03T11:15:51.1486644Z 
2026-10-03T11:15:51.1486646Z 
2026-10-03T11:15:51.1486727Z LIBSYSTEM-KERNEL-OK
2026-10-03T11:15:51.1486853Z 
2026-10-03T11:15:51.1486856Z 
2026-10-03T11:15:51.1486940Z LIBXPC-OK
2026-10-03T11:15:51.1487041Z 
2026-10-03T11:15:51.1487044Z 
2026-10-03T11:15:51.1487129Z LINUX-MOUNTS-OK
2026-10-03T11:15:51.1487242Z 
2026-10-03T11:15:51.1487245Z 
2026-10-03T11:15:51.1487329Z MACH-PORT-OK
2026-10-03T11:15:51.1487437Z 
2026-10-03T11:15:51.1487441Z 
2026-10-03T11:15:51.1487521Z MACH-SMOKE-OK
2026-10-03T11:15:51.1487633Z 
2026-10-03T11:15:51.1487636Z 
2026-10-03T11:15:51.1487712Z MDNS-BOOT-OK
2026-10-03T11:15:51.1487821Z 
2026-10-03T11:15:51.1487824Z 
2026-10-03T11:15:51.1487899Z MDNS-DNSSD-OK
2026-10-03T11:15:51.1488010Z 
2026-10-03T11:15:51.1488014Z 
2026-10-03T11:15:51.1488096Z MDNS-ENGINE-OK
2026-10-03T11:15:51.1488211Z 
2026-10-03T11:15:51.1488214Z 
2026-10-03T11:15:51.1488297Z MDNS-IFWATCH-OK
2026-10-03T11:15:51.1488409Z 
2026-10-03T11:15:51.1488413Z 
2026-10-03T11:15:51.1488492Z MDNS-STATIC-OK
2026-10-03T11:15:51.1488607Z 
2026-10-03T11:15:51.1488611Z 
2026-10-03T11:15:51.1488691Z MIG-BUILD-OK
2026-10-03T11:15:51.1488798Z 
2026-10-03T11:15:51.1488801Z 
2026-10-03T11:15:51.1488985Z NFS-OK
2026-10-03T11:15:51.1489092Z 
2026-10-03T11:15:51.1489095Z 
2026-10-03T11:15:51.1489174Z NOTIFYD-PROC-OK
2026-10-03T11:15:51.1489292Z 
2026-10-03T11:15:51.1489295Z 
2026-10-03T11:15:51.1489368Z NSS-DS-OK
2026-10-03T11:15:51.1489473Z 
2026-10-03T11:15:51.1489476Z 
2026-10-03T11:15:51.1489551Z NTP-OK
2026-10-03T11:15:51.1489647Z 
2026-10-03T11:15:51.1489650Z 
2026-10-03T11:15:51.1489729Z SC-BOND-OK
2026-10-03T11:15:51.1489830Z 
2026-10-03T11:15:51.1489833Z 
2026-10-03T11:15:51.1489914Z SC-BRIDGE-OK
2026-10-03T11:15:51.1490023Z 
2026-10-03T11:15:51.1490027Z 
2026-10-03T11:15:51.1490098Z SC-LOCK-OK
2026-10-03T11:15:51.1490207Z 
2026-10-03T11:15:51.1490210Z 
2026-10-03T11:15:51.1490284Z SC-MULTI-OK
2026-10-03T11:15:51.1490394Z 
2026-10-03T11:15:51.1490398Z 
2026-10-03T11:15:51.1490471Z SC-NETIF-OK
2026-10-03T11:15:51.1490576Z 
2026-10-03T11:15:51.1490580Z 
2026-10-03T11:15:51.1490658Z SC-NETSET-OK
2026-10-03T11:15:51.1490761Z 
2026-10-03T11:15:51.1490764Z 
2026-10-03T11:15:51.1490849Z SC-NETSVC-OK
2026-10-03T11:15:51.1490952Z 
2026-10-03T11:15:51.1490955Z 
2026-10-03T11:15:51.1491035Z SC-NOTIFY-OK
2026-10-03T11:15:51.1491137Z 
2026-10-03T11:15:51.1491146Z 
2026-10-03T11:15:51.1491219Z SC-PATH-OK
2026-10-03T11:15:51.1491325Z 
2026-10-03T11:15:51.1491328Z 
2026-10-03T11:15:51.1491402Z SC-PLINK-OK
2026-10-03T11:15:51.1491508Z 
2026-10-03T11:15:51.1491511Z 
2026-10-03T11:15:51.1491587Z SC-PNOTIFY-OK
2026-10-03T11:15:51.1491702Z 
2026-10-03T11:15:51.1491705Z 
2026-10-03T11:15:51.1491785Z SC-PREFS-OK
2026-10-03T11:15:51.1491887Z 
2026-10-03T11:15:51.1491891Z 
2026-10-03T11:15:51.1491995Z SC-RUNLOOP-OK
2026-10-03T11:15:51.1492107Z 
2026-10-03T11:15:51.1492117Z 
2026-10-03T11:15:51.1492190Z SC-STORE-OK
2026-10-03T11:15:51.1492296Z 
2026-10-03T11:15:51.1492299Z 
2026-10-03T11:15:51.1492371Z SC-VLAN-OK
2026-10-03T11:15:51.1492474Z 
2026-10-03T11:15:51.1492477Z 
2026-10-03T11:15:51.1492560Z SERVICE-LDCONFIG-OK
2026-10-03T11:15:51.1492688Z 
2026-10-03T11:15:51.1492692Z 
2026-10-03T11:15:51.1492781Z SHELLCMD-LEAF-OK
2026-10-03T11:15:51.1492898Z 
2026-10-03T11:15:51.1492901Z 
2026-10-03T11:15:51.1492979Z SUDO-OK
2026-10-03T11:15:51.1493076Z 
2026-10-03T11:15:51.1493079Z 
2026-10-03T11:15:51.1493164Z SYSCMD-LEAF-OK
2026-10-03T11:15:51.1493274Z 
2026-10-03T11:15:51.1493277Z 
2026-10-03T11:15:51.1493361Z SYSLOG-RUN-OK
2026-10-03T11:15:51.1493475Z 
2026-10-03T11:15:51.1493478Z 
2026-10-03T11:15:51.1493560Z SYSLOGD-PROC-OK
2026-10-03T11:15:51.1493728Z 
2026-10-03T11:15:51.1493733Z 
2026-10-03T11:15:51.1493882Z TASK-SPECIAL-PORT-OK
2026-10-03T11:15:51.1494118Z 
2026-10-03T11:15:51.1494123Z 
2026-10-03T11:15:51.1494266Z TEXTCMD-LEAF-OK
2026-10-03T11:15:51.1494597Z 
2026-10-03T11:15:51.1494602Z 
2026-10-03T11:15:51.1494745Z WAITQUIET-OK
2026-10-03T11:15:51.1494927Z 
2026-10-03T11:15:51.1494932Z 
2026-10-03T11:15:51.1495074Z WEDGE-CHECK-SKIP
2026-10-03T11:15:51.1495260Z 
2026-10-03T11:15:51.1495264Z 
2026-10-03T11:15:51.1495403Z ADVCMD-LEAF-FAIL
2026-10-03T11:15:51.1495821Z 
2026-10-03T11:15:51.1495826Z 
2026-10-03T11:15:51.1496018Z NEXTBSD-TEST-SUMMARY ok=79 fail=1 skip=6
2026-10-03T11:15:51.1496362Z 
2026-10-03T11:15:51.1496368Z 
2026-10-03T11:15:51.1496513Z admin@selftest ~ % 
2026-10-03T11:15:51.1497894Z FAIL: /usr/tests/freebsd-launchd-mach/run.sh: NEXTBSD-TEST-SUMMARY ok=79 fail=1 skip=6 — the suite's own verdict is a failure
2026-10-03T11:15:51.1554686Z NEXTBSD-TEST-SUMMARY ok=79 fail=1 skip=6
2026-10-03T11:15:51.1557120Z ==> boot-test FAILED rc=1 (arch=amd64 suite=/usr/tests/freebsd-launchd-mach/run.sh)
2026-10-03T11:15:51.1557803Z     serial transcript: tests/boot.log
2026-10-03T11:15:51.1558230Z SELFTEST OK:   case fail (rc=1)
2026-10-03T11:15:51.1559046Z ==> case: nosummary (suite: /usr/tests/freebsd-launchd-mach/run.sh) — expect rc 2
2026-10-03T11:15:51.1588770Z ==> boot test: tests/fake.img
2026-10-03T11:15:51.1599356Z -rw-r--r-- 1 runner runner 0 Oct  3 11:15 tests/fake.img
2026-10-03T11:15:51.1671814Z ==> using KVM acceleration
2026-10-03T11:15:51.1672555Z ==> amd64: qemu-system-x86_64 -machine q35 | firmware 
2026-10-03T11:15:51.1844920Z spawn tclsh /home/runner/work/nextbsd-ci/nextbsd-ci/selftest/mock-guest.tcl
2026-10-03T11:15:51.1891412Z FreeBSD/amd64 EFI loader, Revision 3.0
2026-10-03T11:15:51.1891728Z 
2026-10-03T11:15:51.1891733Z 
2026-10-03T11:15:51.1891831Z Loading /boot/loader.conf
2026-10-03T11:15:51.1891997Z 
2026-10-03T11:15:51.1892000Z 
2026-10-03T11:15:51.1892189Z Hit [Enter] to boot immediately, or any other key for command prompt.
2026-10-03T11:15:51.1892500Z 
2026-10-03T11:15:51.1892503Z 
2026-10-03T11:15:51.1892578Z OK 
2026-10-03T11:15:51.1892760Z ==> at loader prompt
2026-10-03T11:15:52.3721794Z  set console=comconsole
2026-10-03T11:15:52.3722487Z OK set console=comconsole
2026-10-03T11:15:52.3722817Z 
2026-10-03T11:15:52.3722836Z 
2026-10-03T11:15:53.4348897Z OK set boot_serial=YES
2026-10-03T11:15:53.4349281Z OK set boot_serial=YES
2026-10-03T11:15:53.4349478Z 
2026-10-03T11:15:53.4349483Z 
2026-10-03T11:15:54.8186307Z OK set comconsole_speed=115200
2026-10-03T11:15:54.8187108Z OK set comconsole_speed=115200
2026-10-03T11:15:54.8187378Z 
2026-10-03T11:15:54.8187384Z 
2026-10-03T11:15:56.0017980Z OK set boot_multicons=YES
2026-10-03T11:15:56.0018559Z OK set boot_multicons=YES
2026-10-03T11:15:56.0018868Z 
2026-10-03T11:15:56.0018876Z 
2026-10-03T11:15:57.1045745Z OK set boot_mutemsgs=NO
2026-10-03T11:15:57.1046594Z OK set boot_mutemsgs=NO
2026-10-03T11:15:57.1047001Z 
2026-10-03T11:15:57.1047012Z 
2026-10-03T11:15:57.6860298Z OK boot -v
2026-10-03T11:15:57.6860695Z Booting [/boot/kernel/kernel]
2026-10-03T11:15:57.6860952Z 
2026-10-03T11:15:57.6860958Z 
2026-10-03T11:15:57.6861056Z ---<<BOOT>>---
2026-10-03T11:15:57.6861207Z 
2026-10-03T11:15:57.6861211Z 
2026-10-03T11:15:57.6861337Z Copyright (c) 1992-2025 The FreeBSD Project.
2026-10-03T11:15:57.6861554Z 
2026-10-03T11:15:57.6861562Z 
2026-10-03T11:15:57.6861668Z early-init: sethostname('selftest')
2026-10-03T11:15:57.6861852Z 
2026-10-03T11:15:57.6861855Z 
2026-10-03T11:15:57.6862052Z early-init: opened /dev/klog (kernel.log_open=1; console quiet)
2026-10-03T11:15:57.6862335Z 
2026-10-03T11:15:57.6862339Z 
2026-10-03T11:15:57.6862442Z NextBSD/amd64 (selftest) (console)
2026-10-03T11:15:57.6862620Z 
2026-10-03T11:15:57.6862623Z 
2026-10-03T11:15:57.6864366Z 
2026-10-03T11:15:57.6865009Z OK: BOOT-BANNER-OK — getty shows the synthesized hostname 'selftest'
2026-10-03T11:15:57.9864061Z login:
2026-10-03T11:15:57.9864376Z 
2026-10-03T11:15:57.9864384Z 
2026-10-03T11:15:57.9864392Z 
2026-10-03T11:15:57.9864625Z OK: boot reached the login prompt
2026-10-03T11:15:57.9866026Z admin
2026-10-03T11:15:57.9866470Z Password:
2026-10-03T11:15:57.9866719Z 
2026-10-03T11:15:57.9866727Z 
2026-10-03T11:15:57.9867618Z 
2026-10-03T11:15:57.9868117Z admin@selftest ~ % 
2026-10-03T11:15:57.9868545Z OK: logged in as admin
2026-10-03T11:15:57.9872892Z ==> running on-image suite: /usr/tests/freebsd-launchd-mach/run.sh
2026-10-03T11:15:57.9878649Z r() { if [ "$(id -u)" = 0 ]; then "$@"; else sudo "$@"; fi; }
2026-10-03T11:15:57.9879364Z r /usr/tests/freebsd-launchd-mach/run.sh
2026-10-03T11:15:57.9879949Z admin@selftest ~ % ACCT-HELPERS-OK
2026-10-03T11:15:57.9880313Z 
2026-10-03T11:15:57.9880318Z 
2026-10-03T11:15:57.9880489Z ACCT-LIFECYCLE-OK
2026-10-03T11:15:57.9880743Z 
2026-10-03T11:15:57.9880750Z 
2026-10-03T11:15:57.9880934Z ASLMANAGER-DEMAND-SKIP
2026-10-03T11:15:57.9881232Z 
2026-10-03T11:15:57.9881237Z 
2026-10-03T11:15:57.9881410Z BOOT-BANNER-SKIP
2026-10-03T11:15:57.9881656Z 
2026-10-03T11:15:57.9881661Z 
2026-10-03T11:15:57.9883214Z BOOTSTRAP-OK
2026-10-03T11:15:57.9883448Z 
2026-10-03T11:15:57.9883452Z 
2026-10-03T11:15:57.9883544Z BOOTSTRAP-REMOTE-OK
2026-10-03T11:15:57.9883687Z 
2026-10-03T11:15:57.9883701Z 
2026-10-03T11:15:57.9883787Z BUSYSTATE-OK
2026-10-03T11:15:57.9883903Z 
2026-10-03T11:15:57.9883907Z 
2026-10-03T11:15:57.9883992Z CONFIGD-LIST-OK
2026-10-03T11:15:57.9884107Z 
2026-10-03T11:15:57.9884110Z 
2026-10-03T11:15:57.9884194Z CONFIGD-MULTI-OK
2026-10-03T11:15:57.9884321Z 
2026-10-03T11:15:57.9884325Z 
2026-10-03T11:15:57.9884605Z CONFIGD-NOTIFY-OK
2026-10-03T11:15:57.9884745Z 
2026-10-03T11:15:57.9884748Z 
2026-10-03T11:15:57.9884834Z CONFIGD-PATTERN-OK
2026-10-03T11:15:57.9884966Z 
2026-10-03T11:15:57.9884970Z 
2026-10-03T11:15:57.9885048Z CONFIGD-STORE-OK
2026-10-03T11:15:57.9885168Z 
2026-10-03T11:15:57.9885171Z 
2026-10-03T11:15:57.9885256Z COREFOUNDATION-OK
2026-10-03T11:15:57.9885370Z 
2026-10-03T11:15:57.9885373Z 
2026-10-03T11:15:57.9885456Z DA-BOOT-OK
2026-10-03T11:15:57.9885557Z 
2026-10-03T11:15:57.9885560Z 
2026-10-03T11:15:57.9885837Z DA-IOKIT-OK
2026-10-03T11:15:57.9885943Z 
2026-10-03T11:15:57.9885946Z 
2026-10-03T11:15:57.9886028Z DAEMON-STATE-OK
2026-10-03T11:15:57.9886155Z 
2026-10-03T11:15:57.9886159Z 
2026-10-03T11:15:57.9886487Z DOMAIN-DIRS-OK
2026-10-03T11:15:57.9886699Z 
2026-10-03T11:15:57.9886803Z 
2026-10-03T11:15:57.9887020Z EVFILT-MACHPORT-SKIP
2026-10-03T11:15:57.9887272Z 
2026-10-03T11:15:57.9887278Z 
2026-10-03T11:15:57.9887586Z EVFILT-MACHPORT-CONCURRENT-OK
2026-10-03T11:15:57.9888008Z 
2026-10-03T11:15:57.9888198Z 
2026-10-03T11:15:57.9888380Z FBSDGLUE-OK
2026-10-03T11:15:57.9888576Z 
2026-10-03T11:15:57.9888582Z 
2026-10-03T11:15:57.9888743Z FILECMD-LEAF-OK
2026-10-03T11:15:57.9888944Z 
2026-10-03T11:15:57.9888949Z 
2026-10-03T11:15:57.9889091Z GETTY-OK
2026-10-03T11:15:57.9889211Z 
2026-10-03T11:15:57.9889215Z 
2026-10-03T11:15:57.9889290Z HOMEDIR-OK
2026-10-03T11:15:57.9889399Z 
2026-10-03T11:15:57.9889402Z 
2026-10-03T11:15:57.9889484Z HOST-BOOTSTRAP-OK
2026-10-03T11:15:57.9889610Z 
2026-10-03T11:15:57.9889613Z 
2026-10-03T11:15:57.9889689Z HOSTNAMED-OK
2026-10-03T11:15:57.9889802Z 
2026-10-03T11:15:57.9889806Z 
2026-10-03T11:15:57.9889910Z HOSTNAMED-BONJOUR-RENAME-SKIP
2026-10-03T11:15:57.9890081Z 
2026-10-03T11:15:57.9890084Z 
2026-10-03T11:15:57.9890169Z HOSTNAMED-DHCP-OK
2026-10-03T11:15:57.9890286Z 
2026-10-03T11:15:57.9890319Z 
2026-10-03T11:15:57.9890401Z HOSTNAMED-MDNS-SKIP
2026-10-03T11:15:57.9890530Z 
2026-10-03T11:15:57.9890533Z 
2026-10-03T11:15:57.9890621Z HOSTNAMED-PREFS-OK
2026-10-03T11:15:57.9890743Z 
2026-10-03T11:15:57.9890751Z 
2026-10-03T11:15:57.9890833Z IPCFG-ARP-OK
2026-10-03T11:15:57.9890940Z 
2026-10-03T11:15:57.9890943Z 
2026-10-03T11:15:57.9891027Z IPCFG-BOOT-OK
2026-10-03T11:15:57.9891141Z 
2026-10-03T11:15:57.9891145Z 
2026-10-03T11:15:57.9891224Z IPCFG-BOUND-OK
2026-10-03T11:15:57.9891339Z 
2026-10-03T11:15:57.9891342Z 
2026-10-03T11:15:57.9891418Z IPCFG-DHCP-OK
2026-10-03T11:15:57.9891528Z 
2026-10-03T11:15:57.9891531Z 
2026-10-03T11:15:57.9891611Z IPCFG-IPCONFIG-OK
2026-10-03T11:15:57.9891735Z 
2026-10-03T11:15:57.9891738Z 
2026-10-03T11:15:57.9891819Z IPCFG-RA-OK
2026-10-03T11:15:57.9891923Z 
2026-10-03T11:15:57.9892089Z 
2026-10-03T11:15:57.9892178Z IPCFG-RENEW-OK
2026-10-03T11:15:57.9892288Z 
2026-10-03T11:15:57.9892291Z 
2026-10-03T11:15:57.9892377Z IPCFG-RPC-OK
2026-10-03T11:15:57.9892488Z 
2026-10-03T11:15:57.9892491Z 
2026-10-03T11:15:57.9892568Z IPCFG-STORE-OK
2026-10-03T11:15:57.9892682Z 
2026-10-03T11:15:57.9892685Z 
2026-10-03T11:15:57.9892760Z KEM-LINK-OK
2026-10-03T11:15:57.9892874Z 
2026-10-03T11:15:57.9892877Z 
2026-10-03T11:15:57.9892957Z LAUNCHCTL-BUILD-OK
2026-10-03T11:15:57.9893081Z 
2026-10-03T11:15:57.9893084Z 
2026-10-03T11:15:57.9893171Z LAUNCHCTL-LIST-OK
2026-10-03T11:15:57.9893285Z 
2026-10-03T11:15:57.9893288Z 
2026-10-03T11:15:57.9893375Z LAUNCHD-BUILD-OK
2026-10-03T11:15:57.9893490Z 
2026-10-03T11:15:57.9893493Z 
2026-10-03T11:15:57.9893577Z LIBDISPATCH-OK
2026-10-03T11:15:57.9893692Z 
2026-10-03T11:15:57.9893695Z 
2026-10-03T11:15:57.9893778Z LIBDISPATCH-MACH-OK
2026-10-03T11:15:57.9893905Z 
2026-10-03T11:15:57.9893908Z 
2026-10-03T11:15:57.9893981Z LIBDS-OK
2026-10-03T11:15:57.9894093Z 
2026-10-03T11:15:57.9894102Z 
2026-10-03T11:15:57.9894183Z LIBSYSTEM-KERNEL-OK
2026-10-03T11:15:57.9894313Z 
2026-10-03T11:15:57.9894317Z 
2026-10-03T11:15:57.9894397Z LIBXPC-OK
2026-10-03T11:15:57.9894499Z 
2026-10-03T11:15:57.9894502Z 
2026-10-03T11:15:57.9894587Z LINUX-MOUNTS-OK
2026-10-03T11:15:57.9894699Z 
2026-10-03T11:15:57.9894703Z 
2026-10-03T11:15:57.9894807Z MACH-PORT-OK
2026-10-03T11:15:57.9895063Z 
2026-10-03T11:15:57.9895067Z 
2026-10-03T11:15:57.9895145Z MACH-SMOKE-OK
2026-10-03T11:15:57.9895260Z 
2026-10-03T11:15:57.9895263Z 
2026-10-03T11:15:57.9895337Z MDNS-BOOT-OK
2026-10-03T11:15:57.9895446Z 
2026-10-03T11:15:57.9895448Z 
2026-10-03T11:15:57.9895523Z MDNS-DNSSD-OK
2026-10-03T11:15:57.9895812Z 
2026-10-03T11:15:57.9895815Z 
2026-10-03T11:15:57.9895903Z MDNS-ENGINE-OK
2026-10-03T11:15:57.9896017Z 
2026-10-03T11:15:57.9896021Z 
2026-10-03T11:15:57.9896107Z MDNS-IFWATCH-OK
2026-10-03T11:15:57.9896218Z 
2026-10-03T11:15:57.9896221Z 
2026-10-03T11:15:57.9896309Z MDNS-STATIC-OK
2026-10-03T11:15:57.9896432Z 
2026-10-03T11:15:57.9896445Z 
2026-10-03T11:15:57.9896521Z MIG-BUILD-OK
2026-10-03T11:15:57.9896631Z 
2026-10-03T11:15:57.9896634Z 
2026-10-03T11:15:57.9896710Z NFS-OK
2026-10-03T11:15:57.9896815Z 
2026-10-03T11:15:57.9896819Z 
2026-10-03T11:15:57.9896897Z NOTIFYD-PROC-OK
2026-10-03T11:15:57.9897015Z 
2026-10-03T11:15:57.9897018Z 
2026-10-03T11:15:57.9897098Z NSS-DS-OK
2026-10-03T11:15:57.9897199Z 
2026-10-03T11:15:57.9897203Z 
2026-10-03T11:15:57.9897279Z NTP-OK
2026-10-03T11:15:57.9897372Z 
2026-10-03T11:15:57.9897375Z 
2026-10-03T11:15:57.9897455Z SC-BOND-OK
2026-10-03T11:15:57.9897555Z 
2026-10-03T11:15:57.9897558Z 
2026-10-03T11:15:57.9897641Z SC-BRIDGE-OK
2026-10-03T11:15:57.9897752Z 
2026-10-03T11:15:57.9897756Z 
2026-10-03T11:15:57.9897830Z SC-LOCK-OK
2026-10-03T11:15:57.9897940Z 
2026-10-03T11:15:57.9897943Z 
2026-10-03T11:15:57.9898017Z SC-MULTI-OK
2026-10-03T11:15:57.9898123Z 
2026-10-03T11:15:57.9898126Z 
2026-10-03T11:15:57.9898207Z SC-NETIF-OK
2026-10-03T11:15:57.9898306Z 
2026-10-03T11:15:57.9898314Z 
2026-10-03T11:15:57.9898394Z SC-NETSET-OK
2026-10-03T11:15:57.9898496Z 
2026-10-03T11:15:57.9898500Z 
2026-10-03T11:15:57.9898579Z SC-NETSVC-OK
2026-10-03T11:15:57.9898680Z 
2026-10-03T11:15:57.9898683Z 
2026-10-03T11:15:57.9898762Z SC-NOTIFY-OK
2026-10-03T11:15:57.9898869Z 
2026-10-03T11:15:57.9898872Z 
2026-10-03T11:15:57.9898945Z SC-PATH-OK
2026-10-03T11:15:57.9899052Z 
2026-10-03T11:15:57.9899055Z 
2026-10-03T11:15:57.9899130Z SC-PLINK-OK
2026-10-03T11:15:57.9899235Z 
2026-10-03T11:15:57.9899238Z 
2026-10-03T11:15:57.9899316Z SC-PNOTIFY-OK
2026-10-03T11:15:57.9899428Z 
2026-10-03T11:15:57.9899431Z 
2026-10-03T11:15:57.9899510Z SC-PREFS-OK
2026-10-03T11:15:57.9899609Z 
2026-10-03T11:15:57.9899612Z 
2026-10-03T11:15:57.9899693Z SC-RUNLOOP-OK
2026-10-03T11:15:57.9899798Z 
2026-10-03T11:15:57.9899801Z 
2026-10-03T11:15:57.9899881Z SC-STORE-OK
2026-10-03T11:15:57.9899986Z 
2026-10-03T11:15:57.9899989Z 
2026-10-03T11:15:57.9900062Z SC-VLAN-OK
2026-10-03T11:15:57.9900166Z 
2026-10-03T11:15:57.9900296Z 
2026-10-03T11:15:57.9900382Z SERVICE-LDCONFIG-OK
2026-10-03T11:15:57.9900517Z 
2026-10-03T11:15:57.9900520Z 
2026-10-03T11:15:57.9900598Z SHELLCMD-LEAF-OK
2026-10-03T11:15:57.9900718Z 
2026-10-03T11:15:57.9900721Z 
2026-10-03T11:15:57.9900796Z SUDO-OK
2026-10-03T11:15:57.9900892Z 
2026-10-03T11:15:57.9900895Z 
2026-10-03T11:15:57.9900978Z SYSCMD-LEAF-OK
2026-10-03T11:15:57.9901090Z 
2026-10-03T11:15:57.9901093Z 
2026-10-03T11:15:57.9901178Z SYSLOG-RUN-OK
2026-10-03T11:15:57.9901291Z 
2026-10-03T11:15:57.9901294Z 
2026-10-03T11:15:57.9901371Z SYSLOGD-PROC-OK
2026-10-03T11:15:57.9901490Z 
2026-10-03T11:15:57.9901494Z 
2026-10-03T11:15:57.9901580Z TASK-SPECIAL-PORT-OK
2026-10-03T11:15:57.9901719Z 
2026-10-03T11:15:57.9901722Z 
2026-10-03T11:15:57.9901801Z TEXTCMD-LEAF-OK
2026-10-03T11:15:57.9901917Z 
2026-10-03T11:15:57.9901920Z 
2026-10-03T11:15:57.9902001Z WAITQUIET-OK
2026-10-03T11:15:57.9902108Z 
2026-10-03T11:15:57.9902111Z 
2026-10-03T11:15:57.9902196Z WEDGE-CHECK-SKIP
2026-10-03T11:15:57.9902311Z 
2026-10-03T11:15:57.9902321Z 
2026-10-03T11:15:57.9902406Z ADVCMD-LEAF-OK
2026-10-03T11:15:57.9902514Z 
2026-10-03T11:15:57.9902526Z 
2026-10-03T11:16:17.9888271Z admin@selftest ~ % 
2026-10-03T11:16:17.9890074Z FAIL: /usr/tests/freebsd-launchd-mach/run.sh printed no NEXTBSD-TEST-SUMMARY within the 20s budget (no sentinel — the suite hung or died)
2026-10-03T11:16:17.9891175Z 
2026-10-03T11:16:17.9894130Z DBG-TIMEOUT: transcript 2386 bytes; tail: <NL>SC-PLINK-OK<NL><NL><NL>SC-PNOTIFY-OK<NL><NL><NL>SC-PREFS-OK<NL><NL><NL>SC-RUNLOOP-OK<NL><NL><NL>SC-STORE-OK<NL><NL><NL>SC-VLAN-OK<NL><NL><NL>SERVICE-LDCONFIG-OK<NL><NL><NL>SHELLCMD-LEAF-OK<NL><NL><NL>SUDO-OK<NL><NL><NL>SYSCMD-LEAF-OK<NL><NL><NL>SYSLOG-RUN-OK<NL><NL><NL>SYSLOGD-PROC-OK<NL><NL><NL>TASK-SPECIAL-PORT-OK<NL><NL><NL>TEXTCMD-LEAF-OK<NL><NL><NL>WAITQUIET-OK<NL><NL><NL>WEDGE-CHECK-SKIP<NL><NL><NL>ADVCMD-LEAF-OK<NL><NL><NL>admin@selftest ~ % 
2026-10-03T11:16:17.9921992Z no NEXTBSD-TEST-SUMMARY in tests/boot.log
2026-10-03T11:16:17.9923444Z ==> boot-test FAILED rc=2 (arch=amd64 suite=/usr/tests/freebsd-launchd-mach/run.sh)
2026-10-03T11:16:17.9924216Z     serial transcript: tests/boot.log
2026-10-03T11:16:17.9925240Z SELFTEST OK:   case nosummary (rc=2)
2026-10-03T11:16:17.9926318Z ==> case: deadend (suite: /usr/tests/freebsd-launchd-mach/run.sh) — expect rc 2
2026-10-03T11:16:17.9957480Z ==> boot test: tests/fake.img
2026-10-03T11:16:17.9968332Z -rw-r--r-- 1 runner runner 0 Oct  3 11:15 tests/fake.img
2026-10-03T11:16:18.0044013Z ==> using KVM acceleration
2026-10-03T11:16:18.0044620Z ==> amd64: qemu-system-x86_64 -machine q35 | firmware 
2026-10-03T11:16:18.0224442Z spawn tclsh /home/runner/work/nextbsd-ci/nextbsd-ci/selftest/mock-guest.tcl
2026-10-03T11:16:18.0272188Z FreeBSD/amd64 EFI loader, Revision 3.0
2026-10-03T11:16:18.0272560Z 
2026-10-03T11:16:18.0272566Z 
2026-10-03T11:16:18.0272729Z Loading /boot/loader.conf
2026-10-03T11:16:18.0272980Z 
2026-10-03T11:16:18.0272986Z 
2026-10-03T11:16:18.0273280Z Hit [Enter] to boot immediately, or any other key for command prompt.
2026-10-03T11:16:18.0273617Z 
2026-10-03T11:16:18.0273621Z 
2026-10-03T11:16:18.0273698Z OK 
2026-10-03T11:16:18.0273889Z ==> at loader prompt
2026-10-03T11:16:19.2104987Z  set console=comconsole
2026-10-03T11:16:19.2105405Z OK set console=comconsole
2026-10-03T11:16:19.2106058Z 
2026-10-03T11:16:19.2106069Z 
2026-10-03T11:16:20.2731516Z OK set boot_serial=YES
2026-10-03T11:16:20.2731939Z OK set boot_serial=YES
2026-10-03T11:16:20.2732142Z 
2026-10-03T11:16:20.2732147Z 
2026-10-03T11:16:21.6570251Z OK set comconsole_speed=115200
2026-10-03T11:16:21.6570601Z OK set comconsole_speed=115200
2026-10-03T11:16:21.6570784Z 
2026-10-03T11:16:21.6570788Z 
2026-10-03T11:16:22.8400755Z OK set boot_multicons=YES
2026-10-03T11:16:22.8401386Z OK set boot_multicons=YES
2026-10-03T11:16:22.8401650Z 
2026-10-03T11:16:22.8401655Z 
2026-10-03T11:16:23.9429037Z OK set boot_mutemsgs=NO
2026-10-03T11:16:23.9429603Z OK set boot_mutemsgs=NO
2026-10-03T11:16:23.9429901Z 
2026-10-03T11:16:23.9429913Z 
2026-10-03T11:16:24.5243190Z OK boot -v
2026-10-03T11:16:24.5243703Z Booting [/boot/kernel/kernel]
2026-10-03T11:16:24.5244076Z 
2026-10-03T11:16:24.5244085Z 
2026-10-03T11:16:24.5244256Z ---<<BOOT>>---
2026-10-03T11:16:24.5244505Z 
2026-10-03T11:16:24.5244512Z 
2026-10-03T11:16:24.5244754Z Copyright (c) 1992-2025 The FreeBSD Project.
2026-10-03T11:16:24.5245184Z 
2026-10-03T11:16:24.5245222Z 
2026-10-03T11:16:24.5245440Z early-init: sethostname('selftest')
2026-10-03T11:16:24.5246111Z 
2026-10-03T11:16:24.5246117Z 
2026-10-03T11:16:24.5246469Z early-init: opened /dev/klog (kernel.log_open=1; console quiet)
2026-10-03T11:16:24.5247040Z 
2026-10-03T11:16:24.5247046Z 
2026-10-03T11:16:24.5247242Z NextBSD/amd64 (selftest) (console)
2026-10-03T11:16:24.5247628Z 
2026-10-03T11:16:24.5247634Z 
2026-10-03T11:16:24.5247647Z 
2026-10-03T11:16:24.5248379Z OK: BOOT-BANNER-OK — getty shows the synthesized hostname 'selftest'
2026-10-03T11:16:24.8247293Z login:
2026-10-03T11:16:24.8247588Z 
2026-10-03T11:16:24.8247597Z 
2026-10-03T11:16:24.8247635Z 
2026-10-03T11:16:24.8247869Z OK: boot reached the login prompt
2026-10-03T11:16:24.8248428Z admin
2026-10-03T11:16:24.8248824Z Password:
2026-10-03T11:16:24.8249066Z 
2026-10-03T11:16:24.8249074Z 
2026-10-03T11:16:24.8249087Z 
2026-10-03T11:16:24.8250047Z admin@selftest ~ % 
2026-10-03T11:16:24.8252060Z OK: logged in as admin
2026-10-03T11:16:24.8256503Z ==> running on-image suite: /usr/tests/freebsd-launchd-mach/run.sh
2026-10-03T11:16:24.8261716Z r() { if [ "$(id -u)" = 0 ]; then "$@"; else sudo "$@"; fi; }
2026-10-03T11:16:24.8262529Z admin@selftest ~ % r /usr/tests/freebsd-launchd-mach/run.sh
2026-10-03T11:16:24.8263260Z ACCT-HELPERS-OK
2026-10-03T11:16:24.8263519Z 
2026-10-03T11:16:24.8263685Z 
2026-10-03T11:16:24.8263833Z 
2026-10-03T11:16:24.8264700Z FAIL: /usr/tests/freebsd-launchd-mach/run.sh died (serial stream closed) before printing NEXTBSD-TEST-SUMMARY
2026-10-03T11:16:24.8265489Z 
2026-10-03T11:16:24.8267775Z DBG-EOF: transcript 923 bytes; tail: lftest')<NL><NL><NL>early-init: opened /dev/klog (kernel.log_open=1; console quiet)<NL><NL><NL>NextBSD/amd64 (selftest) (console)<NL><NL><NL>login:<NL><NL><NL>admin<NL>Password:<NL><NL><NL><NL>admin@selftest ~ % r() { if [ "$(id -u)" = 0 ]; then "$@"; else sudo "$@"; fi; }<NL>admin@selftest ~ % r /usr/tests/freebsd-launchd-mach/run.sh<NL>ACCT-HELPERS-OK<NL><NL><NL>
2026-10-03T11:16:24.8297118Z no NEXTBSD-TEST-SUMMARY in tests/boot.log
2026-10-03T11:16:24.8298416Z ==> boot-test FAILED rc=2 (arch=amd64 suite=/usr/tests/freebsd-launchd-mach/run.sh)
2026-10-03T11:16:24.8299183Z     serial transcript: tests/boot.log
2026-10-03T11:16:24.8299908Z SELFTEST OK:   case deadend (rc=2)
2026-10-03T11:16:24.8300817Z ==> case: reboot (suite: /usr/tests/freebsd-launchd-mach/run.sh) — expect rc 1
2026-10-03T11:16:24.8330809Z ==> boot test: tests/fake.img
2026-10-03T11:16:24.8341408Z -rw-r--r-- 1 runner runner 0 Oct  3 11:15 tests/fake.img
2026-10-03T11:16:24.8414322Z ==> using KVM acceleration
2026-10-03T11:16:24.8414872Z ==> amd64: qemu-system-x86_64 -machine q35 | firmware 
2026-10-03T11:16:24.8589035Z spawn tclsh /home/runner/work/nextbsd-ci/nextbsd-ci/selftest/mock-guest.tcl
2026-10-03T11:16:24.8634326Z FreeBSD/amd64 EFI loader, Revision 3.0
2026-10-03T11:16:24.8634728Z 
2026-10-03T11:16:24.8634735Z 
2026-10-03T11:16:24.8634866Z Loading /boot/loader.conf
2026-10-03T11:16:24.8635039Z 
2026-10-03T11:16:24.8635043Z 
2026-10-03T11:16:24.8635257Z Hit [Enter] to boot immediately, or any other key for command prompt.
2026-10-03T11:16:24.8635557Z 
2026-10-03T11:16:24.8635702Z 
2026-10-03T11:16:24.8635786Z OK 
2026-10-03T11:16:24.8635970Z ==> at loader prompt
2026-10-03T11:16:26.0466319Z  set console=comconsole
2026-10-03T11:16:26.0467148Z OK set console=comconsole
2026-10-03T11:16:26.0467381Z 
2026-10-03T11:16:26.0467386Z 
2026-10-03T11:16:27.1093878Z OK set boot_serial=YES
2026-10-03T11:16:27.1094453Z OK set boot_serial=YES
2026-10-03T11:16:27.1094763Z 
2026-10-03T11:16:27.1094769Z 
2026-10-03T11:16:28.4930066Z OK set comconsole_speed=115200
2026-10-03T11:16:28.4930828Z OK set comconsole_speed=115200
2026-10-03T11:16:28.4931041Z 
2026-10-03T11:16:28.4931047Z 
2026-10-03T11:16:29.6761629Z OK set boot_multicons=YES
2026-10-03T11:16:29.6762241Z OK set boot_multicons=YES
2026-10-03T11:16:29.6762517Z 
2026-10-03T11:16:29.6762522Z 
2026-10-03T11:16:30.7791014Z OK set boot_mutemsgs=NO
2026-10-03T11:16:30.7791576Z OK set boot_mutemsgs=NO
2026-10-03T11:16:30.7791922Z 
2026-10-03T11:16:30.7791931Z 
2026-10-03T11:16:31.3605679Z OK boot -v
2026-10-03T11:16:31.3606481Z Booting [/boot/kernel/kernel]
2026-10-03T11:16:31.3606855Z 
2026-10-03T11:16:31.3606863Z 
2026-10-03T11:16:31.3607023Z ---<<BOOT>>---
2026-10-03T11:16:31.3607277Z 
2026-10-03T11:16:31.3607283Z 
2026-10-03T11:16:31.3607519Z Copyright (c) 1992-2025 The FreeBSD Project.
2026-10-03T11:16:31.3607955Z 
2026-10-03T11:16:31.3607966Z 
2026-10-03T11:16:31.3608182Z early-init: sethostname('selftest')
2026-10-03T11:16:31.3608552Z 
2026-10-03T11:16:31.3608558Z 
2026-10-03T11:16:31.3608909Z early-init: opened /dev/klog (kernel.log_open=1; console quiet)
2026-10-03T11:16:31.3609493Z 
2026-10-03T11:16:31.3609499Z 
2026-10-03T11:16:31.3609705Z NextBSD/amd64 (selftest) (console)
2026-10-03T11:16:31.3610059Z 
2026-10-03T11:16:31.3610071Z 
2026-10-03T11:16:31.3610412Z 
2026-10-03T11:16:31.3611203Z OK: BOOT-BANNER-OK — getty shows the synthesized hostname 'selftest'
2026-10-03T11:16:31.6609994Z login:
2026-10-03T11:16:31.6610746Z 
2026-10-03T11:16:31.6610760Z 
2026-10-03T11:16:31.6610767Z 
2026-10-03T11:16:31.6611020Z OK: boot reached the login prompt
2026-10-03T11:16:31.6615834Z admin
2026-10-03T11:16:31.6616248Z Password:
2026-10-03T11:16:31.6616444Z 
2026-10-03T11:16:31.6616450Z 
2026-10-03T11:16:31.6616457Z 
2026-10-03T11:16:31.6616623Z admin@selftest ~ % 
2026-10-03T11:16:31.6617003Z OK: logged in as admin
2026-10-03T11:16:31.6618740Z ==> running on-image suite: /usr/tests/freebsd-launchd-mach/run.sh
2026-10-03T11:16:31.6625864Z r() { if [ "$(id -u)" = 0 ]; then "$@"; else sudo "$@"; fi; }
2026-10-03T11:16:31.6626881Z admin@selftest ~ % r /usr/tests/freebsd-launchd-mach/run.sh
2026-10-03T11:16:31.6627482Z ACCT-HELPERS-OK
2026-10-03T11:16:31.6627695Z 
2026-10-03T11:16:31.6627701Z 
2026-10-03T11:16:31.6627838Z ACCT-LIFECYCLE-OK
2026-10-03T11:16:31.6628045Z 
2026-10-03T11:16:31.6628050Z 
2026-10-03T11:16:31.6628196Z ASLMANAGER-DEMAND-SKIP
2026-10-03T11:16:31.6628432Z 
2026-10-03T11:16:31.6628437Z 
2026-10-03T11:16:31.6628590Z BOOT-BANNER-SKIP
2026-10-03T11:16:31.6628792Z 
2026-10-03T11:16:31.6628797Z 
2026-10-03T11:16:31.6628934Z BOOTSTRAP-OK
2026-10-03T11:16:31.6629116Z 
2026-10-03T11:16:31.6629121Z 
2026-10-03T11:16:31.6629268Z BOOTSTRAP-REMOTE-OK
2026-10-03T11:16:31.6629487Z 
2026-10-03T11:16:31.6629492Z 
2026-10-03T11:16:31.6629620Z BUSYSTATE-OK
2026-10-03T11:16:31.6629806Z 
2026-10-03T11:16:31.6629811Z 
2026-10-03T11:16:31.6629944Z CONFIGD-LIST-OK
2026-10-03T11:16:31.6630142Z 
2026-10-03T11:16:31.6630146Z 
2026-10-03T11:16:31.6630279Z CONFIGD-MULTI-OK
2026-10-03T11:16:31.6630484Z 
2026-10-03T11:16:31.6630489Z 
2026-10-03T11:16:31.6630626Z CONFIGD-NOTIFY-OK
2026-10-03T11:16:31.6630831Z 
2026-10-03T11:16:31.6630836Z 
2026-10-03T11:16:31.6630981Z CONFIGD-PATTERN-OK
2026-10-03T11:16:31.6631187Z 
2026-10-03T11:16:31.6631192Z 
2026-10-03T11:16:31.6631328Z CONFIGD-STORE-OK
2026-10-03T11:16:31.6631521Z 
2026-10-03T11:16:31.6631534Z 
2026-10-03T11:16:31.6631668Z COREFOUNDATION-OK
2026-10-03T11:16:31.6631870Z 
2026-10-03T11:16:31.6631881Z 
2026-10-03T11:16:31.6632006Z DA-BOOT-OK
2026-10-03T11:16:31.6632182Z 
2026-10-03T11:16:31.6632187Z 
2026-10-03T11:16:31.6632313Z DA-IOKIT-OK
2026-10-03T11:16:31.6632492Z 
2026-10-03T11:16:31.6632498Z 
2026-10-03T11:16:31.6632636Z DAEMON-STATE-OK
2026-10-03T11:16:31.6632826Z 
2026-10-03T11:16:31.6632831Z 
2026-10-03T11:16:31.6632963Z DOMAIN-DIRS-OK
2026-10-03T11:16:31.6633149Z 
2026-10-03T11:16:31.6633153Z 
2026-10-03T11:16:31.6633300Z EVFILT-MACHPORT-SKIP
2026-10-03T11:16:31.6633517Z 
2026-10-03T11:16:31.6633531Z 
2026-10-03T11:16:31.6633683Z EVFILT-MACHPORT-CONCURRENT-OK
2026-10-03T11:16:31.6633960Z 
2026-10-03T11:16:31.6634213Z 
2026-10-03T11:16:31.6634350Z FBSDGLUE-OK
2026-10-03T11:16:31.6634546Z 
2026-10-03T11:16:31.6634551Z 
2026-10-03T11:16:31.6634691Z FILECMD-LEAF-OK
2026-10-03T11:16:31.6634885Z 
2026-10-03T11:16:31.6634889Z 
2026-10-03T11:16:31.6635019Z GETTY-OK
2026-10-03T11:16:31.6635191Z 
2026-10-03T11:16:31.6635195Z 
2026-10-03T11:16:31.6635334Z HOMEDIR-OK
2026-10-03T11:16:31.6635520Z 
2026-10-03T11:16:31.6635525Z 
2026-10-03T11:16:31.6635894Z HOST-BOOTSTRAP-OK
2026-10-03T11:16:31.6636114Z 
2026-10-03T11:16:31.6636128Z 
2026-10-03T11:16:31.6636263Z HOSTNAMED-OK
2026-10-03T11:16:31.6636465Z 
2026-10-03T11:16:31.6636470Z 
2026-10-03T11:16:31.6636644Z HOSTNAMED-BONJOUR-RENAME-SKIP
2026-10-03T11:16:31.6636944Z 
2026-10-03T11:16:31.6636949Z 
2026-10-03T11:16:31.6637091Z HOSTNAMED-DHCP-OK
2026-10-03T11:16:31.6637307Z 
2026-10-03T11:16:31.6637313Z 
2026-10-03T11:16:31.6637460Z HOSTNAMED-MDNS-SKIP
2026-10-03T11:16:31.6637680Z 
2026-10-03T11:16:31.6637685Z 
2026-10-03T11:16:31.6637837Z HOSTNAMED-PREFS-OK
2026-10-03T11:16:31.6638065Z 
2026-10-03T11:16:31.6638071Z 
2026-10-03T11:16:31.6638215Z IPCFG-ARP-OK
2026-10-03T11:16:31.6638395Z 
2026-10-03T11:16:31.6638407Z 
2026-10-03T11:16:31.6638529Z IPCFG-BOOT-OK
2026-10-03T11:16:31.6638730Z 
2026-10-03T11:16:31.6638735Z 
2026-10-03T11:16:31.6638868Z IPCFG-BOUND-OK
2026-10-03T11:16:31.6639063Z 
2026-10-03T11:16:31.6639068Z 
2026-10-03T11:16:31.6639409Z IPCFG-DHCP-OK
2026-10-03T11:16:31.6639608Z 
2026-10-03T11:16:31.6639613Z 
2026-10-03T11:16:31.6639761Z IPCFG-IPCONFIG-OK
2026-10-03T11:16:31.6639962Z 
2026-10-03T11:16:31.6639967Z 
2026-10-03T11:16:31.6640099Z IPCFG-RA-OK
2026-10-03T11:16:31.6640274Z 
2026-10-03T11:16:31.6640279Z 
2026-10-03T11:16:31.6640417Z IPCFG-RENEW-OK
2026-10-03T11:16:31.6640605Z 
2026-10-03T11:16:31.6640617Z 
2026-10-03T11:16:31.6640746Z IPCFG-RPC-OK
2026-10-03T11:16:31.6640935Z 
2026-10-03T11:16:31.6640941Z 
2026-10-03T11:16:31.6641070Z IPCFG-STORE-OK
2026-10-03T11:16:31.6641261Z 
2026-10-03T11:16:31.6641265Z 
2026-10-03T11:16:31.6641391Z KEM-LINK-OK
2026-10-03T11:16:31.6641576Z 
2026-10-03T11:16:31.6641581Z 
2026-10-03T11:16:31.6641728Z LAUNCHCTL-BUILD-OK
2026-10-03T11:16:31.6641930Z 
2026-10-03T11:16:31.6641934Z 
2026-10-03T11:16:31.6642075Z LAUNCHCTL-LIST-OK
2026-10-03T11:16:31.6642277Z 
2026-10-03T11:16:31.6642282Z 
2026-10-03T11:16:31.6642420Z LAUNCHD-BUILD-OK
2026-10-03T11:16:31.6642615Z 
2026-10-03T11:16:31.6642620Z 
2026-10-03T11:16:31.6642766Z LIBDISPATCH-OK
2026-10-03T11:16:31.6642960Z 
2026-10-03T11:16:31.6642965Z 
2026-10-03T11:16:31.6643105Z LIBDISPATCH-MACH-OK
2026-10-03T11:16:31.6643320Z 
2026-10-03T11:16:31.6643325Z 
2026-10-03T11:16:31.6643447Z LIBDS-OK
2026-10-03T11:16:31.6643621Z 
2026-10-03T11:16:31.6643626Z 
2026-10-03T11:16:31.6643775Z LIBSYSTEM-KERNEL-OK
2026-10-03T11:16:31.6643983Z 
2026-10-03T11:16:31.6643988Z 
2026-10-03T11:16:31.6644119Z LIBXPC-OK
2026-10-03T11:16:31.6644289Z 
2026-10-03T11:16:31.6644293Z 
2026-10-03T11:16:31.6644434Z LINUX-MOUNTS-OK
2026-10-03T11:16:31.6644628Z 
2026-10-03T11:16:31.6644632Z 
2026-10-03T11:16:31.6644770Z MACH-PORT-OK
2026-10-03T11:16:31.6644963Z 
2026-10-03T11:16:31.6644968Z 
2026-10-03T11:16:31.6645094Z MACH-SMOKE-OK
2026-10-03T11:16:31.6645283Z 
2026-10-03T11:16:31.6645288Z 
2026-10-03T11:16:31.6645415Z MDNS-BOOT-OK
2026-10-03T11:16:31.6645865Z 
2026-10-03T11:16:31.6645871Z 
2026-10-03T11:16:31.6646007Z MDNS-DNSSD-OK
2026-10-03T11:16:31.6646209Z 
2026-10-03T11:16:31.6646221Z 
2026-10-03T11:16:31.6646394Z MDNS-ENGINE-OK
2026-10-03T11:16:31.6646562Z 
2026-10-03T11:16:31.6646566Z 
2026-10-03T11:16:31.6646654Z MDNS-IFWATCH-OK
2026-10-03T11:16:31.6646767Z 
2026-10-03T11:16:31.6646770Z 
2026-10-03T11:16:31.6646873Z MDNS-STATIC-OK
2026-10-03T11:16:31.6646990Z 
2026-10-03T11:16:31.6646993Z 
2026-10-03T11:16:31.6647069Z MIG-BUILD-OK
2026-10-03T11:16:31.6647203Z 
2026-10-03T11:16:31.6647206Z 
2026-10-03T11:16:31.6647277Z NFS-OK
2026-10-03T11:16:31.6647387Z 
2026-10-03T11:16:31.6647390Z 
2026-10-03T11:16:31.6647472Z NOTIFYD-PROC-OK
2026-10-03T11:16:31.6647606Z 
2026-10-03T11:16:31.6647609Z 
2026-10-03T11:16:31.6647836Z NSS-DS-OK
2026-10-03T11:16:31.6647942Z 
2026-10-03T11:16:31.6647945Z 
2026-10-03T11:16:31.6648097Z NTP-OK
2026-10-03T11:16:31.6648253Z 
2026-10-03T11:16:31.6648257Z 
2026-10-03T11:16:31.6648375Z SC-BOND-OK
2026-10-03T11:16:31.6648558Z 
2026-10-03T11:16:31.6648563Z 
2026-10-03T11:16:31.6648684Z SC-BRIDGE-OK
2026-10-03T11:16:31.6648856Z 
2026-10-03T11:16:31.6648860Z 
2026-10-03T11:16:31.6648987Z SC-LOCK-OK
2026-10-03T11:16:31.6649161Z 
2026-10-03T11:16:31.6649166Z 
2026-10-03T11:16:31.6649291Z SC-MULTI-OK
2026-10-03T11:16:31.6649463Z 
2026-10-03T11:16:31.6649467Z 
2026-10-03T11:16:31.6649592Z SC-NETIF-OK
2026-10-03T11:16:31.6649756Z 
2026-10-03T11:16:31.6649761Z 
2026-10-03T11:16:31.6649889Z SC-NETSET-OK
2026-10-03T11:16:31.6650125Z 
2026-10-03T11:16:31.6650131Z 
2026-10-03T11:16:31.6650250Z SC-NETSVC-OK
2026-10-03T11:16:31.6650360Z 
2026-10-03T11:16:31.6650371Z 
2026-10-03T11:16:31.6650445Z SC-NOTIFY-OK
2026-10-03T11:16:31.6650555Z 
2026-10-03T11:16:31.6650559Z 
2026-10-03T11:16:31.6650634Z SC-PATH-OK
2026-10-03T11:16:31.6650751Z 
2026-10-03T11:16:31.6650754Z 
2026-10-03T11:16:31.6650827Z SC-PLINK-OK
2026-10-03T11:16:31.6650947Z 
2026-10-03T11:16:31.6650952Z 
2026-10-03T11:16:31.6651124Z SC-PNOTIFY-OK
2026-10-03T11:16:31.6651302Z 
2026-10-03T11:16:31.6651306Z 
2026-10-03T11:16:31.6651424Z SC-PREFS-OK
2026-10-03T11:16:31.6651593Z 
2026-10-03T11:16:31.6651598Z 
2026-10-03T11:16:31.6651936Z SC-RUNLOOP-OK
2026-10-03T11:16:31.6652145Z 
2026-10-03T11:16:31.6652162Z 
2026-10-03T11:16:31.6652306Z SC-STORE-OK
2026-10-03T11:16:31.6652433Z 
2026-10-03T11:16:31.6652437Z 
2026-10-03T11:16:31.6652511Z SC-VLAN-OK
2026-10-03T11:16:31.6652618Z 
2026-10-03T11:16:31.6652621Z 
2026-10-03T11:16:31.6652706Z SERVICE-LDCONFIG-OK
2026-10-03T11:16:31.6652838Z 
2026-10-03T11:16:31.6652841Z 
2026-10-03T11:16:31.6652925Z SHELLCMD-LEAF-OK
2026-10-03T11:16:31.6653044Z 
2026-10-03T11:16:31.6653047Z 
2026-10-03T11:16:31.6653125Z SUDO-OK
2026-10-03T11:16:31.6653222Z 
2026-10-03T11:16:31.6653225Z 
2026-10-03T11:16:31.6653306Z SYSCMD-LEAF-OK
2026-10-03T11:16:31.6653423Z 
2026-10-03T11:16:31.6653426Z 
2026-10-03T11:16:31.6653512Z SYSLOG-RUN-OK
2026-10-03T11:16:31.6653624Z 
2026-10-03T11:16:31.6653627Z 
2026-10-03T11:16:31.6653707Z SYSLOGD-PROC-OK
2026-10-03T11:16:31.6653831Z 
2026-10-03T11:16:31.6653834Z 
2026-10-03T11:16:31.6653995Z TASK-SPECIAL-PORT-OK
2026-10-03T11:16:31.6654186Z 
2026-10-03T11:16:31.6654189Z 
2026-10-03T11:16:31.6654284Z TEXTCMD-LEAF-OK
2026-10-03T11:16:31.6654399Z 
2026-10-03T11:16:31.6654402Z 
2026-10-03T11:16:31.6654485Z WAITQUIET-OK
2026-10-03T11:16:31.6654592Z 
2026-10-03T11:16:31.6654595Z 
2026-10-03T11:16:31.6654681Z WEDGE-CHECK-SKIP
2026-10-03T11:16:31.6654797Z 
2026-10-03T11:16:31.6654800Z 
2026-10-03T11:16:31.6654881Z ADVCMD-LEAF-OK
2026-10-03T11:16:31.6654995Z 
2026-10-03T11:16:31.6654998Z 
2026-10-03T11:16:31.6655104Z NEXTBSD-TEST-SUMMARY ok=80 fail=0 skip=6
2026-10-03T11:16:31.6655303Z 
2026-10-03T11:16:31.6655306Z 
2026-10-03T11:16:31.6655423Z admin@selftest ~ % 
2026-10-03T11:16:31.6656145Z OK: /usr/tests/freebsd-launchd-mach/run.sh: NEXTBSD-TEST-SUMMARY ok=80 fail=0 skip=6
2026-10-03T11:16:31.6656508Z 
2026-10-03T11:16:31.6657932Z DBG: transcript 2429 bytes; tail: <NL><NL>SC-RUNLOOP-OK<NL><NL><NL>SC-STORE-OK<NL><NL><NL>SC-VLAN-OK<NL><NL><NL>SERVICE-LDCONFIG-OK<NL><NL><NL>SHELLCMD-LEAF-OK<NL><NL><NL>SUDO-OK<NL><NL><NL>SYSCMD-LEAF-OK<NL><NL><NL>SYSLOG-RUN-OK<NL><NL><NL>SYSLOGD-PROC-OK<NL><NL><NL>TASK-SPECIAL-PORT-OK<NL><NL><NL>TEXTCMD-LEAF-OK<NL><NL><NL>WAITQUIET-OK<NL><NL><NL>WEDGE-CHECK-SKIP<NL><NL><NL>ADVCMD-LEAF-OK<NL><NL><NL>NEXTBSD-TEST-SUMMARY ok=80 fail=0 skip=6<NL><NL><NL>admin@selftest ~ % 
2026-10-03T11:16:31.6659449Z 
2026-10-03T11:16:31.6659544Z DBG: markers recorded: 0
2026-10-03T11:16:31.6659689Z 
2026-10-03T11:16:31.6659828Z DBG-MARK: <ACCT-HELPERS> at OK/SKIP/FAIL = 905/-1/-1
2026-10-03T11:16:31.6660049Z 
2026-10-03T11:16:31.6660187Z DBG-MARK: <ACCT-LIFECYCLE> at OK/SKIP/FAIL = 923/-1/-1
2026-10-03T11:16:31.6660406Z 
2026-10-03T11:16:31.6660533Z DBG-MARK: <ADVCMD-LEAF> at OK/SKIP/FAIL = 2350/-1/-1
2026-10-03T11:16:31.6660901Z 
2026-10-03T11:16:31.6661050Z DBG-MARK: <ASLMANAGER-DEMAND> at OK/SKIP/FAIL = -1/943/-1
2026-10-03T11:16:31.6661306Z 
2026-10-03T11:16:31.6661426Z DBG-MARK: <BOOT-BANNER> at OK/SKIP/FAIL = -1/968/-1
2026-10-03T11:16:31.6661640Z 
2026-10-03T11:16:31.6661764Z DBG-MARK: <BOOTSTRAP> at OK/SKIP/FAIL = 987/-1/-1
2026-10-03T11:16:31.6661965Z 
2026-10-03T11:16:31.6662184Z DBG-MARK: <BOOTSTRAP-REMOTE> at OK/SKIP/FAIL = 1002/-1/-1
2026-10-03T11:16:31.6662588Z 
2026-10-03T11:16:31.6662795Z DBG-MARK: <BUSYSTATE> at OK/SKIP/FAIL = 1024/-1/-1
2026-10-03T11:16:31.6663158Z 
2026-10-03T11:16:31.6664322Z FAIL: ADVCMD-LEAF — must-pass marker never emitted (suite did not reach it, or the image predates the capability; overlay to warn if that is expected)
2026-10-03T11:16:31.6665301Z 
2026-10-03T11:16:31.6666611Z FAIL: BOOTSTRAP — must-pass marker never emitted (suite did not reach it, or the image predates the capability; overlay to warn if that is expected)
2026-10-03T11:16:31.6667588Z 
2026-10-03T11:16:31.6668646Z FAIL: BOOTSTRAP-REMOTE — must-pass marker never emitted (suite did not reach it, or the image predates the capability; overlay to warn if that is expected)
2026-10-03T11:16:31.6669667Z 
2026-10-03T11:16:31.6670678Z FAIL: BUSYSTATE — must-pass marker never emitted (suite did not reach it, or the image predates the capability; overlay to warn if that is expected)
2026-10-03T11:16:31.6671845Z 
2026-10-03T11:16:31.6672909Z FAIL: CONFIGD-LIST — must-pass marker never emitted (suite did not reach it, or the image predates the capability; overlay to warn if that is expected)
2026-10-03T11:16:31.6673745Z 
2026-10-03T11:16:31.6674313Z FAIL: CONFIGD-MULTI — must-pass marker never emitted (suite did not reach it, or the image predates the capability; overlay to warn if that is expected)
2026-10-03T11:16:31.6674863Z 
2026-10-03T11:16:31.6675405Z FAIL: CONFIGD-NOTIFY — must-pass marker never emitted (suite did not reach it, or the image predates the capability; overlay to warn if that is expected)
2026-10-03T11:16:31.6676322Z 
2026-10-03T11:16:31.6676901Z FAIL: CONFIGD-PATTERN — must-pass marker never emitted (suite did not reach it, or the image predates the capability; overlay to warn if that is expected)
2026-10-03T11:16:31.6677448Z 
2026-10-03T11:16:31.6677993Z FAIL: CONFIGD-STORE — must-pass marker never emitted (suite did not reach it, or the image predates the capability; overlay to warn if that is expected)
2026-10-03T11:16:31.6678936Z 
2026-10-03T11:16:31.6679865Z FAIL: COREFOUNDATION — must-pass marker never emitted (suite did not reach it, or the image predates the capability; overlay to warn if that is expected)
2026-10-03T11:16:31.6680418Z 
2026-10-03T11:16:31.6680934Z FAIL: DA-BOOT — must-pass marker never emitted (suite did not reach it, or the image predates the capability; overlay to warn if that is expected)
2026-10-03T11:16:31.6681449Z 
2026-10-03T11:16:31.6681962Z FAIL: DOMAIN-DIRS — must-pass marker never emitted (suite did not reach it, or the image predates the capability; overlay to warn if that is expected)
2026-10-03T11:16:31.6682499Z 
2026-10-03T11:16:31.6683019Z FAIL: FBSDGLUE — must-pass marker never emitted (suite did not reach it, or the image predates the capability; overlay to warn if that is expected)
2026-10-03T11:16:31.6683547Z 
2026-10-03T11:16:31.6684088Z FAIL: FILECMD-LEAF — must-pass marker never emitted (suite did not reach it, or the image predates the capability; overlay to warn if that is expected)
2026-10-03T11:16:31.6684623Z 
2026-10-03T11:16:31.6685158Z FAIL: HOST-BOOTSTRAP — must-pass marker never emitted (suite did not reach it, or the image predates the capability; overlay to warn if that is expected)
2026-10-03T11:16:31.6685987Z 
2026-10-03T11:16:31.6686537Z FAIL: HOSTNAMED — must-pass marker never emitted (suite did not reach it, or the image predates the capability; overlay to warn if that is expected)
2026-10-03T11:16:31.6687065Z 
2026-10-03T11:16:31.6687602Z FAIL: HOSTNAMED-DHCP — must-pass marker never emitted (suite did not reach it, or the image predates the capability; overlay to warn if that is expected)
2026-10-03T11:16:31.6688318Z 
2026-10-03T11:16:31.6688864Z FAIL: HOSTNAMED-PREFS — must-pass marker never emitted (suite did not reach it, or the image predates the capability; overlay to warn if that is expected)
2026-10-03T11:16:31.6689402Z 
2026-10-03T11:16:31.6689921Z FAIL: IPCFG-ARP — must-pass marker never emitted (suite did not reach it, or the image predates the capability; overlay to warn if that is expected)
2026-10-03T11:16:31.6690439Z 
2026-10-03T11:16:31.6690947Z FAIL: IPCFG-BOOT — must-pass marker never emitted (suite did not reach it, or the image predates the capability; overlay to warn if that is expected)
2026-10-03T11:16:31.6691465Z 
2026-10-03T11:16:31.6691978Z FAIL: IPCFG-BOUND — must-pass marker never emitted (suite did not reach it, or the image predates the capability; overlay to warn if that is expected)
2026-10-03T11:16:31.6692529Z 
2026-10-03T11:16:31.6693036Z FAIL: IPCFG-DHCP — must-pass marker never emitted (suite did not reach it, or the image predates the capability; overlay to warn if that is expected)
2026-10-03T11:16:31.6693572Z 
2026-10-03T11:16:31.6694104Z FAIL: IPCFG-IPCONFIG — must-pass marker never emitted (suite did not reach it, or the image predates the capability; overlay to warn if that is expected)
2026-10-03T11:16:31.6694641Z 
2026-10-03T11:16:31.6695274Z FAIL: IPCFG-RA — must-pass marker never emitted (suite did not reach it, or the image predates the capability; overlay to warn if that is expected)
2026-10-03T11:16:31.6696238Z 
2026-10-03T11:16:31.6697218Z FAIL: IPCFG-RENEW — must-pass marker never emitted (suite did not reach it, or the image predates the capability; overlay to warn if that is expected)
2026-10-03T11:16:31.6697834Z 
2026-10-03T11:16:31.6698363Z FAIL: IPCFG-RPC — must-pass marker never emitted (suite did not reach it, or the image predates the capability; overlay to warn if that is expected)
2026-10-03T11:16:31.6698882Z 
2026-10-03T11:16:31.6699395Z FAIL: IPCFG-STORE — must-pass marker never emitted (suite did not reach it, or the image predates the capability; overlay to warn if that is expected)
2026-10-03T11:16:31.6699931Z 
2026-10-03T11:16:31.6700440Z FAIL: KEM-LINK — must-pass marker never emitted (suite did not reach it, or the image predates the capability; overlay to warn if that is expected)
2026-10-03T11:16:31.6700950Z 
2026-10-03T11:16:31.6701514Z FAIL: LAUNCHCTL-BUILD — must-pass marker never emitted (suite did not reach it, or the image predates the capability; overlay to warn if that is expected)
2026-10-03T11:16:31.6702059Z 
2026-10-03T11:16:31.6702596Z FAIL: LAUNCHCTL-LIST — must-pass marker never emitted (suite did not reach it, or the image predates the capability; overlay to warn if that is expected)
2026-10-03T11:16:31.6703133Z 
2026-10-03T11:16:31.6703661Z FAIL: LAUNCHD-BUILD — must-pass marker never emitted (suite did not reach it, or the image predates the capability; overlay to warn if that is expected)
2026-10-03T11:16:31.6704197Z 
2026-10-03T11:16:31.6704713Z FAIL: LIBDISPATCH — must-pass marker never emitted (suite did not reach it, or the image predates the capability; overlay to warn if that is expected)
2026-10-03T11:16:31.6705248Z 
2026-10-03T11:16:31.6706151Z FAIL: LIBDISPATCH-MACH — must-pass marker never emitted (suite did not reach it, or the image predates the capability; overlay to warn if that is expected)
2026-10-03T11:16:31.6706718Z 
2026-10-03T11:16:31.6707284Z FAIL: LIBSYSTEM-KERNEL — must-pass marker never emitted (suite did not reach it, or the image predates the capability; overlay to warn if that is expected)
2026-10-03T11:16:31.6707828Z 
2026-10-03T11:16:31.6708331Z FAIL: LIBXPC — must-pass marker never emitted (suite did not reach it, or the image predates the capability; overlay to warn if that is expected)
2026-10-03T11:16:31.6708876Z 
2026-10-03T11:16:31.6709403Z FAIL: LINUX-MOUNTS — must-pass marker never emitted (suite did not reach it, or the image predates the capability; overlay to warn if that is expected)
2026-10-03T11:16:31.6709940Z 
2026-10-03T11:16:31.6710632Z FAIL: MACH-PORT — must-pass marker never emitted (suite did not reach it, or the image predates the capability; overlay to warn if that is expected)
2026-10-03T11:16:31.6711147Z 
2026-10-03T11:16:31.6711667Z FAIL: MACH-SMOKE — must-pass marker never emitted (suite did not reach it, or the image predates the capability; overlay to warn if that is expected)
2026-10-03T11:16:31.6712195Z 
2026-10-03T11:16:31.6713099Z FAIL: MDNS-BOOT — must-pass marker never emitted (suite did not reach it, or the image predates the capability; overlay to warn if that is expected)
2026-10-03T11:16:31.6713991Z 
2026-10-03T11:16:31.6714531Z FAIL: MDNS-DNSSD — must-pass marker never emitted (suite did not reach it, or the image predates the capability; overlay to warn if that is expected)
2026-10-03T11:16:31.6715058Z 
2026-10-03T11:16:31.6715574Z FAIL: MDNS-ENGINE — must-pass marker never emitted (suite did not reach it, or the image predates the capability; overlay to warn if that is expected)
2026-10-03T11:16:31.6716433Z 
2026-10-03T11:16:31.6716985Z FAIL: MDNS-IFWATCH — must-pass marker never emitted (suite did not reach it, or the image predates the capability; overlay to warn if that is expected)
2026-10-03T11:16:31.6717512Z 
2026-10-03T11:16:31.6718177Z FAIL: MIG-BUILD — must-pass marker never emitted (suite did not reach it, or the image predates the capability; overlay to warn if that is expected)
2026-10-03T11:16:31.6718697Z 
2026-10-03T11:16:31.6719225Z FAIL: NOTIFYD-PROC — must-pass marker never emitted (suite did not reach it, or the image predates the capability; overlay to warn if that is expected)
2026-10-03T11:16:31.6719752Z 
2026-10-03T11:16:31.6720247Z FAIL: SC-BOND — must-pass marker never emitted (suite did not reach it, or the image predates the capability; overlay to warn if that is expected)
2026-10-03T11:16:31.6720758Z 
2026-10-03T11:16:31.6721264Z FAIL: SC-BRIDGE — must-pass marker never emitted (suite did not reach it, or the image predates the capability; overlay to warn if that is expected)
2026-10-03T11:16:31.6721786Z 
2026-10-03T11:16:31.6722288Z FAIL: SC-LOCK — must-pass marker never emitted (suite did not reach it, or the image predates the capability; overlay to warn if that is expected)
2026-10-03T11:16:31.6722792Z 
2026-10-03T11:16:31.6723309Z FAIL: SC-MULTI — must-pass marker never emitted (suite did not reach it, or the image predates the capability; overlay to warn if that is expected)
2026-10-03T11:16:31.6723821Z 
2026-10-03T11:16:31.6724320Z FAIL: SC-NETIF — must-pass marker never emitted (suite did not reach it, or the image predates the capability; overlay to warn if that is expected)
2026-10-03T11:16:31.6724828Z 
2026-10-03T11:16:31.6725334Z FAIL: SC-NETSET — must-pass marker never emitted (suite did not reach it, or the image predates the capability; overlay to warn if that is expected)
2026-10-03T11:16:31.6726176Z 
2026-10-03T11:16:31.6727011Z FAIL: SC-NETSVC — must-pass marker never emitted (suite did not reach it, or the image predates the capability; overlay to warn if that is expected)
2026-10-03T11:16:31.6727950Z 
2026-10-03T11:16:31.6728961Z FAIL: SC-NOTIFY — must-pass marker never emitted (suite did not reach it, or the image predates the capability; overlay to warn if that is expected)
2026-10-03T11:16:31.6729886Z 
2026-10-03T11:16:31.6730843Z FAIL: SC-PATH — must-pass marker never emitted (suite did not reach it, or the image predates the capability; overlay to warn if that is expected)
2026-10-03T11:16:31.6731517Z 
2026-10-03T11:16:31.6732043Z FAIL: SC-PLINK — must-pass marker never emitted (suite did not reach it, or the image predates the capability; overlay to warn if that is expected)
2026-10-03T11:16:31.6732565Z 
2026-10-03T11:16:31.6733080Z FAIL: SC-PNOTIFY — must-pass marker never emitted (suite did not reach it, or the image predates the capability; overlay to warn if that is expected)
2026-10-03T11:16:31.6733601Z 
2026-10-03T11:16:31.6734107Z FAIL: SC-PREFS — must-pass marker never emitted (suite did not reach it, or the image predates the capability; overlay to warn if that is expected)
2026-10-03T11:16:31.6734798Z 
2026-10-03T11:16:31.6735318Z FAIL: SC-RUNLOOP — must-pass marker never emitted (suite did not reach it, or the image predates the capability; overlay to warn if that is expected)
2026-10-03T11:16:31.6736140Z 
2026-10-03T11:16:31.6736661Z FAIL: SC-STORE — must-pass marker never emitted (suite did not reach it, or the image predates the capability; overlay to warn if that is expected)
2026-10-03T11:16:31.6737180Z 
2026-10-03T11:16:31.6737677Z FAIL: SC-VLAN — must-pass marker never emitted (suite did not reach it, or the image predates the capability; overlay to warn if that is expected)
2026-10-03T11:16:31.6738184Z 
2026-10-03T11:16:31.6738734Z FAIL: SERVICE-LDCONFIG — must-pass marker never emitted (suite did not reach it, or the image predates the capability; overlay to warn if that is expected)
2026-10-03T11:16:31.6739279Z 
2026-10-03T11:16:31.6739814Z FAIL: SHELLCMD-LEAF — must-pass marker never emitted (suite did not reach it, or the image predates the capability; overlay to warn if that is expected)
2026-10-03T11:16:31.6740357Z 
2026-10-03T11:16:31.6740879Z FAIL: SYSCMD-LEAF — must-pass marker never emitted (suite did not reach it, or the image predates the capability; overlay to warn if that is expected)
2026-10-03T11:16:31.6741403Z 
2026-10-03T11:16:31.6742056Z FAIL: SYSLOG-RUN — must-pass marker never emitted (suite did not reach it, or the image predates the capability; overlay to warn if that is expected)
2026-10-03T11:16:31.6742581Z 
2026-10-03T11:16:31.6743104Z FAIL: SYSLOGD-PROC — must-pass marker never emitted (suite did not reach it, or the image predates the capability; overlay to warn if that is expected)
2026-10-03T11:16:31.6743636Z 
2026-10-03T11:16:31.6744189Z FAIL: TASK-SPECIAL-PORT — must-pass marker never emitted (suite did not reach it, or the image predates the capability; overlay to warn if that is expected)
2026-10-03T11:16:31.6744734Z 
2026-10-03T11:16:31.6745260Z FAIL: TEXTCMD-LEAF — must-pass marker never emitted (suite did not reach it, or the image predates the capability; overlay to warn if that is expected)
2026-10-03T11:16:31.6746037Z 
2026-10-03T11:16:31.6746555Z FAIL: WAITQUIET — must-pass marker never emitted (suite did not reach it, or the image predates the capability; overlay to warn if that is expected)
2026-10-03T11:16:31.6747077Z 
2026-10-03T11:16:31.6747234Z FAIL: 67 must-pass marker(s) missing from the suite output
2026-10-03T11:16:31.6747591Z NEXTBSD-TEST-SUMMARY ok=80 fail=0 skip=6
2026-10-03T11:16:31.6747997Z ==> boot-test FAILED rc=1 (arch=amd64 suite=/usr/tests/freebsd-launchd-mach/run.sh)
2026-10-03T11:16:31.6748412Z     serial transcript: tests/boot.log
2026-10-03T11:16:31.6748683Z SELFTEST OK:   case reboot (rc=1)
2026-10-03T11:16:31.6749267Z ==> case: two-suite (suite: /usr/tests/freebsd-launchd-mach/run.sh /usr/tests/nextbsd-iokit/run.sh) — expect rc 0
2026-10-03T11:16:31.6761533Z ==> boot test: tests/fake.img
2026-10-03T11:16:31.6772037Z -rw-r--r-- 1 runner runner 0 Oct  3 11:15 tests/fake.img
2026-10-03T11:16:31.6846446Z ==> using KVM acceleration
2026-10-03T11:16:31.6847071Z ==> amd64: qemu-system-x86_64 -machine q35 | firmware 
2026-10-03T11:16:31.7021840Z spawn tclsh /home/runner/work/nextbsd-ci/nextbsd-ci/selftest/mock-guest.tcl
2026-10-03T11:16:31.7067269Z FreeBSD/amd64 EFI loader, Revision 3.0
2026-10-03T11:16:31.7067639Z 
2026-10-03T11:16:31.7067654Z 
2026-10-03T11:16:31.7067847Z Loading /boot/loader.conf
2026-10-03T11:16:31.7068141Z 
2026-10-03T11:16:31.7068147Z 
2026-10-03T11:16:31.7068480Z Hit [Enter] to boot immediately, or any other key for command prompt.
2026-10-03T11:16:31.7068891Z 
2026-10-03T11:16:31.7068895Z 
2026-10-03T11:16:31.7068982Z OK  
2026-10-03T11:16:31.7069184Z ==> at loader prompt
2026-10-03T11:16:32.8900014Z set console=comconsole
2026-10-03T11:16:32.8900506Z OK set console=comconsole
2026-10-03T11:16:32.8900729Z 
2026-10-03T11:16:32.8900735Z 
2026-10-03T11:16:33.9527075Z OK set boot_serial=YES
2026-10-03T11:16:33.9527436Z OK set boot_serial=YES
2026-10-03T11:16:33.9527623Z 
2026-10-03T11:16:33.9528003Z 
2026-10-03T11:16:35.3364488Z OK set comconsole_speed=115200
2026-10-03T11:16:35.3365229Z OK set comconsole_speed=115200
2026-10-03T11:16:35.3365544Z 
2026-10-03T11:16:35.3365549Z 
2026-10-03T11:16:36.5195649Z OK set boot_multicons=YES
2026-10-03T11:16:36.5196552Z OK set boot_multicons=YES
2026-10-03T11:16:36.5196884Z 
2026-10-03T11:16:36.5196906Z 
2026-10-03T11:16:37.6224497Z OK set boot_mutemsgs=NO
2026-10-03T11:16:37.6225047Z OK set boot_mutemsgs=NO
2026-10-03T11:16:37.6225358Z 
2026-10-03T11:16:37.6225369Z 
2026-10-03T11:16:38.2039563Z OK boot -v
2026-10-03T11:16:38.2040073Z Booting [/boot/kernel/kernel]
2026-10-03T11:16:38.2040436Z 
2026-10-03T11:16:38.2040443Z 
2026-10-03T11:16:38.2040613Z ---<<BOOT>>---
2026-10-03T11:16:38.2040841Z 
2026-10-03T11:16:38.2040847Z 
2026-10-03T11:16:38.2041088Z Copyright (c) 1992-2025 The FreeBSD Project.
2026-10-03T11:16:38.2041523Z 
2026-10-03T11:16:38.2041529Z 
2026-10-03T11:16:38.2041738Z early-init: sethostname('selftest')
2026-10-03T11:16:38.2042102Z 
2026-10-03T11:16:38.2042139Z 
2026-10-03T11:16:38.2042440Z early-init: opened /dev/klog (kernel.log_open=1; console quiet)
2026-10-03T11:16:38.2042957Z 
2026-10-03T11:16:38.2042962Z 
2026-10-03T11:16:38.2043150Z NextBSD/amd64 (selftest) (console)
2026-10-03T11:16:38.2043495Z 
2026-10-03T11:16:38.2043500Z 
2026-10-03T11:16:38.2044396Z 
2026-10-03T11:16:38.2045480Z OK: BOOT-BANNER-OK — getty shows the synthesized hostname 'selftest'
2026-10-03T11:16:38.5044537Z login:
2026-10-03T11:16:38.5044817Z 
2026-10-03T11:16:38.5045028Z 
2026-10-03T11:16:38.5045084Z 
2026-10-03T11:16:38.5045316Z OK: boot reached the login prompt
2026-10-03T11:16:38.5046034Z admin
2026-10-03T11:16:38.5046333Z Password:
2026-10-03T11:16:38.5046517Z 
2026-10-03T11:16:38.5046526Z 
2026-10-03T11:16:38.5056427Z 
2026-10-03T11:16:38.5056641Z admin@selftest ~ % 
2026-10-03T11:16:38.5057078Z OK: logged in as admin
2026-10-03T11:16:38.5058067Z ==> running on-image suite: /usr/tests/freebsd-launchd-mach/run.sh
2026-10-03T11:16:38.5059686Z r() { if [ "$(id -u)" = 0 ]; then "$@"; else sudo "$@"; fi; }
2026-10-03T11:16:38.5060166Z admin@selftest ~ % r /usr/tests/freebsd-launchd-mach/run.sh
2026-10-03T11:16:38.5060540Z ACCT-HELPERS-OK
2026-10-03T11:16:38.5060676Z 
2026-10-03T11:16:38.5060681Z 
2026-10-03T11:16:38.5060777Z ACCT-LIFECYCLE-OK
2026-10-03T11:16:38.5060912Z 
2026-10-03T11:16:38.5060925Z 
2026-10-03T11:16:38.5061035Z ASLMANAGER-DEMAND-SKIP
2026-10-03T11:16:38.5061193Z 
2026-10-03T11:16:38.5061196Z 
2026-10-03T11:16:38.5061283Z BOOT-BANNER-SKIP
2026-10-03T11:16:38.5061512Z 
2026-10-03T11:16:38.5061759Z 
2026-10-03T11:16:38.5061867Z BOOTSTRAP-OK
2026-10-03T11:16:38.5062056Z 
2026-10-03T11:16:38.5062147Z 
2026-10-03T11:16:38.5062278Z BOOTSTRAP-REMOTE-OK
2026-10-03T11:16:38.5062421Z 
2026-10-03T11:16:38.5062454Z 
2026-10-03T11:16:38.5062722Z BUSYSTATE-OK
2026-10-03T11:16:38.5062848Z 
2026-10-03T11:16:38.5062852Z 
2026-10-03T11:16:38.5062946Z CONFIGD-LIST-OK
2026-10-03T11:16:38.5063075Z 
2026-10-03T11:16:38.5063078Z 
2026-10-03T11:16:38.5063175Z CONFIGD-MULTI-OK
2026-10-03T11:16:38.5063364Z 
2026-10-03T11:16:38.5063561Z 
2026-10-03T11:16:38.5063664Z CONFIGD-NOTIFY-OK
2026-10-03T11:16:38.5063844Z 
2026-10-03T11:16:38.5063934Z 
2026-10-03T11:16:38.5064032Z CONFIGD-PATTERN-OK
2026-10-03T11:16:38.5064213Z 
2026-10-03T11:16:38.5064368Z 
2026-10-03T11:16:38.5064473Z CONFIGD-STORE-OK
2026-10-03T11:16:38.5064639Z 
2026-10-03T11:16:38.5064806Z 
2026-10-03T11:16:38.5064976Z COREFOUNDATION-OK
2026-10-03T11:16:38.5065207Z 
2026-10-03T11:16:38.5065213Z 
2026-10-03T11:16:38.5065349Z DA-BOOT-OK
2026-10-03T11:16:38.5065524Z 
2026-10-03T11:16:38.5065537Z 
2026-10-03T11:16:38.5065837Z DA-IOKIT-OK
2026-10-03T11:16:38.5066044Z 
2026-10-03T11:16:38.5066049Z 
2026-10-03T11:16:38.5066181Z DAEMON-STATE-OK
2026-10-03T11:16:38.5066387Z 
2026-10-03T11:16:38.5066392Z 
2026-10-03T11:16:38.5066523Z DOMAIN-DIRS-OK
2026-10-03T11:16:38.5066717Z 
2026-10-03T11:16:38.5066722Z 
2026-10-03T11:16:38.5066875Z EVFILT-MACHPORT-SKIP
2026-10-03T11:16:38.5067097Z 
2026-10-03T11:16:38.5067102Z 
2026-10-03T11:16:38.5067613Z EVFILT-MACHPORT-CONCURRENT-OK
2026-10-03T11:16:38.5067899Z 
2026-10-03T11:16:38.5067905Z 
2026-10-03T11:16:38.5068039Z FBSDGLUE-OK
2026-10-03T11:16:38.5068213Z 
2026-10-03T11:16:38.5068225Z 
2026-10-03T11:16:38.5068358Z FILECMD-LEAF-OK
2026-10-03T11:16:38.5068557Z 
2026-10-03T11:16:38.5068611Z 
2026-10-03T11:16:38.5068741Z GETTY-OK
2026-10-03T11:16:38.5068917Z 
2026-10-03T11:16:38.5068923Z 
2026-10-03T11:16:38.5069053Z HOMEDIR-OK
2026-10-03T11:16:38.5069226Z 
2026-10-03T11:16:38.5069239Z 
2026-10-03T11:16:38.5069376Z HOST-BOOTSTRAP-OK
2026-10-03T11:16:38.5069589Z 
2026-10-03T11:16:38.5069595Z 
2026-10-03T11:16:38.5069724Z HOSTNAMED-OK
2026-10-03T11:16:38.5069914Z 
2026-10-03T11:16:38.5069919Z 
2026-10-03T11:16:38.5070083Z HOSTNAMED-BONJOUR-RENAME-SKIP
2026-10-03T11:16:38.5070365Z 
2026-10-03T11:16:38.5070370Z 
2026-10-03T11:16:38.5070510Z HOSTNAMED-DHCP-OK
2026-10-03T11:16:38.5070715Z 
2026-10-03T11:16:38.5070719Z 
2026-10-03T11:16:38.5070866Z HOSTNAMED-MDNS-SKIP
2026-10-03T11:16:38.5071085Z 
2026-10-03T11:16:38.5071090Z 
2026-10-03T11:16:38.5071242Z HOSTNAMED-PREFS-OK
2026-10-03T11:16:38.5071446Z 
2026-10-03T11:16:38.5071459Z 
2026-10-03T11:16:38.5071592Z IPCFG-ARP-OK
2026-10-03T11:16:38.5071781Z 
2026-10-03T11:16:38.5071785Z 
2026-10-03T11:16:38.5071916Z IPCFG-BOOT-OK
2026-10-03T11:16:38.5072105Z 
2026-10-03T11:16:38.5072111Z 
2026-10-03T11:16:38.5072420Z IPCFG-BOUND-OK
2026-10-03T11:16:38.5072626Z 
2026-10-03T11:16:38.5072631Z 
2026-10-03T11:16:38.5072768Z IPCFG-DHCP-OK
2026-10-03T11:16:38.5072951Z 
2026-10-03T11:16:38.5072956Z 
2026-10-03T11:16:38.5073116Z IPCFG-IPCONFIG-OK
2026-10-03T11:16:38.5073396Z 
2026-10-03T11:16:38.5073401Z 
2026-10-03T11:16:38.5073629Z IPCFG-RA-OK
2026-10-03T11:16:38.5073964Z 
2026-10-03T11:16:38.5073969Z 
2026-10-03T11:16:38.5074316Z IPCFG-RENEW-OK
2026-10-03T11:16:38.5074571Z 
2026-10-03T11:16:38.5074576Z 
2026-10-03T11:16:38.5074803Z IPCFG-RPC-OK
2026-10-03T11:16:38.5075028Z 
2026-10-03T11:16:38.5075033Z 
2026-10-03T11:16:38.5075259Z IPCFG-STORE-OK
2026-10-03T11:16:38.5075900Z 
2026-10-03T11:16:38.5075906Z 
2026-10-03T11:16:38.5076088Z KEM-LINK-OK
2026-10-03T11:16:38.5076366Z 
2026-10-03T11:16:38.5076371Z 
2026-10-03T11:16:38.5076550Z LAUNCHCTL-BUILD-OK
2026-10-03T11:16:38.5076959Z 
2026-10-03T11:16:38.5076965Z 
2026-10-03T11:16:38.5077212Z LAUNCHCTL-LIST-OK
2026-10-03T11:16:38.5077456Z 
2026-10-03T11:16:38.5077461Z 
2026-10-03T11:16:38.5077730Z LAUNCHD-BUILD-OK
2026-10-03T11:16:38.5145157Z 
2026-10-03T11:16:38.5145188Z 
2026-10-03T11:16:38.5145401Z LIBDISPATCH-OK
2026-10-03T11:16:38.5145853Z 
2026-10-03T11:16:38.5145859Z 
2026-10-03T11:16:38.5146005Z LIBDISPATCH-MACH-OK
2026-10-03T11:16:38.5146235Z 
2026-10-03T11:16:38.5146240Z 
2026-10-03T11:16:38.5146370Z LIBDS-OK
2026-10-03T11:16:38.5146557Z 
2026-10-03T11:16:38.5146562Z 
2026-10-03T11:16:38.5146713Z LIBSYSTEM-KERNEL-OK
2026-10-03T11:16:38.5146934Z 
2026-10-03T11:16:38.5146939Z 
2026-10-03T11:16:38.5147077Z LIBXPC-OK
2026-10-03T11:16:38.5147250Z 
2026-10-03T11:16:38.5147254Z 
2026-10-03T11:16:38.5147397Z LINUX-MOUNTS-OK
2026-10-03T11:16:38.5147616Z 
2026-10-03T11:16:38.5147622Z 
2026-10-03T11:16:38.5147757Z MACH-PORT-OK
2026-10-03T11:16:38.5147956Z 
2026-10-03T11:16:38.5147961Z 
2026-10-03T11:16:38.5148091Z MACH-SMOKE-OK
2026-10-03T11:16:38.5148278Z 
2026-10-03T11:16:38.5148283Z 
2026-10-03T11:16:38.5148408Z MDNS-BOOT-OK
2026-10-03T11:16:38.5148583Z 
2026-10-03T11:16:38.5148588Z 
2026-10-03T11:16:38.5148734Z MDNS-DNSSD-OK
2026-10-03T11:16:38.5148912Z 
2026-10-03T11:16:38.5148917Z 
2026-10-03T11:16:38.5149051Z MDNS-ENGINE-OK
2026-10-03T11:16:38.5149238Z 
2026-10-03T11:16:38.5149244Z 
2026-10-03T11:16:38.5149379Z MDNS-IFWATCH-OK
2026-10-03T11:16:38.5149571Z 
2026-10-03T11:16:38.5149576Z 
2026-10-03T11:16:38.5149711Z MDNS-STATIC-OK
2026-10-03T11:16:38.5149904Z 
2026-10-03T11:16:38.5149909Z 
2026-10-03T11:16:38.5150034Z MIG-BUILD-OK
2026-10-03T11:16:38.5150228Z 
2026-10-03T11:16:38.5150233Z 
2026-10-03T11:16:38.5150351Z NFS-OK
2026-10-03T11:16:38.5150524Z 
2026-10-03T11:16:38.5150529Z 
2026-10-03T11:16:38.5150662Z NOTIFYD-PROC-OK
2026-10-03T11:16:38.5151283Z 
2026-10-03T11:16:38.5151290Z 
2026-10-03T11:16:38.5151428Z NSS-DS-OK
2026-10-03T11:16:38.5151601Z 
2026-10-03T11:16:38.5151606Z 
2026-10-03T11:16:38.5151730Z NTP-OK
2026-10-03T11:16:38.5151897Z 
2026-10-03T11:16:38.5151902Z 
2026-10-03T11:16:38.5152034Z SC-BOND-OK
2026-10-03T11:16:38.5152215Z 
2026-10-03T11:16:38.5152220Z 
2026-10-03T11:16:38.5152355Z SC-BRIDGE-OK
2026-10-03T11:16:38.5152548Z 
2026-10-03T11:16:38.5152553Z 
2026-10-03T11:16:38.5152678Z SC-LOCK-OK
2026-10-03T11:16:38.5152842Z 
2026-10-03T11:16:38.5152847Z 
2026-10-03T11:16:38.5152960Z SC-MULTI-OK
2026-10-03T11:16:38.5153136Z 
2026-10-03T11:16:38.5153141Z 
2026-10-03T11:16:38.5153273Z SC-NETIF-OK
2026-10-03T11:16:38.5153445Z 
2026-10-03T11:16:38.5153450Z 
2026-10-03T11:16:38.5153583Z SC-NETSET-OK
2026-10-03T11:16:38.5153760Z 
2026-10-03T11:16:38.5153765Z 
2026-10-03T11:16:38.5153896Z SC-NETSVC-OK
2026-10-03T11:16:38.5154082Z 
2026-10-03T11:16:38.5154088Z 
2026-10-03T11:16:38.5154214Z SC-NOTIFY-OK
2026-10-03T11:16:38.5154406Z 
2026-10-03T11:16:38.5154411Z 
2026-10-03T11:16:38.5154540Z SC-PATH-OK
2026-10-03T11:16:38.5154721Z 
2026-10-03T11:16:38.5154726Z 
2026-10-03T11:16:38.5154845Z SC-PLINK-OK
2026-10-03T11:16:38.5155026Z 
2026-10-03T11:16:38.5155031Z 
2026-10-03T11:16:38.5155169Z SC-PNOTIFY-OK
2026-10-03T11:16:38.5155361Z 
2026-10-03T11:16:38.5155366Z 
2026-10-03T11:16:38.5156047Z SC-PREFS-OK
2026-10-03T11:16:38.5156251Z 
2026-10-03T11:16:38.5156256Z 
2026-10-03T11:16:38.5156398Z SC-RUNLOOP-OK
2026-10-03T11:16:38.5156573Z 
2026-10-03T11:16:38.5156586Z 
2026-10-03T11:16:38.5156707Z SC-STORE-OK
2026-10-03T11:16:38.5156891Z 
2026-10-03T11:16:38.5156896Z 
2026-10-03T11:16:38.5157017Z SC-VLAN-OK
2026-10-03T11:16:38.5157184Z 
2026-10-03T11:16:38.5157188Z 
2026-10-03T11:16:38.5157318Z SERVICE-LDCONFIG-OK
2026-10-03T11:16:38.5157520Z 
2026-10-03T11:16:38.5157525Z 
2026-10-03T11:16:38.5157655Z SHELLCMD-LEAF-OK
2026-10-03T11:16:38.5157833Z 
2026-10-03T11:16:38.5157838Z 
2026-10-03T11:16:38.5157951Z SUDO-OK
2026-10-03T11:16:38.5158113Z 
2026-10-03T11:16:38.5158117Z 
2026-10-03T11:16:38.5158246Z SYSCMD-LEAF-OK
2026-10-03T11:16:38.5158429Z 
2026-10-03T11:16:38.5158441Z 
2026-10-03T11:16:38.5158564Z SYSLOG-RUN-OK
2026-10-03T11:16:38.5158760Z 
2026-10-03T11:16:38.5158765Z 
2026-10-03T11:16:38.5158873Z SYSLOGD-PROC-OK
2026-10-03T11:16:38.5158997Z 
2026-10-03T11:16:38.5159000Z 
2026-10-03T11:16:38.5159090Z TASK-SPECIAL-PORT-OK
2026-10-03T11:16:38.5159234Z 
2026-10-03T11:16:38.5159237Z 
2026-10-03T11:16:38.5159319Z TEXTCMD-LEAF-OK
2026-10-03T11:16:38.5159493Z 
2026-10-03T11:16:38.5159500Z 
2026-10-03T11:16:38.5159641Z WAITQUIET-OK
2026-10-03T11:16:38.5159837Z 
2026-10-03T11:16:38.5159842Z 
2026-10-03T11:16:38.5159984Z WEDGE-CHECK-SKIP
2026-10-03T11:16:38.5160185Z 
2026-10-03T11:16:38.5160189Z 
2026-10-03T11:16:38.5160326Z ADVCMD-LEAF-OK
2026-10-03T11:16:38.5160528Z 
2026-10-03T11:16:38.5160533Z 
2026-10-03T11:16:38.5160710Z NEXTBSD-TEST-SUMMARY ok=80 fail=0 skip=6
2026-10-03T11:16:38.5161050Z 
2026-10-03T11:16:38.5161055Z 
2026-10-03T11:16:38.5161207Z admin@selftest ~ % 
2026-10-03T11:16:38.5161833Z OK: /usr/tests/freebsd-launchd-mach/run.sh: NEXTBSD-TEST-SUMMARY ok=80 fail=0 skip=6
2026-10-03T11:16:38.5162431Z 
2026-10-03T11:16:38.5164627Z DBG: transcript 2429 bytes; tail: <NL><NL>SC-RUNLOOP-OK<NL><NL><NL>SC-STORE-OK<NL><NL><NL>SC-VLAN-OK<NL><NL><NL>SERVICE-LDCONFIG-OK<NL><NL><NL>SHELLCMD-LEAF-OK<NL><NL><NL>SUDO-OK<NL><NL><NL>SYSCMD-LEAF-OK<NL><NL><NL>SYSLOG-RUN-OK<NL><NL><NL>SYSLOGD-PROC-OK<NL><NL><NL>TASK-SPECIAL-PORT-OK<NL><NL><NL>TEXTCMD-LEAF-OK<NL><NL><NL>WAITQUIET-OK<NL><NL><NL>WEDGE-CHECK-SKIP<NL><NL><NL>ADVCMD-LEAF-OK<NL><NL><NL>NEXTBSD-TEST-SUMMARY ok=80 fail=0 skip=6<NL><NL><NL>admin@selftest ~ % 
2026-10-03T11:16:38.5166756Z 
2026-10-03T11:16:38.5166858Z DBG: markers recorded: 0
2026-10-03T11:16:38.5167015Z 
2026-10-03T11:16:38.5167156Z DBG-MARK: <ACCT-HELPERS> at OK/SKIP/FAIL = 905/-1/-1
2026-10-03T11:16:38.5167399Z 
2026-10-03T11:16:38.5167543Z DBG-MARK: <ACCT-LIFECYCLE> at OK/SKIP/FAIL = 923/-1/-1
2026-10-03T11:16:38.5167989Z 
2026-10-03T11:16:38.5168115Z DBG-MARK: <ADVCMD-LEAF> at OK/SKIP/FAIL = 2350/-1/-1
2026-10-03T11:16:38.5168323Z 
2026-10-03T11:16:38.5168480Z DBG-MARK: <ASLMANAGER-DEMAND> at OK/SKIP/FAIL = -1/943/-1
2026-10-03T11:16:38.5168714Z 
2026-10-03T11:16:38.5168841Z DBG-MARK: <BOOT-BANNER> at OK/SKIP/FAIL = -1/968/-1
2026-10-03T11:16:38.5169056Z 
2026-10-03T11:16:38.5169175Z DBG-MARK: <BOOTSTRAP> at OK/SKIP/FAIL = 987/-1/-1
2026-10-03T11:16:38.5169384Z 
2026-10-03T11:16:38.5169519Z DBG-MARK: <BOOTSTRAP-REMOTE> at OK/SKIP/FAIL = 1002/-1/-1
2026-10-03T11:16:38.5169752Z 
2026-10-03T11:16:38.5169867Z DBG-MARK: <BUSYSTATE> at OK/SKIP/FAIL = 1024/-1/-1
2026-10-03T11:16:38.5170232Z ==> running on-image suite: /usr/tests/nextbsd-iokit/run.sh
2026-10-03T11:16:38.5170573Z r /usr/tests/nextbsd-iokit/run.sh
2026-10-03T11:16:38.5170813Z CAFFEINATE-OK
2026-10-03T11:16:38.5170925Z 
2026-10-03T11:16:38.5170928Z 
2026-10-03T11:16:38.5171011Z EM-AUTOLOAD-OK
2026-10-03T11:16:38.5171130Z 
2026-10-03T11:16:38.5171134Z 
2026-10-03T11:16:38.5171217Z IOCATALOGUE-OK
2026-10-03T11:16:38.5171333Z 
2026-10-03T11:16:38.5171336Z 
2026-10-03T11:16:38.5171413Z IOKIT-LOOKUP-OK
2026-10-03T11:16:38.5171533Z 
2026-10-03T11:16:38.5171536Z 
2026-10-03T11:16:38.5171611Z IOKITNOTIFY-OK
2026-10-03T11:16:38.5171722Z 
2026-10-03T11:16:38.5171726Z 
2026-10-03T11:16:38.5171801Z IOREG-OK
2026-10-03T11:16:38.5171900Z 
2026-10-03T11:16:38.5172019Z 
2026-10-03T11:16:38.5172101Z KEXTD-LOAD-OK
2026-10-03T11:16:38.5172208Z 
2026-10-03T11:16:38.5172211Z 
2026-10-03T11:16:38.5172319Z NEXTBSD-TEST-SUMMARY ok=7 fail=0 skip=0
2026-10-03T11:16:38.5172511Z 
2026-10-03T11:16:38.5172514Z 
2026-10-03T11:16:38.5172635Z admin@selftest ~ % 
2026-10-03T11:16:38.5172964Z OK: /usr/tests/nextbsd-iokit/run.sh: NEXTBSD-TEST-SUMMARY ok=7 fail=0 skip=0
2026-10-03T11:16:38.5173393Z 
2026-10-03T11:16:38.5175568Z DBG: transcript 2636 bytes; tail: E-CHECK-SKIP<NL><NL><NL>ADVCMD-LEAF-OK<NL><NL><NL>NEXTBSD-TEST-SUMMARY ok=80 fail=0 skip=6<NL><NL><NL>admin@selftest ~ % r /usr/tests/nextbsd-iokit/run.sh<NL>CAFFEINATE-OK<NL><NL><NL>EM-AUTOLOAD-OK<NL><NL><NL>IOCATALOGUE-OK<NL><NL><NL>IOKIT-LOOKUP-OK<NL><NL><NL>IOKITNOTIFY-OK<NL><NL><NL>IOREG-OK<NL><NL><NL>KEXTD-LOAD-OK<NL><NL><NL>NEXTBSD-TEST-SUMMARY ok=7 fail=0 skip=0<NL><NL><NL>admin@selftest ~ % 
2026-10-03T11:16:38.5178836Z 
2026-10-03T11:16:38.5178992Z DBG: markers recorded: 0
2026-10-03T11:16:38.5179245Z 
2026-10-03T11:16:38.5179478Z DBG-MARK: <ACCT-HELPERS> at OK/SKIP/FAIL = 905/-1/-1
2026-10-03T11:16:38.5179872Z 
2026-10-03T11:16:38.5180099Z DBG-MARK: <ACCT-LIFECYCLE> at OK/SKIP/FAIL = 923/-1/-1
2026-10-03T11:16:38.5180473Z 
2026-10-03T11:16:38.5180681Z DBG-MARK: <ADVCMD-LEAF> at OK/SKIP/FAIL = 2350/-1/-1
2026-10-03T11:16:38.5181042Z 
2026-10-03T11:16:38.5181288Z DBG-MARK: <ASLMANAGER-DEMAND> at OK/SKIP/FAIL = -1/943/-1
2026-10-03T11:16:38.5181688Z 
2026-10-03T11:16:38.5181886Z DBG-MARK: <BOOT-BANNER> at OK/SKIP/FAIL = -1/968/-1
2026-10-03T11:16:38.5182247Z 
2026-10-03T11:16:38.5182438Z DBG-MARK: <BOOTSTRAP> at OK/SKIP/FAIL = 987/-1/-1
2026-10-03T11:16:38.5182800Z 
2026-10-03T11:16:38.5183068Z DBG-MARK: <BOOTSTRAP-REMOTE> at OK/SKIP/FAIL = 1002/-1/-1
2026-10-03T11:16:38.5183468Z 
2026-10-03T11:16:38.5183664Z DBG-MARK: <BUSYSTATE> at OK/SKIP/FAIL = 1024/-1/-1
2026-10-03T11:16:38.5184016Z 
2026-10-03T11:16:38.5185223Z FAIL: ADVCMD-LEAF — must-pass marker never emitted (suite did not reach it, or the image predates the capability; overlay to warn if that is expected)
2026-10-03T11:16:38.5186377Z 
2026-10-03T11:16:38.5187330Z FAIL: BOOTSTRAP — must-pass marker never emitted (suite did not reach it, or the image predates the capability; overlay to warn if that is expected)
2026-10-03T11:16:38.5188258Z 
2026-10-03T11:16:38.5188872Z FAIL: BOOTSTRAP-REMOTE — must-pass marker never emitted (suite did not reach it, or the image predates the capability; overlay to warn if that is expected)
2026-10-03T11:16:38.5189537Z 
2026-10-03T11:16:38.5190423Z FAIL: BUSYSTATE — must-pass marker never emitted (suite did not reach it, or the image predates the capability; overlay to warn if that is expected)
2026-10-03T11:16:38.5191451Z 
2026-10-03T11:16:38.5192452Z FAIL: CONFIGD-LIST — must-pass marker never emitted (suite did not reach it, or the image predates the capability; overlay to warn if that is expected)
2026-10-03T11:16:38.5193461Z 
2026-10-03T11:16:38.5194479Z FAIL: CONFIGD-MULTI — must-pass marker never emitted (suite did not reach it, or the image predates the capability; overlay to warn if that is expected)
2026-10-03T11:16:38.5195326Z 
2026-10-03T11:16:38.5196381Z FAIL: CONFIGD-NOTIFY — must-pass marker never emitted (suite did not reach it, or the image predates the capability; overlay to warn if that is expected)
2026-10-03T11:16:38.5197318Z 
2026-10-03T11:16:38.5198199Z FAIL: CONFIGD-PATTERN — must-pass marker never emitted (suite did not reach it, or the image predates the capability; overlay to warn if that is expected)
2026-10-03T11:16:38.5198764Z 
2026-10-03T11:16:38.5199302Z FAIL: CONFIGD-STORE — must-pass marker never emitted (suite did not reach it, or the image predates the capability; overlay to warn if that is expected)
2026-10-03T11:16:38.5199860Z 
2026-10-03T11:16:38.5200415Z FAIL: COREFOUNDATION — must-pass marker never emitted (suite did not reach it, or the image predates the capability; overlay to warn if that is expected)
2026-10-03T11:16:38.5200959Z 
2026-10-03T11:16:38.5201638Z FAIL: DA-BOOT — must-pass marker never emitted (suite did not reach it, or the image predates the capability; overlay to warn if that is expected)
2026-10-03T11:16:38.5202167Z 
2026-10-03T11:16:38.5202694Z FAIL: DOMAIN-DIRS — must-pass marker never emitted (suite did not reach it, or the image predates the capability; overlay to warn if that is expected)
2026-10-03T11:16:38.5203229Z 
2026-10-03T11:16:38.5203739Z FAIL: FBSDGLUE — must-pass marker never emitted (suite did not reach it, or the image predates the capability; overlay to warn if that is expected)
2026-10-03T11:16:38.5204265Z 
2026-10-03T11:16:38.5204807Z FAIL: FILECMD-LEAF — must-pass marker never emitted (suite did not reach it, or the image predates the capability; overlay to warn if that is expected)
2026-10-03T11:16:38.5205349Z 
2026-10-03T11:16:38.5206492Z FAIL: HOST-BOOTSTRAP — must-pass marker never emitted (suite did not reach it, or the image predates the capability; overlay to warn if that is expected)
2026-10-03T11:16:38.5207487Z 
2026-10-03T11:16:38.5208504Z FAIL: HOSTNAMED — must-pass marker never emitted (suite did not reach it, or the image predates the capability; overlay to warn if that is expected)
2026-10-03T11:16:38.5209466Z 
2026-10-03T11:16:38.5210632Z FAIL: HOSTNAMED-DHCP — must-pass marker never emitted (suite did not reach it, or the image predates the capability; overlay to warn if that is expected)
2026-10-03T11:16:38.5211643Z 
2026-10-03T11:16:38.5212654Z FAIL: HOSTNAMED-PREFS — must-pass marker never emitted (suite did not reach it, or the image predates the capability; overlay to warn if that is expected)
2026-10-03T11:16:38.5213769Z 
2026-10-03T11:16:38.5214757Z FAIL: IPCFG-ARP — must-pass marker never emitted (suite did not reach it, or the image predates the capability; overlay to warn if that is expected)
2026-10-03T11:16:38.5215928Z 
2026-10-03T11:16:38.5216926Z FAIL: IPCFG-BOOT — must-pass marker never emitted (suite did not reach it, or the image predates the capability; overlay to warn if that is expected)
2026-10-03T11:16:38.5217891Z 
2026-10-03T11:16:38.5218875Z FAIL: IPCFG-BOUND — must-pass marker never emitted (suite did not reach it, or the image predates the capability; overlay to warn if that is expected)
2026-10-03T11:16:38.5219828Z 
2026-10-03T11:16:38.5220825Z FAIL: IPCFG-DHCP — must-pass marker never emitted (suite did not reach it, or the image predates the capability; overlay to warn if that is expected)
2026-10-03T11:16:38.5221782Z 
2026-10-03T11:16:38.5222787Z FAIL: IPCFG-IPCONFIG — must-pass marker never emitted (suite did not reach it, or the image predates the capability; overlay to warn if that is expected)
2026-10-03T11:16:38.5223753Z 
2026-10-03T11:16:38.5224961Z FAIL: IPCFG-RA — must-pass marker never emitted (suite did not reach it, or the image predates the capability; overlay to warn if that is expected)
2026-10-03T11:16:38.5226121Z 
2026-10-03T11:16:38.5227109Z FAIL: IPCFG-RENEW — must-pass marker never emitted (suite did not reach it, or the image predates the capability; overlay to warn if that is expected)
2026-10-03T11:16:38.5228092Z 
2026-10-03T11:16:38.5229070Z FAIL: IPCFG-RPC — must-pass marker never emitted (suite did not reach it, or the image predates the capability; overlay to warn if that is expected)
2026-10-03T11:16:38.5230017Z 
2026-10-03T11:16:38.5230976Z FAIL: IPCFG-STORE — must-pass marker never emitted (suite did not reach it, or the image predates the capability; overlay to warn if that is expected)
2026-10-03T11:16:38.5231932Z 
2026-10-03T11:16:38.5232891Z FAIL: KEM-LINK — must-pass marker never emitted (suite did not reach it, or the image predates the capability; overlay to warn if that is expected)
2026-10-03T11:16:38.5233813Z 
2026-10-03T11:16:38.5234840Z FAIL: LAUNCHCTL-BUILD — must-pass marker never emitted (suite did not reach it, or the image predates the capability; overlay to warn if that is expected)
2026-10-03T11:16:38.5236059Z 
2026-10-03T11:16:38.5237281Z FAIL: LAUNCHCTL-LIST — must-pass marker never emitted (suite did not reach it, or the image predates the capability; overlay to warn if that is expected)
2026-10-03T11:16:38.5238275Z 
2026-10-03T11:16:38.5239261Z FAIL: LAUNCHD-BUILD — must-pass marker never emitted (suite did not reach it, or the image predates the capability; overlay to warn if that is expected)
2026-10-03T11:16:38.5240232Z 
2026-10-03T11:16:38.5241222Z FAIL: LIBDISPATCH — must-pass marker never emitted (suite did not reach it, or the image predates the capability; overlay to warn if that is expected)
2026-10-03T11:16:38.5242200Z 
2026-10-03T11:16:38.5243233Z FAIL: LIBDISPATCH-MACH — must-pass marker never emitted (suite did not reach it, or the image predates the capability; overlay to warn if that is expected)
2026-10-03T11:16:38.5244237Z 
2026-10-03T11:16:38.5245422Z FAIL: LIBSYSTEM-KERNEL — must-pass marker never emitted (suite did not reach it, or the image predates the capability; overlay to warn if that is expected)
2026-10-03T11:16:38.5246652Z 
2026-10-03T11:16:38.5247637Z FAIL: LIBXPC — must-pass marker never emitted (suite did not reach it, or the image predates the capability; overlay to warn if that is expected)
2026-10-03T11:16:38.5248565Z 
2026-10-03T11:16:38.5249607Z FAIL: LINUX-MOUNTS — must-pass marker never emitted (suite did not reach it, or the image predates the capability; overlay to warn if that is expected)
2026-10-03T11:16:38.5250594Z 
2026-10-03T11:16:38.5251636Z FAIL: MACH-PORT — must-pass marker never emitted (suite did not reach it, or the image predates the capability; overlay to warn if that is expected)
2026-10-03T11:16:38.5252572Z 
2026-10-03T11:16:38.5253600Z FAIL: MACH-SMOKE — must-pass marker never emitted (suite did not reach it, or the image predates the capability; overlay to warn if that is expected)
2026-10-03T11:16:38.5254581Z 
2026-10-03T11:16:38.5255541Z FAIL: MDNS-BOOT — must-pass marker never emitted (suite did not reach it, or the image predates the capability; overlay to warn if that is expected)
2026-10-03T11:16:38.5256702Z 
2026-10-03T11:16:38.5257745Z FAIL: MDNS-DNSSD — must-pass marker never emitted (suite did not reach it, or the image predates the capability; overlay to warn if that is expected)
2026-10-03T11:16:38.5258706Z 
2026-10-03T11:16:38.5259695Z FAIL: MDNS-ENGINE — must-pass marker never emitted (suite did not reach it, or the image predates the capability; overlay to warn if that is expected)
2026-10-03T11:16:38.5260641Z 
2026-10-03T11:16:38.5261681Z FAIL: MDNS-IFWATCH — must-pass marker never emitted (suite did not reach it, or the image predates the capability; overlay to warn if that is expected)
2026-10-03T11:16:38.5262653Z 
2026-10-03T11:16:38.5263622Z FAIL: MIG-BUILD — must-pass marker never emitted (suite did not reach it, or the image predates the capability; overlay to warn if that is expected)
2026-10-03T11:16:38.5264783Z 
2026-10-03T11:16:38.5265979Z FAIL: NOTIFYD-PROC — must-pass marker never emitted (suite did not reach it, or the image predates the capability; overlay to warn if that is expected)
2026-10-03T11:16:38.5266955Z 
2026-10-03T11:16:38.5267918Z FAIL: SC-BOND — must-pass marker never emitted (suite did not reach it, or the image predates the capability; overlay to warn if that is expected)
2026-10-03T11:16:38.5268840Z 
2026-10-03T11:16:38.5269861Z FAIL: SC-BRIDGE — must-pass marker never emitted (suite did not reach it, or the image predates the capability; overlay to warn if that is expected)
2026-10-03T11:16:38.5270802Z 
2026-10-03T11:16:38.5271747Z FAIL: SC-LOCK — must-pass marker never emitted (suite did not reach it, or the image predates the capability; overlay to warn if that is expected)
2026-10-03T11:16:38.5272665Z 
2026-10-03T11:16:38.5273695Z FAIL: SC-MULTI — must-pass marker never emitted (suite did not reach it, or the image predates the capability; overlay to warn if that is expected)
2026-10-03T11:16:38.5274674Z 
2026-10-03T11:16:38.5275821Z FAIL: SC-NETIF — must-pass marker never emitted (suite did not reach it, or the image predates the capability; overlay to warn if that is expected)
2026-10-03T11:16:38.5276803Z 
2026-10-03T11:16:38.5278036Z FAIL: SC-NETSET — must-pass marker never emitted (suite did not reach it, or the image predates the capability; overlay to warn if that is expected)
2026-10-03T11:16:38.5279016Z 
2026-10-03T11:16:38.5279977Z FAIL: SC-NETSVC — must-pass marker never emitted (suite did not reach it, or the image predates the capability; overlay to warn if that is expected)
2026-10-03T11:16:38.5281005Z 
2026-10-03T11:16:38.5281990Z FAIL: SC-NOTIFY — must-pass marker never emitted (suite did not reach it, or the image predates the capability; overlay to warn if that is expected)
2026-10-03T11:16:38.5282932Z 
2026-10-03T11:16:38.5283852Z FAIL: SC-PATH — must-pass marker never emitted (suite did not reach it, or the image predates the capability; overlay to warn if that is expected)
2026-10-03T11:16:38.5284822Z 
2026-10-03T11:16:38.5286010Z FAIL: SC-PLINK — must-pass marker never emitted (suite did not reach it, or the image predates the capability; overlay to warn if that is expected)
2026-10-03T11:16:38.5286967Z 
2026-10-03T11:16:38.5287956Z FAIL: SC-PNOTIFY — must-pass marker never emitted (suite did not reach it, or the image predates the capability; overlay to warn if that is expected)
2026-10-03T11:16:38.5288912Z 
2026-10-03T11:16:38.5289877Z FAIL: SC-PREFS — must-pass marker never emitted (suite did not reach it, or the image predates the capability; overlay to warn if that is expected)
2026-10-03T11:16:38.5290817Z 
2026-10-03T11:16:38.5291785Z FAIL: SC-RUNLOOP — must-pass marker never emitted (suite did not reach it, or the image predates the capability; overlay to warn if that is expected)
2026-10-03T11:16:38.5292725Z 
2026-10-03T11:16:38.5293655Z FAIL: SC-STORE — must-pass marker never emitted (suite did not reach it, or the image predates the capability; overlay to warn if that is expected)
2026-10-03T11:16:38.5294594Z 
2026-10-03T11:16:38.5295543Z FAIL: SC-VLAN — must-pass marker never emitted (suite did not reach it, or the image predates the capability; overlay to warn if that is expected)
2026-10-03T11:16:38.5296686Z 
2026-10-03T11:16:38.5297720Z FAIL: SERVICE-LDCONFIG — must-pass marker never emitted (suite did not reach it, or the image predates the capability; overlay to warn if that is expected)
2026-10-03T11:16:38.5298711Z 
2026-10-03T11:16:38.5299732Z FAIL: SHELLCMD-LEAF — must-pass marker never emitted (suite did not reach it, or the image predates the capability; overlay to warn if that is expected)
2026-10-03T11:16:38.5300715Z 
2026-10-03T11:16:38.5301669Z FAIL: SYSCMD-LEAF — must-pass marker never emitted (suite did not reach it, or the image predates the capability; overlay to warn if that is expected)
2026-10-03T11:16:38.5302624Z 
2026-10-03T11:16:38.5303590Z FAIL: SYSLOG-RUN — must-pass marker never emitted (suite did not reach it, or the image predates the capability; overlay to warn if that is expected)
2026-10-03T11:16:38.5304749Z 
2026-10-03T11:16:38.5305939Z FAIL: SYSLOGD-PROC — must-pass marker never emitted (suite did not reach it, or the image predates the capability; overlay to warn if that is expected)
2026-10-03T11:16:38.5306912Z 
2026-10-03T11:16:38.5307968Z FAIL: TASK-SPECIAL-PORT — must-pass marker never emitted (suite did not reach it, or the image predates the capability; overlay to warn if that is expected)
2026-10-03T11:16:38.5308970Z 
2026-10-03T11:16:38.5309932Z FAIL: TEXTCMD-LEAF — must-pass marker never emitted (suite did not reach it, or the image predates the capability; overlay to warn if that is expected)
2026-10-03T11:16:38.5310897Z 
2026-10-03T11:16:38.5311868Z FAIL: WAITQUIET — must-pass marker never emitted (suite did not reach it, or the image predates the capability; overlay to warn if that is expected)
2026-10-03T11:16:38.5312818Z 
2026-10-03T11:16:38.5313090Z FAIL: 67 must-pass marker(s) missing from the suite output
2026-10-03T11:16:38.5313670Z NEXTBSD-TEST-SUMMARY ok=7 fail=0 skip=0
2026-10-03T11:16:38.5314568Z ==> boot-test FAILED rc=1 (arch=amd64 suite=/usr/tests/freebsd-launchd-mach/run.sh /usr/tests/nextbsd-iokit/run.sh)
2026-10-03T11:16:38.5315484Z     serial transcript: tests/boot.log
2026-10-03T11:16:38.5316524Z SELFTEST FAIL: case two-suite — expected rc 0, got 1
2026-10-03T11:16:38.5317052Z ==> SELFTEST FAILED
2026-10-03T11:16:38.5331857Z ##[error]Process completed with exit code 1.
2026-10-03T11:16:38.5464944Z Post job cleanup.
2026-10-03T11:16:38.6439310Z [command]/usr/bin/git version
2026-10-03T11:16:38.6491270Z git version 2.55.0
2026-10-03T11:16:38.6538754Z Temporarily overriding HOME='/home/runner/work/_temp/af946434-2c61-4573-816a-54692ab08ab3' before making global git config changes
2026-10-03T11:16:38.6540420Z Adding repository directory to the temporary git global config as a safe directory
2026-10-03T11:16:38.6544403Z [command]/usr/bin/git config --global --add safe.directory /home/runner/work/nextbsd-ci/nextbsd-ci
2026-10-03T11:16:38.6584728Z [command]/usr/bin/git config --local --name-only --get-regexp core\.sshCommand
2026-10-03T11:16:38.6630243Z [command]/usr/bin/git submodule foreach --recursive sh -c "git config --local --name-only --get-regexp 'core\.sshCommand' && git config --local --unset-all 'core.sshCommand' || :"
2026-10-03T11:16:38.6873146Z [command]/usr/bin/git config --local --name-only --get-regexp http\.https\:\/\/github\.com\/\.extraheader
2026-10-03T11:16:38.6903442Z http.https://github.com/.extraheader
2026-10-03T11:16:38.6914751Z [command]/usr/bin/git config --local --unset-all http.https://github.com/.extraheader
2026-10-03T11:16:38.6950185Z [command]/usr/bin/git submodule foreach --recursive sh -c "git config --local --name-only --get-regexp 'http\.https\:\/\/github\.com\/\.extraheader' && git config --local --unset-all 'http.https://github.com/.extraheader' || :"
2026-10-03T11:16:38.7217027Z [command]/usr/bin/git config --local --name-only --get-regexp ^includeIf\.gitdir:
2026-10-03T11:16:38.7251451Z [command]/usr/bin/git submodule foreach --recursive git config --local --show-origin --name-only --get-regexp remote.origin.url
2026-10-03T11:16:38.7648825Z Cleaning up orphan processes
2026-10-03T11:16:38.7989312Z ##[warning]Node.js 20 is deprecated. The following actions target Node.js 20 but are being forced to run on Node.js 24: actions/checkout@v4. For more information see: https://github.blog/changelog/2025-09-19-deprecation-of-node-20-on-github-actions-runners/
