2026-10-03T11:39:34.6428683Z Current runner version: '2.337.0'
2026-10-03T11:39:34.6451133Z ##[group]Runner Image Provisioner
2026-10-03T11:39:34.6451926Z Hosted Compute Agent
2026-10-03T11:39:34.6452569Z Version: 20260901.588
2026-10-03T11:39:34.6453157Z Commit: f88ec8081b781fac6c440065ac7ff9e710ce3d0b
2026-10-03T11:39:34.6454009Z Build Date: 2026-09-01T19:56:44Z
2026-10-03T11:39:34.6454665Z Worker ID: {e3c769f4-4016-4ecc-ad56-473a181408f6}
2026-10-03T11:39:34.6455311Z Azure Region: westus3
2026-10-03T11:39:34.6455856Z ##[endgroup]
2026-10-03T11:39:34.6457284Z ##[group]Operating System
2026-10-03T11:39:34.6457915Z Ubuntu
2026-10-03T11:39:34.6458488Z 24.04.5
2026-10-03T11:39:34.6459048Z LTS
2026-10-03T11:39:34.6459568Z ##[endgroup]
2026-10-03T11:39:34.6460071Z ##[group]Runner Image
2026-10-03T11:39:34.6460641Z Image: ubuntu-24.04
2026-10-03T11:39:34.6461223Z Version: 20260927.320.1
2026-10-03T11:39:34.6462428Z Included Software: https://github.com/actions/runner-images/blob/ubuntu24/20260927.320/images/ubuntu/Ubuntu2404-Readme.md
2026-10-03T11:39:34.6464169Z Image Release: https://github.com/actions/runner-images/releases/tag/ubuntu24%2F20260927.320
2026-10-03T11:39:34.6465111Z ##[endgroup]
2026-10-03T11:39:34.6466250Z ##[group]GITHUB_TOKEN Permissions
2026-10-03T11:39:34.6468168Z Contents: read
2026-10-03T11:39:34.6468762Z Metadata: read
2026-10-03T11:39:34.6469269Z Packages: read
2026-10-03T11:39:34.6469843Z ##[endgroup]
2026-10-03T11:39:34.6471671Z Secret source: Actions
2026-10-03T11:39:34.6472525Z Cache mode: write
2026-10-03T11:39:34.6473152Z Prepare workflow directory
2026-10-03T11:39:34.6770035Z Prepare all required actions
2026-10-03T11:39:34.6828570Z Getting action download info
2026-10-03T11:39:35.0089744Z Download action repository 'actions/checkout@v4' (SHA:11d5960a326750d5838078e36cf38b85af677262)
2026-10-03T11:39:35.5043994Z Complete job name: selftest (amd64, ubuntu-24.04)
2026-10-03T11:39:35.5694614Z ##[group]Run actions/checkout@v4
2026-10-03T11:39:35.5695394Z with:
2026-10-03T11:39:35.5695856Z   repository: nextbsd/nextbsd-ci
2026-10-03T11:39:35.5699522Z   token: ***
2026-10-03T11:39:35.5699953Z   ssh-strict: true
2026-10-03T11:39:35.5700408Z   ssh-user: git
2026-10-03T11:39:35.5700857Z   persist-credentials: true
2026-10-03T11:39:35.5701343Z   clean: true
2026-10-03T11:39:35.5701830Z   sparse-checkout-cone-mode: true
2026-10-03T11:39:35.5702334Z   fetch-depth: 1
2026-10-03T11:39:35.5702766Z   fetch-tags: false
2026-10-03T11:39:35.5703210Z   show-progress: true
2026-10-03T11:39:35.5703867Z   lfs: false
2026-10-03T11:39:35.5704337Z   submodules: false
2026-10-03T11:39:35.5704784Z   set-safe-directory: true
2026-10-03T11:39:35.5705274Z   allow-unsafe-pr-checkout: false
2026-10-03T11:39:35.5705940Z ##[endgroup]
2026-10-03T11:39:35.6656193Z Syncing repository: nextbsd/nextbsd-ci
2026-10-03T11:39:35.6658886Z ##[group]Getting Git version info
2026-10-03T11:39:35.6660193Z Working directory is '/home/runner/work/nextbsd-ci/nextbsd-ci'
2026-10-03T11:39:35.6661988Z [command]/usr/bin/git version
2026-10-03T11:39:35.7714983Z git version 2.55.0
2026-10-03T11:39:35.7734231Z ##[endgroup]
2026-10-03T11:39:35.7749305Z Temporarily overriding HOME='/home/runner/work/_temp/fdb86ccd-8d54-490d-8fc2-a06a4c5ec193' before making global git config changes
2026-10-03T11:39:35.7751273Z Adding repository directory to the temporary git global config as a safe directory
2026-10-03T11:39:35.7755178Z [command]/usr/bin/git config --global --add safe.directory /home/runner/work/nextbsd-ci/nextbsd-ci
2026-10-03T11:39:35.7966975Z Deleting the contents of '/home/runner/work/nextbsd-ci/nextbsd-ci'
2026-10-03T11:39:35.7972863Z ##[group]Initializing the repository
2026-10-03T11:39:35.7976486Z [command]/usr/bin/git init /home/runner/work/nextbsd-ci/nextbsd-ci
2026-10-03T11:39:35.8406741Z hint: Using 'master' as the name for the initial branch. This default branch name
2026-10-03T11:39:35.8408758Z hint: will change to "main" in Git 3.0. To configure the initial branch name
2026-10-03T11:39:35.8410595Z hint: to use in all of your new repositories, which will suppress this warning,
2026-10-03T11:39:35.8411910Z hint: call:
2026-10-03T11:39:35.8412657Z hint:
2026-10-03T11:39:35.8413536Z hint: 	git config --global init.defaultBranch <name>
2026-10-03T11:39:35.8414672Z hint:
2026-10-03T11:39:35.8415531Z hint: Names commonly chosen instead of 'master' are 'main', 'trunk' and
2026-10-03T11:39:35.8416700Z hint: 'development'. The just-created branch can be renamed via this command:
2026-10-03T11:39:35.8417781Z hint:
2026-10-03T11:39:35.8418521Z hint: 	git branch -m <name>
2026-10-03T11:39:35.8419216Z hint:
2026-10-03T11:39:35.8420216Z hint: Disable this message with "git config set advice.defaultBranchName false"
2026-10-03T11:39:35.8421415Z Initialized empty Git repository in /home/runner/work/nextbsd-ci/nextbsd-ci/.git/
2026-10-03T11:39:35.8424291Z [command]/usr/bin/git remote add origin https://github.com/nextbsd/nextbsd-ci
2026-10-03T11:39:35.8649183Z ##[endgroup]
2026-10-03T11:39:35.8650035Z ##[group]Disabling automatic garbage collection
2026-10-03T11:39:35.8653029Z [command]/usr/bin/git config --local gc.auto 0
2026-10-03T11:39:35.8683074Z ##[endgroup]
2026-10-03T11:39:35.8684101Z ##[group]Setting up auth
2026-10-03T11:39:35.8689221Z [command]/usr/bin/git config --local --name-only --get-regexp core\.sshCommand
2026-10-03T11:39:35.8718530Z [command]/usr/bin/git submodule foreach --recursive sh -c "git config --local --name-only --get-regexp 'core\.sshCommand' && git config --local --unset-all 'core.sshCommand' || :"
2026-10-03T11:39:36.0380891Z [command]/usr/bin/git config --local --name-only --get-regexp http\.https\:\/\/github\.com\/\.extraheader
2026-10-03T11:39:36.0410512Z [command]/usr/bin/git submodule foreach --recursive sh -c "git config --local --name-only --get-regexp 'http\.https\:\/\/github\.com\/\.extraheader' && git config --local --unset-all 'http.https://github.com/.extraheader' || :"
2026-10-03T11:39:36.0585812Z [command]/usr/bin/git config --local --name-only --get-regexp ^includeIf\.gitdir:
2026-10-03T11:39:36.0614689Z [command]/usr/bin/git submodule foreach --recursive git config --local --show-origin --name-only --get-regexp remote.origin.url
2026-10-03T11:39:36.0794362Z [command]/usr/bin/git config --local http.https://github.com/.extraheader AUTHORIZATION: basic ***
2026-10-03T11:39:36.0829341Z ##[endgroup]
2026-10-03T11:39:36.0830521Z ##[group]Fetching the repository
2026-10-03T11:39:36.0838929Z [command]/usr/bin/git -c protocol.version=2 fetch --no-tags --prune --no-recurse-submodules --depth=1 origin +89954a962c04208f483cbad05076728de4407184:refs/remotes/pull/9/merge
2026-10-03T11:39:36.9485795Z From https://github.com/nextbsd/nextbsd-ci
2026-10-03T11:39:36.9487474Z  * [new ref]         89954a962c04208f483cbad05076728de4407184 -> pull/9/merge
2026-10-03T11:39:36.9500238Z ##[endgroup]
2026-10-03T11:39:36.9501665Z ##[group]Determining the checkout info
2026-10-03T11:39:36.9503943Z ##[endgroup]
2026-10-03T11:39:36.9505424Z [command]/usr/bin/git sparse-checkout disable
2026-10-03T11:39:36.9662052Z [command]/usr/bin/git config --local --unset-all extensions.worktreeConfig
2026-10-03T11:39:36.9694833Z ##[group]Checking out the ref
2026-10-03T11:39:36.9696618Z [command]/usr/bin/git checkout --progress --force refs/remotes/pull/9/merge
2026-10-03T11:39:36.9798414Z Note: switching to 'refs/remotes/pull/9/merge'.
2026-10-03T11:39:36.9799339Z 
2026-10-03T11:39:36.9800433Z You are in 'detached HEAD' state. You can look around, make experimental
2026-10-03T11:39:36.9802662Z changes and commit them, and you can discard any commits you make in this
2026-10-03T11:39:36.9804597Z state without impacting any branches by switching back to a branch.
2026-10-03T11:39:36.9805565Z 
2026-10-03T11:39:36.9806537Z If you want to create a new branch to retain commits you create, you may
2026-10-03T11:39:36.9808173Z do so (now or later) by using -c with the switch command. Example:
2026-10-03T11:39:36.9809009Z 
2026-10-03T11:39:36.9809449Z   git switch -c <new-branch-name>
2026-10-03T11:39:36.9810118Z 
2026-10-03T11:39:36.9810519Z Or undo this operation with:
2026-10-03T11:39:36.9811065Z 
2026-10-03T11:39:36.9811539Z   git switch -
2026-10-03T11:39:36.9811990Z 
2026-10-03T11:39:36.9812712Z Turn off this advice by setting config variable advice.detachedHead to false
2026-10-03T11:39:36.9814013Z 
2026-10-03T11:39:36.9815507Z HEAD is now at 89954a9 Merge 6c316accaa71981dc3a53109bb20a89b860701b0 into bae13410f0ff570b952d51053ed0c462272008b7
2026-10-03T11:39:36.9819062Z ##[endgroup]
2026-10-03T11:39:36.9841720Z [command]/usr/bin/git log -1 --format=%H
2026-10-03T11:39:36.9861180Z 89954a962c04208f483cbad05076728de4407184
2026-10-03T11:39:37.0100913Z ##[group]Run sudo apt-get update && sudo apt-get install -y expect shellcheck
2026-10-03T11:39:37.0102907Z [36;1msudo apt-get update && sudo apt-get install -y expect shellcheck[0m
2026-10-03T11:39:37.1200060Z shell: /usr/bin/bash -e {0}
2026-10-03T11:39:37.1201158Z ##[endgroup]
2026-10-03T11:39:37.2979383Z Get:1 file:/etc/apt/apt-mirrors.txt Mirrorlist [144 B]
2026-10-03T11:39:37.3082791Z Get:6 https://packages.microsoft.com/ubuntu/24.04/prod noble InRelease [3600 B]
2026-10-03T11:39:37.3446243Z Hit:2 http://azure.archive.ubuntu.com/ubuntu noble InRelease
2026-10-03T11:39:37.3452240Z Get:3 http://azure.archive.ubuntu.com/ubuntu noble-updates InRelease [126 kB]
2026-10-03T11:39:37.3513453Z Get:4 http://azure.archive.ubuntu.com/ubuntu noble-backports InRelease [126 kB]
2026-10-03T11:39:37.3560526Z Get:5 http://azure.archive.ubuntu.com/ubuntu noble-security InRelease [126 kB]
2026-10-03T11:39:37.4255466Z Get:7 https://packages.microsoft.com/ubuntu/24.04/prod noble/main armhf Packages [12.6 kB]
2026-10-03T11:39:37.4410470Z Get:8 https://packages.microsoft.com/ubuntu/24.04/prod noble/main amd64 Packages [511 kB]
2026-10-03T11:39:37.4529673Z Get:9 https://packages.microsoft.com/ubuntu/24.04/prod noble/main arm64 Packages [458 kB]
2026-10-03T11:39:37.5229078Z Get:10 http://azure.archive.ubuntu.com/ubuntu noble-updates/main amd64 Packages [1364 kB]
2026-10-03T11:39:37.5292344Z Get:11 http://azure.archive.ubuntu.com/ubuntu noble-updates/main Translation-en [304 kB]
2026-10-03T11:39:37.5310601Z Get:12 http://azure.archive.ubuntu.com/ubuntu noble-updates/main amd64 Components [181 kB]
2026-10-03T11:39:37.5325416Z Get:13 http://azure.archive.ubuntu.com/ubuntu noble-updates/universe amd64 Packages [1699 kB]
2026-10-03T11:39:37.5402168Z Get:14 http://azure.archive.ubuntu.com/ubuntu noble-updates/universe Translation-en [341 kB]
2026-10-03T11:39:37.5422316Z Get:15 http://azure.archive.ubuntu.com/ubuntu noble-updates/universe amd64 Components [388 kB]
2026-10-03T11:39:37.5445942Z Get:16 http://azure.archive.ubuntu.com/ubuntu noble-updates/restricted amd64 Packages [1720 kB]
2026-10-03T11:39:37.5540523Z Get:17 http://azure.archive.ubuntu.com/ubuntu noble-updates/restricted Translation-en [394 kB]
2026-10-03T11:39:37.5544236Z Get:18 http://azure.archive.ubuntu.com/ubuntu noble-updates/multiverse amd64 Components [940 B]
2026-10-03T11:39:37.5716780Z Get:19 http://azure.archive.ubuntu.com/ubuntu noble-backports/main amd64 Components [5736 B]
2026-10-03T11:39:37.6151695Z Get:20 http://azure.archive.ubuntu.com/ubuntu noble-backports/universe amd64 Components [12.6 kB]
2026-10-03T11:39:37.6164138Z Get:21 http://azure.archive.ubuntu.com/ubuntu noble-security/main amd64 Packages [1069 kB]
2026-10-03T11:39:37.6210255Z Get:22 http://azure.archive.ubuntu.com/ubuntu noble-security/main Translation-en [221 kB]
2026-10-03T11:39:37.6224832Z Get:23 http://azure.archive.ubuntu.com/ubuntu noble-security/main amd64 Components [46.5 kB]
2026-10-03T11:39:37.6234358Z Get:24 http://azure.archive.ubuntu.com/ubuntu noble-security/universe amd64 Packages [1216 kB]
2026-10-03T11:39:37.6286834Z Get:25 http://azure.archive.ubuntu.com/ubuntu noble-security/universe Translation-en [244 kB]
2026-10-03T11:39:37.6304131Z Get:26 http://azure.archive.ubuntu.com/ubuntu noble-security/universe amd64 Components [76.3 kB]
2026-10-03T11:39:37.6318450Z Get:27 http://azure.archive.ubuntu.com/ubuntu noble-security/restricted amd64 Packages [1566 kB]
2026-10-03T11:39:37.6387653Z Get:28 http://azure.archive.ubuntu.com/ubuntu noble-security/restricted Translation-en [361 kB]
2026-10-03T11:39:47.7295527Z Fetched 12.6 MB in 1s (8847 kB/s)
2026-10-03T11:39:48.5334978Z Reading package lists...
2026-10-03T11:39:48.5647804Z Reading package lists...
2026-10-03T11:39:48.7293139Z Building dependency tree...
2026-10-03T11:39:48.7299844Z Reading state information...
2026-10-03T11:39:48.9156749Z shellcheck is already the newest version (0.9.0-1).
2026-10-03T11:39:48.9157614Z The following NEW packages will be installed:
2026-10-03T11:39:48.9166006Z   expect tcl-expect
2026-10-03T11:39:48.9319737Z 0 upgraded, 2 newly installed, 0 to remove and 25 not upgraded.
2026-10-03T11:39:48.9320465Z Need to get 247 kB of archives.
2026-10-03T11:39:48.9320996Z After this operation, 538 kB of additional disk space will be used.
2026-10-03T11:39:48.9321488Z Get:1 file:/etc/apt/apt-mirrors.txt Mirrorlist [144 B]
2026-10-03T11:39:49.0241474Z Get:2 http://azure.archive.ubuntu.com/ubuntu noble/universe amd64 tcl-expect amd64 5.45.4-3 [110 kB]
2026-10-03T11:39:49.0890998Z Get:3 http://azure.archive.ubuntu.com/ubuntu noble/universe amd64 expect amd64 5.45.4-3 [137 kB]
2026-10-03T11:39:49.3318160Z Fetched 247 kB in 0s (1481 kB/s)
2026-10-03T11:39:49.3679062Z Selecting previously unselected package tcl-expect:amd64.
2026-10-03T11:39:49.4306969Z (Reading database ... 
2026-10-03T11:39:49.4307700Z (Reading database ... 5%
2026-10-03T11:39:49.4308398Z (Reading database ... 10%
2026-10-03T11:39:49.4311070Z (Reading database ... 15%
2026-10-03T11:39:49.4311679Z (Reading database ... 20%
2026-10-03T11:39:49.4313113Z (Reading database ... 25%
2026-10-03T11:39:49.4314000Z (Reading database ... 30%
2026-10-03T11:39:49.4314762Z (Reading database ... 35%
2026-10-03T11:39:49.4315244Z (Reading database ... 40%
2026-10-03T11:39:49.4315738Z (Reading database ... 45%
2026-10-03T11:39:49.4316345Z (Reading database ... 50%
2026-10-03T11:39:49.4864179Z (Reading database ... 55%
2026-10-03T11:39:50.1186851Z (Reading database ... 60%
2026-10-03T11:39:50.3786621Z (Reading database ... 65%
2026-10-03T11:39:50.6400174Z (Reading database ... 70%
2026-10-03T11:39:50.9234601Z (Reading database ... 75%
2026-10-03T11:39:51.2581369Z (Reading database ... 80%
2026-10-03T11:39:51.7966883Z (Reading database ... 85%
2026-10-03T11:39:52.4332573Z (Reading database ... 90%
2026-10-03T11:39:53.2642956Z (Reading database ... 95%
2026-10-03T11:39:53.2643393Z (Reading database ... 100%
2026-10-03T11:39:53.2644242Z (Reading database ... 202296 files and directories currently installed.)
2026-10-03T11:39:53.2686121Z Preparing to unpack .../tcl-expect_5.45.4-3_amd64.deb ...
2026-10-03T11:39:53.2719581Z Unpacking tcl-expect:amd64 (5.45.4-3) ...
2026-10-03T11:39:53.3055596Z Selecting previously unselected package expect.
2026-10-03T11:39:53.3171856Z Preparing to unpack .../expect_5.45.4-3_amd64.deb ...
2026-10-03T11:39:53.3185787Z Unpacking expect (5.45.4-3) ...
2026-10-03T11:39:53.3771360Z Setting up tcl-expect:amd64 (5.45.4-3) ...
2026-10-03T11:39:53.3798030Z Setting up expect (5.45.4-3) ...
2026-10-03T11:39:53.3825637Z Processing triggers for man-db (2.12.0-4build2) ...
2026-10-03T11:39:53.3846237Z Not building database; man-db/auto-update is not 'true'.
2026-10-03T11:39:53.3861117Z Processing triggers for libc-bin (2.39-0ubuntu8.9) ...
2026-10-03T11:39:56.4295037Z 
2026-10-03T11:39:56.4296308Z Running kernel seems to be up-to-date.
2026-10-03T11:39:56.4297019Z 
2026-10-03T11:39:56.4297927Z No services need to be restarted.
2026-10-03T11:39:56.4298322Z 
2026-10-03T11:39:56.4298448Z No containers need to be restarted.
2026-10-03T11:39:56.4298810Z 
2026-10-03T11:39:56.4299010Z No user sessions are running outdated binaries.
2026-10-03T11:39:56.4299344Z 
2026-10-03T11:39:56.4299658Z No VM guests are running outdated hypervisor (qemu) binaries on this host.
2026-10-03T11:39:57.2148174Z ##[group]Run fail=0
2026-10-03T11:39:57.2148502Z [36;1mfail=0[0m
2026-10-03T11:39:57.2148876Z [36;1mfor f in $(find harness manifest selftest -name '*.sh' -type f); do[0m
2026-10-03T11:39:57.2149349Z [36;1m  sh -n "$f" || { echo "sh -n failed: $f"; fail=1; }[0m
2026-10-03T11:39:57.2149811Z [36;1mdone[0m
2026-10-03T11:39:57.2150055Z [36;1mexit $fail[0m
2026-10-03T11:39:57.2190432Z shell: /usr/bin/bash -e {0}
2026-10-03T11:39:57.2190807Z ##[endgroup]
2026-10-03T11:39:57.2329302Z ##[group]Run find harness manifest selftest -name '*.sh' -type f -print0 | xargs -0 -r shellcheck -x
2026-10-03T11:39:57.2330015Z [36;1mfind harness manifest selftest -name '*.sh' -type f -print0 | xargs -0 -r shellcheck -x[0m
2026-10-03T11:39:57.2362102Z shell: /usr/bin/bash -e {0}
2026-10-03T11:39:57.2362419Z ##[endgroup]
2026-10-03T11:39:57.6662229Z ##[group]Run sh manifest/validate.sh \
2026-10-03T11:39:57.6662627Z [36;1msh manifest/validate.sh \[0m
2026-10-03T11:39:57.6662936Z [36;1m  manifest/markers.tsv \[0m
2026-10-03T11:39:57.6663327Z [36;1m  manifest/overlay-nextbsd.tsv \[0m
2026-10-03T11:39:57.6664025Z [36;1m  manifest/overlay-nextbsd-userland.tsv \[0m
2026-10-03T11:39:57.6664475Z [36;1m  manifest/overlay-nextbsd-kernel.tsv[0m
2026-10-03T11:39:57.6707724Z shell: /usr/bin/bash -e {0}
2026-10-03T11:39:57.6708220Z ##[endgroup]
2026-10-03T11:39:57.6805032Z manifest/markers.tsv: 93 markers OK
2026-10-03T11:39:57.6819268Z manifest/overlay-nextbsd.tsv:  markers OK
2026-10-03T11:39:57.6833995Z manifest/overlay-nextbsd-userland.tsv:  markers OK
2026-10-03T11:39:57.6848687Z manifest/overlay-nextbsd-kernel.tsv:  markers OK
2026-10-03T11:39:57.6926737Z ##[group]Run sh selftest/run-selftest.sh
2026-10-03T11:39:57.6927119Z [36;1msh selftest/run-selftest.sh[0m
2026-10-03T11:39:57.6964738Z shell: /usr/bin/bash -e {0}
2026-10-03T11:39:57.6965055Z env:
2026-10-03T11:39:57.6965394Z   ARCH: amd64
2026-10-03T11:39:57.6965665Z ##[endgroup]
2026-10-03T11:39:57.7038307Z ==> golden: the shared patterns against production stream shapes
2026-10-03T11:39:57.7455075Z OK   loader: EDK2 autoboot countdown
2026-10-03T11:39:57.7455839Z OK   loader: UEFI self-ID (FreeBSD brand)
2026-10-03T11:39:57.7456468Z OK   loader: UEFI self-ID (NextBSD brand)
2026-10-03T11:39:57.7456988Z OK   loader: leaving the prompt to boot
2026-10-03T11:39:57.7457523Z OK   loader: kernel entry marker
2026-10-03T11:39:57.7458054Z OK   banner: synthesized hostname (amd64)
2026-10-03T11:39:57.7458566Z OK   banner: synthesized hostname (arm64)
2026-10-03T11:39:57.7459132Z OK   banner: the Amnesiac race-loser
2026-10-03T11:39:57.7459740Z OK   banner: the early-init sethostname line
2026-10-03T11:39:57.7460587Z OK   login: login(1) session message
2026-10-03T11:39:57.7461049Z OK   login: zsh prompt
2026-10-03T11:39:57.7461512Z OK   panic: page fault
2026-10-03T11:39:57.7461956Z OK   panic: data abort (arm64)
2026-10-03T11:39:57.7462411Z OK   teardown: shutdown progress
2026-10-03T11:39:57.7462925Z OK   teardown: syncing
2026-10-03T11:39:57.7463325Z OK   teardown: buffers synced
2026-10-03T11:39:57.7463890Z OK   teardown: uptime
2026-10-03T11:39:57.7464395Z OK   teardown: poweroff
2026-10-03T11:39:57.7464834Z OK   teardown: reboot (the wrong outcome)
2026-10-03T11:39:57.7466699Z OK   sentinel: summary line
2026-10-03T11:39:57.7467491Z OK   marker: OK line (LF)
2026-10-03T11:39:57.7467974Z OK   marker: FAIL line (CR LF, as the pty delivers it)
2026-10-03T11:39:57.7468525Z OK   marker: SKIP line (embedded in a burst)
2026-10-03T11:39:57.7469014Z OK   marker: the summary line is not a marker
2026-10-03T11:39:57.7469593Z OK   marker: the shell prompt is not a marker
2026-10-03T11:39:57.7470078Z OK   marker: lowercase output is not a marker
2026-10-03T11:39:57.7470329Z 
2026-10-03T11:39:57.7472161Z golden: all patterns match the production stream shapes
2026-10-03T11:39:57.7472869Z ==> manifest: schema
2026-10-03T11:39:57.7509034Z /home/runner/work/nextbsd-ci/nextbsd-ci/manifest/markers.tsv: 93 markers OK
2026-10-03T11:39:57.7523884Z /home/runner/work/nextbsd-ci/nextbsd-ci/manifest/overlay-nextbsd.tsv:  markers OK
2026-10-03T11:39:57.7539298Z /home/runner/work/nextbsd-ci/nextbsd-ci/manifest/overlay-nextbsd-userland.tsv:  markers OK
2026-10-03T11:39:57.7551892Z /home/runner/work/nextbsd-ci/nextbsd-ci/manifest/overlay-nextbsd-kernel.tsv:  markers OK
2026-10-03T11:39:57.7577916Z ==> harness vs mock guest (arch=amd64)
2026-10-03T11:39:57.7682677Z     plan: 93 markers
2026-10-03T11:39:57.7683916Z ==> case: ok (suite: /usr/tests/freebsd-launchd-mach/run.sh) — expect rc 0
2026-10-03T11:39:57.7708642Z ==> boot test: tests/fake.img
2026-10-03T11:39:57.7716316Z -rw-r--r-- 1 runner runner 0 Oct  3 11:39 tests/fake.img
2026-10-03T11:39:57.7769573Z ==> using KVM acceleration
2026-10-03T11:39:57.7770291Z ==> amd64: qemu-system-x86_64 -machine q35 | firmware 
2026-10-03T11:39:57.7875536Z === DBG: arm structure of tests/boot.exp
2026-10-03T11:39:57.7887492Z 122:    expect {
2026-10-03T11:39:57.7888131Z 123:        timeout { puts "\nFAIL: didn't see the loader autoboot prompt within ${secs}s"; exit 1 }
2026-10-03T11:39:57.7888911Z 124:        -re $re_hit_enter  { send " " }
2026-10-03T11:39:57.7889548Z 126:        -re $re_efi_banner { send " " }
2026-10-03T11:39:57.7890201Z 130:    expect {
2026-10-03T11:39:57.7891336Z 131:        timeout { puts "\nFAIL: didn't reach the loader OK prompt within 30s"; exit 1 }
2026-10-03T11:39:57.7892018Z 149:    expect {
2026-10-03T11:39:57.7892595Z 150:        timeout { puts "\nFAIL: no OK prompt after '$cmd' within 20s"; exit 1 }
2026-10-03T11:39:57.7893220Z 167:        expect {
2026-10-03T11:39:57.7893577Z 172:            -re $re_boot_go {
2026-10-03T11:39:57.7894467Z 180:            timeout {
2026-10-03T11:39:57.7894845Z 261:expect {
2026-10-03T11:39:57.7895191Z 262:    timeout {
2026-10-03T11:39:57.7895535Z 266:    -re $re_panic {
2026-10-03T11:39:57.7895919Z 270:    -re $re_early_init {
2026-10-03T11:39:57.7896390Z 274:    -re $re_boot_banner {
2026-10-03T11:39:57.7896806Z 296:expect {
2026-10-03T11:39:57.7897141Z 297:    timeout {
2026-10-03T11:39:57.7897584Z 301:        expect {
2026-10-03T11:39:57.7897921Z 303:            timeout {
2026-10-03T11:39:57.7898234Z 307:            -re $re_panic {
2026-10-03T11:39:57.7898661Z 317:    -re $re_panic {
2026-10-03T11:39:57.7899032Z 322:    -re $re_session_msg {
2026-10-03T11:39:57.7899472Z 330:    expect {
2026-10-03T11:39:57.7899775Z 331:        timeout {
2026-10-03T11:39:57.7900083Z 338:            expect {
2026-10-03T11:39:57.7900373Z 339:                timeout {
2026-10-03T11:39:57.7900750Z 348:                -re $re_shell_prompt { puts "\nOK: at root shell prompt" }
2026-10-03T11:39:57.7901274Z 352:        -re $re_shell_prompt { puts "\nOK: logged in as admin" }
2026-10-03T11:39:57.7901655Z 361:    expect {
2026-10-03T11:39:57.7901916Z 362:        timeout {
2026-10-03T11:39:57.7902188Z 662:expect {
2026-10-03T11:39:57.7902430Z 663:    timeout {
2026-10-03T11:39:57.7902700Z 675:    -re $re_marker {
2026-10-03T11:39:57.7902977Z 710:    -re $re_summary {
2026-10-03T11:39:57.7903289Z 728:    -re {panic|Fatal trap|Fatal data abort} {
2026-10-03T11:39:57.7903814Z 732:    eof {
2026-10-03T11:39:57.7904180Z 809:expect {
2026-10-03T11:39:57.7904525Z 810:    timeout {
2026-10-03T11:39:57.7904910Z 814:    -re {panic|Fatal trap|Fatal data abort} {
2026-10-03T11:39:57.7905287Z 819:    -re {[#%$] $} { puts "\nOK: shell alive after the suite" }
2026-10-03T11:39:57.7905725Z 851:expect {
2026-10-03T11:39:57.7906042Z 854:    -re {[#%$] $}     { }
2026-10-03T11:39:57.7906323Z 860:expect {
2026-10-03T11:39:57.7906596Z 861:    -re $re_shutdown_wait {
2026-10-03T11:39:57.7906914Z 865:    timeout {
2026-10-03T11:39:57.7907235Z 874:        expect { timeout {} eof {} "Uptime:" {} }
2026-10-03T11:39:57.7907617Z 879:    -re $re_reboot {
2026-10-03T11:39:57.7907905Z 885:    -re $re_poweroff {
2026-10-03T11:39:57.7908221Z 887:        expect {
2026-10-03T11:39:57.7908616Z 888:            timeout { puts "\nWARN: qemu did not exit after poweroff (informational)" }
2026-10-03T11:39:57.7909054Z 892:    eof {
2026-10-03T11:39:57.7909316Z === DBG: patterns set
2026-10-03T11:39:57.7909694Z 45:set re_summary {NEXTBSD-TEST-SUMMARY ok=([0-9]+) fail=([0-9]+) skip=([0-9]+)}
2026-10-03T11:39:57.7910278Z 53:set re_marker {[A-Z0-9][A-Z0-9-]*-(OK|SKIP|FAIL)(\r\n|\n)}
2026-10-03T11:39:57.7928419Z spawn tclsh /home/runner/work/nextbsd-ci/nextbsd-ci/selftest/mock-guest.tcl
2026-10-03T11:39:57.7976670Z FreeBSD/amd64 EFI loader, Revision 3.0
2026-10-03T11:39:57.7976985Z 
2026-10-03T11:39:57.7976990Z 
2026-10-03T11:39:57.7977119Z Loading /boot/loader.conf
2026-10-03T11:39:57.7977318Z 
2026-10-03T11:39:57.7977322Z 
2026-10-03T11:39:57.7977524Z Hit [Enter] to boot immediately, or any other key for command prompt.
2026-10-03T11:39:57.7977892Z 
2026-10-03T11:39:57.7977896Z 
2026-10-03T11:39:57.7978036Z OK 
2026-10-03T11:39:57.7978287Z ==> at loader prompt
2026-10-03T11:39:58.9805337Z  set console=comconsole
2026-10-03T11:39:58.9805761Z OK set console=comconsole
2026-10-03T11:39:58.9805970Z 
2026-10-03T11:39:58.9805975Z 
2026-10-03T11:40:00.0432524Z OK set boot_serial=YES
2026-10-03T11:40:00.0433204Z OK set boot_serial=YES
2026-10-03T11:40:00.0433364Z 
2026-10-03T11:40:00.0433369Z 
2026-10-03T11:40:01.4274581Z OK set comconsole_speed=115200
2026-10-03T11:40:01.4275112Z OK set comconsole_speed=115200
2026-10-03T11:40:01.4275444Z 
2026-10-03T11:40:01.4275448Z 
2026-10-03T11:40:02.6108974Z OK set boot_multicons=YES
2026-10-03T11:40:02.6109384Z OK set boot_multicons=YES
2026-10-03T11:40:02.6109559Z 
2026-10-03T11:40:02.6109565Z 
2026-10-03T11:40:03.7138454Z OK set boot_mutemsgs=NO
2026-10-03T11:40:03.7138935Z OK set boot_mutemsgs=NO
2026-10-03T11:40:03.7139116Z 
2026-10-03T11:40:03.7139121Z 
2026-10-03T11:40:04.2953933Z OK boot -v
2026-10-03T11:40:04.2954487Z Booting [/boot/kernel/kernel]
2026-10-03T11:40:04.2955099Z 
2026-10-03T11:40:04.2955106Z 
2026-10-03T11:40:04.2955348Z ---<<BOOT>>---
2026-10-03T11:40:04.2955594Z 
2026-10-03T11:40:04.2955602Z 
2026-10-03T11:40:04.2955808Z Copyright (c) 1992-2025 The FreeBSD Project.
2026-10-03T11:40:04.2956438Z 
2026-10-03T11:40:04.2956444Z 
2026-10-03T11:40:04.2956713Z early-init: sethostname('selftest')
2026-10-03T11:40:04.2957066Z 
2026-10-03T11:40:04.2957073Z 
2026-10-03T11:40:04.2957381Z early-init: opened /dev/klog (kernel.log_open=1; console quiet)
2026-10-03T11:40:04.2957775Z 
2026-10-03T11:40:04.2957795Z 
2026-10-03T11:40:04.2958023Z NextBSD/amd64 (selftest) (console)
2026-10-03T11:40:04.2958303Z 
2026-10-03T11:40:04.2958308Z 
2026-10-03T11:40:04.2958420Z 
2026-10-03T11:40:04.2959043Z OK: BOOT-BANNER-OK — getty shows the synthesized hostname 'selftest'
2026-10-03T11:40:04.5964873Z login:
2026-10-03T11:40:04.5965246Z 
2026-10-03T11:40:04.5965252Z 
2026-10-03T11:40:04.5965309Z 
2026-10-03T11:40:04.5965561Z OK: boot reached the login prompt
2026-10-03T11:40:04.5966073Z admin
2026-10-03T11:40:04.5966551Z Password:
2026-10-03T11:40:04.5966795Z 
2026-10-03T11:40:04.5966805Z 
2026-10-03T11:40:04.5966811Z 
2026-10-03T11:40:04.5966963Z admin@selftest ~ % 
2026-10-03T11:40:04.5967437Z OK: logged in as admin
2026-10-03T11:40:04.5970238Z ==> running on-image suite: /usr/tests/freebsd-launchd-mach/run.sh
2026-10-03T11:40:04.5975095Z r() { if [ "$(id -u)" = 0 ]; then "$@"; else sudo "$@"; fi; }
2026-10-03T11:40:04.5975662Z r /usr/tests/freebsd-launchd-mach/run.sh
2026-10-03T11:40:04.5984530Z admin@selftest ~ % ACCT-HELPERS-OK
2026-10-03T11:40:04.5985270Z 
2026-10-03T11:40:04.5985277Z 
2026-10-03T11:40:04.5985598Z ACCT-LIFECYCLE-OK
2026-10-03T11:40:04.5985808Z 
2026-10-03T11:40:04.5985813Z 
2026-10-03T11:40:04.5985988Z ASLMANAGER-DEMAND-SKIP
2026-10-03T11:40:04.5986202Z 
2026-10-03T11:40:04.5986206Z 
2026-10-03T11:40:04.5986362Z BOOT-BANNER-SKIP
2026-10-03T11:40:04.5986675Z 
2026-10-03T11:40:04.5986680Z 
2026-10-03T11:40:04.5986806Z BOOTSTRAP-OK
2026-10-03T11:40:04.5987007Z 
2026-10-03T11:40:04.5987012Z 
2026-10-03T11:40:04.5987149Z BOOTSTRAP-REMOTE-OK
2026-10-03T11:40:04.5987337Z 
2026-10-03T11:40:04.5987342Z 
2026-10-03T11:40:04.5987582Z BUSYSTATE-OK
2026-10-03T11:40:04.5987762Z 
2026-10-03T11:40:04.5987766Z 
2026-10-03T11:40:04.5987930Z CONFIGD-LIST-OK
2026-10-03T11:40:04.5988216Z 
2026-10-03T11:40:04.5988220Z 
2026-10-03T11:40:04.5988413Z CONFIGD-MULTI-OK
2026-10-03T11:40:04.5988656Z 
2026-10-03T11:40:04.5988700Z 
2026-10-03T11:40:04.5988833Z CONFIGD-NOTIFY-OK
2026-10-03T11:40:04.5989097Z 
2026-10-03T11:40:04.5989355Z 
2026-10-03T11:40:04.5989505Z CONFIGD-PATTERN-OK
2026-10-03T11:40:04.5989726Z 
2026-10-03T11:40:04.5989729Z 
2026-10-03T11:40:04.5989844Z CONFIGD-STORE-OK
2026-10-03T11:40:04.5989994Z 
2026-10-03T11:40:04.5989998Z 
2026-10-03T11:40:04.5990236Z COREFOUNDATION-OK
2026-10-03T11:40:04.5990409Z 
2026-10-03T11:40:04.5990414Z 
2026-10-03T11:40:04.5990609Z DA-BOOT-OK
2026-10-03T11:40:04.5990778Z 
2026-10-03T11:40:04.5990781Z 
2026-10-03T11:40:04.5991019Z DA-IOKIT-OK
2026-10-03T11:40:04.5991212Z 
2026-10-03T11:40:04.5991215Z 
2026-10-03T11:40:04.5991305Z DAEMON-STATE-OK
2026-10-03T11:40:04.5991463Z 
2026-10-03T11:40:04.5991466Z 
2026-10-03T11:40:04.5991561Z DOMAIN-DIRS-OK
2026-10-03T11:40:04.5991701Z 
2026-10-03T11:40:04.5991704Z 
2026-10-03T11:40:04.5991824Z EVFILT-MACHPORT-SKIP
2026-10-03T11:40:04.5992099Z 
2026-10-03T11:40:04.5992101Z 
2026-10-03T11:40:04.5992250Z EVFILT-MACHPORT-CONCURRENT-OK
2026-10-03T11:40:04.5992470Z 
2026-10-03T11:40:04.5992475Z 
2026-10-03T11:40:04.5992623Z FBSDGLUE-OK
2026-10-03T11:40:04.5992815Z 
2026-10-03T11:40:04.5992819Z 
2026-10-03T11:40:04.5993017Z FILECMD-LEAF-OK
2026-10-03T11:40:04.5993181Z 
2026-10-03T11:40:04.5993184Z 
2026-10-03T11:40:04.5993279Z GETTY-OK
2026-10-03T11:40:04.5993417Z 
2026-10-03T11:40:04.5993420Z 
2026-10-03T11:40:04.5993532Z HOMEDIR-OK
2026-10-03T11:40:04.5993963Z 
2026-10-03T11:40:04.5993967Z 
2026-10-03T11:40:04.5994257Z HOST-BOOTSTRAP-OK
2026-10-03T11:40:04.5994407Z 
2026-10-03T11:40:04.5994411Z 
2026-10-03T11:40:04.5994529Z HOSTNAMED-OK
2026-10-03T11:40:04.5994737Z 
2026-10-03T11:40:04.5994741Z 
2026-10-03T11:40:04.5994913Z HOSTNAMED-BONJOUR-RENAME-SKIP
2026-10-03T11:40:04.5995090Z 
2026-10-03T11:40:04.5995093Z 
2026-10-03T11:40:04.5995234Z HOSTNAMED-DHCP-OK
2026-10-03T11:40:04.5995498Z 
2026-10-03T11:40:04.5995501Z 
2026-10-03T11:40:04.5995662Z HOSTNAMED-MDNS-SKIP
2026-10-03T11:40:04.5995925Z 
2026-10-03T11:40:04.5995929Z 
2026-10-03T11:40:04.5996047Z HOSTNAMED-PREFS-OK
2026-10-03T11:40:04.5996276Z 
2026-10-03T11:40:04.5996279Z 
2026-10-03T11:40:04.5996440Z IPCFG-ARP-OK
2026-10-03T11:40:04.5996642Z 
2026-10-03T11:40:04.5996646Z 
2026-10-03T11:40:04.5996830Z IPCFG-BOOT-OK
2026-10-03T11:40:04.5996974Z 
2026-10-03T11:40:04.5996978Z 
2026-10-03T11:40:04.5997109Z IPCFG-BOUND-OK
2026-10-03T11:40:04.5997256Z 
2026-10-03T11:40:04.5997259Z 
2026-10-03T11:40:04.5997399Z IPCFG-DHCP-OK
2026-10-03T11:40:04.5997567Z 
2026-10-03T11:40:04.5997574Z 
2026-10-03T11:40:04.5997671Z IPCFG-IPCONFIG-OK
2026-10-03T11:40:04.5997837Z 
2026-10-03T11:40:04.5997840Z 
2026-10-03T11:40:04.5997934Z IPCFG-RA-OK
2026-10-03T11:40:04.5998088Z 
2026-10-03T11:40:04.5998092Z 
2026-10-03T11:40:04.5998232Z IPCFG-RENEW-OK
2026-10-03T11:40:04.5998360Z 
2026-10-03T11:40:04.5998363Z 
2026-10-03T11:40:04.5998492Z IPCFG-RPC-OK
2026-10-03T11:40:04.5998617Z 
2026-10-03T11:40:04.5998620Z 
2026-10-03T11:40:04.5998823Z IPCFG-STORE-OK
2026-10-03T11:40:04.5999014Z 
2026-10-03T11:40:04.5999017Z 
2026-10-03T11:40:04.5999116Z KEM-LINK-OK
2026-10-03T11:40:04.5999265Z 
2026-10-03T11:40:04.5999268Z 
2026-10-03T11:40:04.5999377Z LAUNCHCTL-BUILD-OK
2026-10-03T11:40:04.5999547Z 
2026-10-03T11:40:04.5999550Z 
2026-10-03T11:40:04.5999694Z LAUNCHCTL-LIST-OK
2026-10-03T11:40:04.5999829Z 
2026-10-03T11:40:04.5999832Z 
2026-10-03T11:40:04.5999965Z LAUNCHD-BUILD-OK
2026-10-03T11:40:04.6000097Z 
2026-10-03T11:40:04.6000100Z 
2026-10-03T11:40:04.6000255Z LIBDISPATCH-OK
2026-10-03T11:40:04.6000401Z 
2026-10-03T11:40:04.6000436Z 
2026-10-03T11:40:04.6000539Z LIBDISPATCH-MACH-OK
2026-10-03T11:40:04.6000715Z 
2026-10-03T11:40:04.6000718Z 
2026-10-03T11:40:04.6000819Z LIBDS-OK
2026-10-03T11:40:04.6000979Z 
2026-10-03T11:40:04.6000981Z 
2026-10-03T11:40:04.6001100Z LIBSYSTEM-KERNEL-OK
2026-10-03T11:40:04.6001273Z 
2026-10-03T11:40:04.6001277Z 
2026-10-03T11:40:04.6001409Z LIBXPC-OK
2026-10-03T11:40:04.6001832Z 
2026-10-03T11:40:04.6001836Z 
2026-10-03T11:40:04.6001974Z LINUX-MOUNTS-OK
2026-10-03T11:40:04.6002120Z 
2026-10-03T11:40:04.6002124Z 
2026-10-03T11:40:04.6002259Z MACH-PORT-OK
2026-10-03T11:40:04.6002391Z 
2026-10-03T11:40:04.6002517Z 
2026-10-03T11:40:04.6002623Z MACH-SMOKE-OK
2026-10-03T11:40:04.6002783Z 
2026-10-03T11:40:04.6002787Z 
2026-10-03T11:40:04.6002899Z MDNS-BOOT-OK
2026-10-03T11:40:04.6003057Z 
2026-10-03T11:40:04.6003060Z 
2026-10-03T11:40:04.6003162Z MDNS-DNSSD-OK
2026-10-03T11:40:04.6003352Z 
2026-10-03T11:40:04.6003355Z 
2026-10-03T11:40:04.6003490Z MDNS-ENGINE-OK
2026-10-03T11:40:04.6003637Z 
2026-10-03T11:40:04.6003640Z 
2026-10-03T11:40:04.6003971Z MDNS-IFWATCH-OK
2026-10-03T11:40:04.6004159Z 
2026-10-03T11:40:04.6004162Z 
2026-10-03T11:40:04.6004299Z MDNS-STATIC-OK
2026-10-03T11:40:04.6004465Z 
2026-10-03T11:40:04.6004468Z 
2026-10-03T11:40:04.6004581Z MIG-BUILD-OK
2026-10-03T11:40:04.6004748Z 
2026-10-03T11:40:04.6004751Z 
2026-10-03T11:40:04.6004865Z NFS-OK
2026-10-03T11:40:04.6005079Z 
2026-10-03T11:40:04.6005084Z 
2026-10-03T11:40:04.6005254Z NOTIFYD-PROC-OK
2026-10-03T11:40:04.6005420Z 
2026-10-03T11:40:04.6005425Z 
2026-10-03T11:40:04.6005576Z NSS-DS-OK
2026-10-03T11:40:04.6005728Z 
2026-10-03T11:40:04.6005739Z 
2026-10-03T11:40:04.6005887Z NTP-OK
2026-10-03T11:40:04.6006026Z 
2026-10-03T11:40:04.6006029Z 
2026-10-03T11:40:04.6006227Z SC-BOND-OK
2026-10-03T11:40:04.6006419Z 
2026-10-03T11:40:04.6006423Z 
2026-10-03T11:40:04.6006570Z SC-BRIDGE-OK
2026-10-03T11:40:04.6006760Z 
2026-10-03T11:40:04.6006764Z 
2026-10-03T11:40:04.6006871Z SC-LOCK-OK
2026-10-03T11:40:04.6007226Z 
2026-10-03T11:40:04.6007230Z 
2026-10-03T11:40:04.6007384Z SC-MULTI-OK
2026-10-03T11:40:04.6007564Z 
2026-10-03T11:40:04.6007570Z 
2026-10-03T11:40:04.6007745Z SC-NETIF-OK
2026-10-03T11:40:04.6007894Z 
2026-10-03T11:40:04.6007898Z 
2026-10-03T11:40:04.6008121Z SC-NETSET-OK
2026-10-03T11:40:04.6008338Z 
2026-10-03T11:40:04.6008383Z 
2026-10-03T11:40:04.6008508Z SC-NETSVC-OK
2026-10-03T11:40:04.6008716Z 
2026-10-03T11:40:04.6008721Z 
2026-10-03T11:40:04.6008845Z SC-NOTIFY-OK
2026-10-03T11:40:04.6009084Z 
2026-10-03T11:40:04.6009087Z 
2026-10-03T11:40:04.6009217Z SC-PATH-OK
2026-10-03T11:40:04.6009418Z 
2026-10-03T11:40:04.6009422Z 
2026-10-03T11:40:04.6009601Z SC-PLINK-OK
2026-10-03T11:40:04.6009739Z 
2026-10-03T11:40:04.6009743Z 
2026-10-03T11:40:04.6009946Z SC-PNOTIFY-OK
2026-10-03T11:40:04.6010141Z 
2026-10-03T11:40:04.6010146Z 
2026-10-03T11:40:04.6010296Z SC-PREFS-OK
2026-10-03T11:40:04.6010480Z 
2026-10-03T11:40:04.6010523Z 
2026-10-03T11:40:04.6010622Z SC-RUNLOOP-OK
2026-10-03T11:40:04.6010858Z 
2026-10-03T11:40:04.6010872Z 
2026-10-03T11:40:04.6010991Z SC-STORE-OK
2026-10-03T11:40:04.6011210Z 
2026-10-03T11:40:04.6011215Z 
2026-10-03T11:40:04.6011367Z SC-VLAN-OK
2026-10-03T11:40:04.6011512Z 
2026-10-03T11:40:04.6011515Z 
2026-10-03T11:40:04.6011708Z SERVICE-LDCONFIG-OK
2026-10-03T11:40:04.6011848Z 
2026-10-03T11:40:04.6011851Z 
2026-10-03T11:40:04.6011983Z SHELLCMD-LEAF-OK
2026-10-03T11:40:04.6012119Z 
2026-10-03T11:40:04.6012122Z 
2026-10-03T11:40:04.6012241Z SUDO-OK
2026-10-03T11:40:04.6012418Z 
2026-10-03T11:40:04.6012421Z 
2026-10-03T11:40:04.6012547Z SYSCMD-LEAF-OK
2026-10-03T11:40:04.6012768Z 
2026-10-03T11:40:04.6012772Z 
2026-10-03T11:40:04.6012910Z SYSLOG-RUN-OK
2026-10-03T11:40:04.6013113Z 
2026-10-03T11:40:04.6013118Z 
2026-10-03T11:40:04.6013366Z SYSLOGD-PROC-OK
2026-10-03T11:40:04.6013559Z 
2026-10-03T11:40:04.6013563Z 
2026-10-03T11:40:04.6013893Z TASK-SPECIAL-PORT-OK
2026-10-03T11:40:04.6014165Z 
2026-10-03T11:40:04.6014168Z 
2026-10-03T11:40:04.6014287Z TEXTCMD-LEAF-OK
2026-10-03T11:40:04.6014452Z 
2026-10-03T11:40:04.6014455Z 
2026-10-03T11:40:04.6014596Z WAITQUIET-OK
2026-10-03T11:40:04.6014752Z 
2026-10-03T11:40:04.6014755Z 
2026-10-03T11:40:04.6014856Z WEDGE-CHECK-SKIP
2026-10-03T11:40:04.6015011Z 
2026-10-03T11:40:04.6015014Z 
2026-10-03T11:40:04.6015142Z ADVCMD-LEAF-OK
2026-10-03T11:40:04.6015883Z 
2026-10-03T11:40:04.6015886Z 
2026-10-03T11:40:04.6016048Z NEXTBSD-TEST-SUMMARY ok=80 fail=0 skip=6
2026-10-03T11:40:04.6016249Z 
2026-10-03T11:40:04.6016253Z 
2026-10-03T11:40:04.6016374Z admin@selftest ~ % 
2026-10-03T11:40:04.6017012Z OK: /usr/tests/freebsd-launchd-mach/run.sh: NEXTBSD-TEST-SUMMARY ok=80 fail=0 skip=6
2026-10-03T11:40:04.6017664Z 
2026-10-03T11:40:04.6019889Z DBG: transcript 2429 bytes; tail: <NL><NL>SC-RUNLOOP-OK<NL><NL><NL>SC-STORE-OK<NL><NL><NL>SC-VLAN-OK<NL><NL><NL>SERVICE-LDCONFIG-OK<NL><NL><NL>SHELLCMD-LEAF-OK<NL><NL><NL>SUDO-OK<NL><NL><NL>SYSCMD-LEAF-OK<NL><NL><NL>SYSLOG-RUN-OK<NL><NL><NL>SYSLOGD-PROC-OK<NL><NL><NL>TASK-SPECIAL-PORT-OK<NL><NL><NL>TEXTCMD-LEAF-OK<NL><NL><NL>WAITQUIET-OK<NL><NL><NL>WEDGE-CHECK-SKIP<NL><NL><NL>ADVCMD-LEAF-OK<NL><NL><NL>NEXTBSD-TEST-SUMMARY ok=80 fail=0 skip=6<NL><NL><NL>admin@selftest ~ % 
2026-10-03T11:40:04.6023029Z 
2026-10-03T11:40:04.6023287Z DBG: markers recorded: 0
2026-10-03T11:40:04.6023557Z 
2026-10-03T11:40:04.6024118Z DBG-MARK: <ACCT-HELPERS> at OK/SKIP/FAIL = 905/-1/-1
2026-10-03T11:40:04.6024467Z 
2026-10-03T11:40:04.6024713Z DBG-MARK: <ACCT-LIFECYCLE> at OK/SKIP/FAIL = 923/-1/-1
2026-10-03T11:40:04.6025141Z 
2026-10-03T11:40:04.6025352Z DBG-MARK: <ADVCMD-LEAF> at OK/SKIP/FAIL = 2350/-1/-1
2026-10-03T11:40:04.6025736Z 
2026-10-03T11:40:04.6025993Z DBG-MARK: <ASLMANAGER-DEMAND> at OK/SKIP/FAIL = -1/943/-1
2026-10-03T11:40:04.6026442Z 
2026-10-03T11:40:04.6026727Z DBG-MARK: <BOOT-BANNER> at OK/SKIP/FAIL = -1/968/-1
2026-10-03T11:40:04.6027055Z 
2026-10-03T11:40:04.6027297Z DBG-MARK: <BOOTSTRAP> at OK/SKIP/FAIL = 987/-1/-1
2026-10-03T11:40:04.6027629Z 
2026-10-03T11:40:04.6028045Z DBG-MARK: <BOOTSTRAP-REMOTE> at OK/SKIP/FAIL = 1002/-1/-1
2026-10-03T11:40:04.6028430Z 
2026-10-03T11:40:04.6028688Z DBG-MARK: <BUSYSTATE> at OK/SKIP/FAIL = 1024/-1/-1
2026-10-03T11:40:04.6029064Z 
2026-10-03T11:40:04.6030178Z FAIL: ADVCMD-LEAF — must-pass marker never emitted (suite did not reach it, or the image predates the capability; overlay to warn if that is expected)
2026-10-03T11:40:04.6031029Z 
2026-10-03T11:40:04.6031817Z FAIL: BOOTSTRAP — must-pass marker never emitted (suite did not reach it, or the image predates the capability; overlay to warn if that is expected)
2026-10-03T11:40:04.6032622Z 
2026-10-03T11:40:04.6033415Z FAIL: BOOTSTRAP-REMOTE — must-pass marker never emitted (suite did not reach it, or the image predates the capability; overlay to warn if that is expected)
2026-10-03T11:40:04.6034405Z 
2026-10-03T11:40:04.6035203Z FAIL: BUSYSTATE — must-pass marker never emitted (suite did not reach it, or the image predates the capability; overlay to warn if that is expected)
2026-10-03T11:40:04.6036055Z 
2026-10-03T11:40:04.6036873Z FAIL: CONFIGD-LIST — must-pass marker never emitted (suite did not reach it, or the image predates the capability; overlay to warn if that is expected)
2026-10-03T11:40:04.6037745Z 
2026-10-03T11:40:04.6038539Z FAIL: CONFIGD-MULTI — must-pass marker never emitted (suite did not reach it, or the image predates the capability; overlay to warn if that is expected)
2026-10-03T11:40:04.6039343Z 
2026-10-03T11:40:04.6040269Z FAIL: CONFIGD-NOTIFY — must-pass marker never emitted (suite did not reach it, or the image predates the capability; overlay to warn if that is expected)
2026-10-03T11:40:04.6041096Z 
2026-10-03T11:40:04.6041959Z FAIL: CONFIGD-PATTERN — must-pass marker never emitted (suite did not reach it, or the image predates the capability; overlay to warn if that is expected)
2026-10-03T11:40:04.6042724Z 
2026-10-03T11:40:04.6043425Z FAIL: CONFIGD-STORE — must-pass marker never emitted (suite did not reach it, or the image predates the capability; overlay to warn if that is expected)
2026-10-03T11:40:04.6044386Z 
2026-10-03T11:40:04.6045246Z FAIL: COREFOUNDATION — must-pass marker never emitted (suite did not reach it, or the image predates the capability; overlay to warn if that is expected)
2026-10-03T11:40:04.6046138Z 
2026-10-03T11:40:04.6046948Z FAIL: DA-BOOT — must-pass marker never emitted (suite did not reach it, or the image predates the capability; overlay to warn if that is expected)
2026-10-03T11:40:04.6047721Z 
2026-10-03T11:40:04.6048528Z FAIL: DOMAIN-DIRS — must-pass marker never emitted (suite did not reach it, or the image predates the capability; overlay to warn if that is expected)
2026-10-03T11:40:04.6049206Z 
2026-10-03T11:40:04.6050076Z FAIL: FBSDGLUE — must-pass marker never emitted (suite did not reach it, or the image predates the capability; overlay to warn if that is expected)
2026-10-03T11:40:04.6050760Z 
2026-10-03T11:40:04.6051385Z FAIL: FILECMD-LEAF — must-pass marker never emitted (suite did not reach it, or the image predates the capability; overlay to warn if that is expected)
2026-10-03T11:40:04.6052213Z 
2026-10-03T11:40:04.6053025Z FAIL: HOST-BOOTSTRAP — must-pass marker never emitted (suite did not reach it, or the image predates the capability; overlay to warn if that is expected)
2026-10-03T11:40:04.6054069Z 
2026-10-03T11:40:04.6054872Z FAIL: HOSTNAMED — must-pass marker never emitted (suite did not reach it, or the image predates the capability; overlay to warn if that is expected)
2026-10-03T11:40:04.6055441Z 
2026-10-03T11:40:04.6055951Z FAIL: HOSTNAMED-DHCP — must-pass marker never emitted (suite did not reach it, or the image predates the capability; overlay to warn if that is expected)
2026-10-03T11:40:04.6056452Z 
2026-10-03T11:40:04.6056946Z FAIL: HOSTNAMED-PREFS — must-pass marker never emitted (suite did not reach it, or the image predates the capability; overlay to warn if that is expected)
2026-10-03T11:40:04.6057438Z 
2026-10-03T11:40:04.6058067Z FAIL: IPCFG-ARP — must-pass marker never emitted (suite did not reach it, or the image predates the capability; overlay to warn if that is expected)
2026-10-03T11:40:04.6058549Z 
2026-10-03T11:40:04.6059050Z FAIL: IPCFG-BOOT — must-pass marker never emitted (suite did not reach it, or the image predates the capability; overlay to warn if that is expected)
2026-10-03T11:40:04.6059522Z 
2026-10-03T11:40:04.6059996Z FAIL: IPCFG-BOUND — must-pass marker never emitted (suite did not reach it, or the image predates the capability; overlay to warn if that is expected)
2026-10-03T11:40:04.6060512Z 
2026-10-03T11:40:04.6061028Z FAIL: IPCFG-DHCP — must-pass marker never emitted (suite did not reach it, or the image predates the capability; overlay to warn if that is expected)
2026-10-03T11:40:04.6061519Z 
2026-10-03T11:40:04.6062006Z FAIL: IPCFG-IPCONFIG — must-pass marker never emitted (suite did not reach it, or the image predates the capability; overlay to warn if that is expected)
2026-10-03T11:40:04.6062484Z 
2026-10-03T11:40:04.6062991Z FAIL: IPCFG-RA — must-pass marker never emitted (suite did not reach it, or the image predates the capability; overlay to warn if that is expected)
2026-10-03T11:40:04.6063484Z 
2026-10-03T11:40:04.6064402Z FAIL: IPCFG-RENEW — must-pass marker never emitted (suite did not reach it, or the image predates the capability; overlay to warn if that is expected)
2026-10-03T11:40:04.6065062Z 
2026-10-03T11:40:04.6065829Z FAIL: IPCFG-RPC — must-pass marker never emitted (suite did not reach it, or the image predates the capability; overlay to warn if that is expected)
2026-10-03T11:40:04.6066530Z 
2026-10-03T11:40:04.6067286Z FAIL: IPCFG-STORE — must-pass marker never emitted (suite did not reach it, or the image predates the capability; overlay to warn if that is expected)
2026-10-03T11:40:04.6067930Z 
2026-10-03T11:40:04.6068468Z FAIL: KEM-LINK — must-pass marker never emitted (suite did not reach it, or the image predates the capability; overlay to warn if that is expected)
2026-10-03T11:40:04.6068939Z 
2026-10-03T11:40:04.6069554Z FAIL: LAUNCHCTL-BUILD — must-pass marker never emitted (suite did not reach it, or the image predates the capability; overlay to warn if that is expected)
2026-10-03T11:40:04.6070019Z 
2026-10-03T11:40:04.6070531Z FAIL: LAUNCHCTL-LIST — must-pass marker never emitted (suite did not reach it, or the image predates the capability; overlay to warn if that is expected)
2026-10-03T11:40:04.6070996Z 
2026-10-03T11:40:04.6071493Z FAIL: LAUNCHD-BUILD — must-pass marker never emitted (suite did not reach it, or the image predates the capability; overlay to warn if that is expected)
2026-10-03T11:40:04.6072003Z 
2026-10-03T11:40:04.6072472Z FAIL: LIBDISPATCH — must-pass marker never emitted (suite did not reach it, or the image predates the capability; overlay to warn if that is expected)
2026-10-03T11:40:04.6073055Z 
2026-10-03T11:40:04.6073780Z FAIL: LIBDISPATCH-MACH — must-pass marker never emitted (suite did not reach it, or the image predates the capability; overlay to warn if that is expected)
2026-10-03T11:40:04.6074550Z 
2026-10-03T11:40:04.6075374Z FAIL: LIBSYSTEM-KERNEL — must-pass marker never emitted (suite did not reach it, or the image predates the capability; overlay to warn if that is expected)
2026-10-03T11:40:04.6076134Z 
2026-10-03T11:40:04.6076841Z FAIL: LIBXPC — must-pass marker never emitted (suite did not reach it, or the image predates the capability; overlay to warn if that is expected)
2026-10-03T11:40:04.6077565Z 
2026-10-03T11:40:04.6078270Z FAIL: LINUX-MOUNTS — must-pass marker never emitted (suite did not reach it, or the image predates the capability; overlay to warn if that is expected)
2026-10-03T11:40:04.6079090Z 
2026-10-03T11:40:04.6079854Z FAIL: MACH-PORT — must-pass marker never emitted (suite did not reach it, or the image predates the capability; overlay to warn if that is expected)
2026-10-03T11:40:04.6080675Z 
2026-10-03T11:40:04.6081457Z FAIL: MACH-SMOKE — must-pass marker never emitted (suite did not reach it, or the image predates the capability; overlay to warn if that is expected)
2026-10-03T11:40:04.6082129Z 
2026-10-03T11:40:04.6083015Z FAIL: MDNS-BOOT — must-pass marker never emitted (suite did not reach it, or the image predates the capability; overlay to warn if that is expected)
2026-10-03T11:40:04.6083875Z 
2026-10-03T11:40:04.6084491Z FAIL: MDNS-DNSSD — must-pass marker never emitted (suite did not reach it, or the image predates the capability; overlay to warn if that is expected)
2026-10-03T11:40:04.6085213Z 
2026-10-03T11:40:04.6085906Z FAIL: MDNS-ENGINE — must-pass marker never emitted (suite did not reach it, or the image predates the capability; overlay to warn if that is expected)
2026-10-03T11:40:04.6086742Z 
2026-10-03T11:40:04.6087545Z FAIL: MDNS-IFWATCH — must-pass marker never emitted (suite did not reach it, or the image predates the capability; overlay to warn if that is expected)
2026-10-03T11:40:04.6088351Z 
2026-10-03T11:40:04.6089131Z FAIL: MIG-BUILD — must-pass marker never emitted (suite did not reach it, or the image predates the capability; overlay to warn if that is expected)
2026-10-03T11:40:04.6089890Z 
2026-10-03T11:40:04.6091219Z FAIL: NOTIFYD-PROC — must-pass marker never emitted (suite did not reach it, or the image predates the capability; overlay to warn if that is expected)
2026-10-03T11:40:04.6092023Z 
2026-10-03T11:40:04.6092759Z FAIL: SC-BOND — must-pass marker never emitted (suite did not reach it, or the image predates the capability; overlay to warn if that is expected)
2026-10-03T11:40:04.6093485Z 
2026-10-03T11:40:04.6094595Z FAIL: SC-BRIDGE — must-pass marker never emitted (suite did not reach it, or the image predates the capability; overlay to warn if that is expected)
2026-10-03T11:40:04.6095359Z 
2026-10-03T11:40:04.6096156Z FAIL: SC-LOCK — must-pass marker never emitted (suite did not reach it, or the image predates the capability; overlay to warn if that is expected)
2026-10-03T11:40:04.6096867Z 
2026-10-03T11:40:04.6097646Z FAIL: SC-MULTI — must-pass marker never emitted (suite did not reach it, or the image predates the capability; overlay to warn if that is expected)
2026-10-03T11:40:04.6098551Z 
2026-10-03T11:40:04.6099322Z FAIL: SC-NETIF — must-pass marker never emitted (suite did not reach it, or the image predates the capability; overlay to warn if that is expected)
2026-10-03T11:40:04.6100071Z 
2026-10-03T11:40:04.6100831Z FAIL: SC-NETSET — must-pass marker never emitted (suite did not reach it, or the image predates the capability; overlay to warn if that is expected)
2026-10-03T11:40:04.6101627Z 
2026-10-03T11:40:04.6102413Z FAIL: SC-NETSVC — must-pass marker never emitted (suite did not reach it, or the image predates the capability; overlay to warn if that is expected)
2026-10-03T11:40:04.6103136Z 
2026-10-03T11:40:04.6104058Z FAIL: SC-NOTIFY — must-pass marker never emitted (suite did not reach it, or the image predates the capability; overlay to warn if that is expected)
2026-10-03T11:40:04.6105085Z 
2026-10-03T11:40:04.6105840Z FAIL: SC-PATH — must-pass marker never emitted (suite did not reach it, or the image predates the capability; overlay to warn if that is expected)
2026-10-03T11:40:04.6106590Z 
2026-10-03T11:40:04.6107327Z FAIL: SC-PLINK — must-pass marker never emitted (suite did not reach it, or the image predates the capability; overlay to warn if that is expected)
2026-10-03T11:40:04.6108040Z 
2026-10-03T11:40:04.6108829Z FAIL: SC-PNOTIFY — must-pass marker never emitted (suite did not reach it, or the image predates the capability; overlay to warn if that is expected)
2026-10-03T11:40:04.6109563Z 
2026-10-03T11:40:04.6110371Z FAIL: SC-PREFS — must-pass marker never emitted (suite did not reach it, or the image predates the capability; overlay to warn if that is expected)
2026-10-03T11:40:04.6111038Z 
2026-10-03T11:40:04.6111676Z FAIL: SC-RUNLOOP — must-pass marker never emitted (suite did not reach it, or the image predates the capability; overlay to warn if that is expected)
2026-10-03T11:40:04.6112374Z 
2026-10-03T11:40:04.6113019Z FAIL: SC-STORE — must-pass marker never emitted (suite did not reach it, or the image predates the capability; overlay to warn if that is expected)
2026-10-03T11:40:04.6114027Z 
2026-10-03T11:40:04.6114862Z FAIL: SC-VLAN — must-pass marker never emitted (suite did not reach it, or the image predates the capability; overlay to warn if that is expected)
2026-10-03T11:40:04.6115732Z 
2026-10-03T11:40:04.6116691Z FAIL: SERVICE-LDCONFIG — must-pass marker never emitted (suite did not reach it, or the image predates the capability; overlay to warn if that is expected)
2026-10-03T11:40:04.6117510Z 
2026-10-03T11:40:04.6118374Z FAIL: SHELLCMD-LEAF — must-pass marker never emitted (suite did not reach it, or the image predates the capability; overlay to warn if that is expected)
2026-10-03T11:40:04.6119192Z 
2026-10-03T11:40:04.6119918Z FAIL: SYSCMD-LEAF — must-pass marker never emitted (suite did not reach it, or the image predates the capability; overlay to warn if that is expected)
2026-10-03T11:40:04.6121335Z 
2026-10-03T11:40:04.6122102Z FAIL: SYSLOG-RUN — must-pass marker never emitted (suite did not reach it, or the image predates the capability; overlay to warn if that is expected)
2026-10-03T11:40:04.6122856Z 
2026-10-03T11:40:04.6123623Z FAIL: SYSLOGD-PROC — must-pass marker never emitted (suite did not reach it, or the image predates the capability; overlay to warn if that is expected)
2026-10-03T11:40:04.6124441Z 
2026-10-03T11:40:04.6125301Z FAIL: TASK-SPECIAL-PORT — must-pass marker never emitted (suite did not reach it, or the image predates the capability; overlay to warn if that is expected)
2026-10-03T11:40:04.6126574Z 
2026-10-03T11:40:04.6127114Z FAIL: TEXTCMD-LEAF — must-pass marker never emitted (suite did not reach it, or the image predates the capability; overlay to warn if that is expected)
2026-10-03T11:40:04.6127630Z 
2026-10-03T11:40:04.6128096Z FAIL: WAITQUIET — must-pass marker never emitted (suite did not reach it, or the image predates the capability; overlay to warn if that is expected)
2026-10-03T11:40:04.6128577Z 
2026-10-03T11:40:04.6128762Z FAIL: 67 must-pass marker(s) missing from the suite output
2026-10-03T11:40:04.6129351Z NEXTBSD-TEST-SUMMARY ok=80 fail=0 skip=6
2026-10-03T11:40:04.6129800Z ==> boot-test FAILED rc=1 (arch=amd64 suite=/usr/tests/freebsd-launchd-mach/run.sh)
2026-10-03T11:40:04.6130282Z     serial transcript: tests/boot.log
2026-10-03T11:40:04.6130706Z SELFTEST FAIL: case ok — expected rc 0, got 1
2026-10-03T11:40:04.6131191Z ==> case: fail (suite: /usr/tests/freebsd-launchd-mach/run.sh) — expect rc 1
2026-10-03T11:40:04.6131621Z ==> boot test: tests/fake.img
2026-10-03T11:40:04.6132025Z -rw-r--r-- 1 runner runner 0 Oct  3 11:39 tests/fake.img
2026-10-03T11:40:04.6170841Z ==> using KVM acceleration
2026-10-03T11:40:04.6171351Z ==> amd64: qemu-system-x86_64 -machine q35 | firmware 
2026-10-03T11:40:04.6283098Z === DBG: arm structure of tests/boot.exp
2026-10-03T11:40:04.6297026Z 122:    expect {
2026-10-03T11:40:04.6297715Z 123:        timeout { puts "\nFAIL: didn't see the loader autoboot prompt within ${secs}s"; exit 1 }
2026-10-03T11:40:04.6298568Z 124:        -re $re_hit_enter  { send " " }
2026-10-03T11:40:04.6299331Z 126:        -re $re_efi_banner { send " " }
2026-10-03T11:40:04.6299885Z 130:    expect {
2026-10-03T11:40:04.6300550Z 131:        timeout { puts "\nFAIL: didn't reach the loader OK prompt within 30s"; exit 1 }
2026-10-03T11:40:04.6301021Z 149:    expect {
2026-10-03T11:40:04.6301533Z 150:        timeout { puts "\nFAIL: no OK prompt after '$cmd' within 20s"; exit 1 }
2026-10-03T11:40:04.6302178Z 167:        expect {
2026-10-03T11:40:04.6302656Z 172:            -re $re_boot_go {
2026-10-03T11:40:04.6303100Z 180:            timeout {
2026-10-03T11:40:04.6303490Z 261:expect {
2026-10-03T11:40:04.6304037Z 262:    timeout {
2026-10-03T11:40:04.6304490Z 266:    -re $re_panic {
2026-10-03T11:40:04.6304889Z 270:    -re $re_early_init {
2026-10-03T11:40:04.6305322Z 274:    -re $re_boot_banner {
2026-10-03T11:40:04.6305703Z 296:expect {
2026-10-03T11:40:04.6306026Z 297:    timeout {
2026-10-03T11:40:04.6306453Z 301:        expect {
2026-10-03T11:40:04.6306841Z 303:            timeout {
2026-10-03T11:40:04.6307476Z 307:            -re $re_panic {
2026-10-03T11:40:04.6307938Z 317:    -re $re_panic {
2026-10-03T11:40:04.6308344Z 322:    -re $re_session_msg {
2026-10-03T11:40:04.6308769Z 330:    expect {
2026-10-03T11:40:04.6309114Z 331:        timeout {
2026-10-03T11:40:04.6309485Z 338:            expect {
2026-10-03T11:40:04.6309847Z 339:                timeout {
2026-10-03T11:40:04.6310253Z 348:                -re $re_shell_prompt { puts "\nOK: at root shell prompt" }
2026-10-03T11:40:04.6310727Z 352:        -re $re_shell_prompt { puts "\nOK: logged in as admin" }
2026-10-03T11:40:04.6311088Z 361:    expect {
2026-10-03T11:40:04.6311379Z 362:        timeout {
2026-10-03T11:40:04.6311659Z 662:expect {
2026-10-03T11:40:04.6311934Z 663:    timeout {
2026-10-03T11:40:04.6312213Z 675:    -re $re_marker {
2026-10-03T11:40:04.6312494Z 710:    -re $re_summary {
2026-10-03T11:40:04.6312798Z 728:    -re {panic|Fatal trap|Fatal data abort} {
2026-10-03T11:40:04.6313158Z 732:    eof {
2026-10-03T11:40:04.6313435Z 809:expect {
2026-10-03T11:40:04.6313869Z 810:    timeout {
2026-10-03T11:40:04.6314267Z 814:    -re {panic|Fatal trap|Fatal data abort} {
2026-10-03T11:40:04.6314657Z 819:    -re {[#%$] $} { puts "\nOK: shell alive after the suite" }
2026-10-03T11:40:04.6315046Z 851:expect {
2026-10-03T11:40:04.6315331Z 854:    -re {[#%$] $}     { }
2026-10-03T11:40:04.6315614Z 860:expect {
2026-10-03T11:40:04.6315901Z 861:    -re $re_shutdown_wait {
2026-10-03T11:40:04.6316212Z 865:    timeout {
2026-10-03T11:40:04.6316538Z 874:        expect { timeout {} eof {} "Uptime:" {} }
2026-10-03T11:40:04.6316935Z 879:    -re $re_reboot {
2026-10-03T11:40:04.6317217Z 885:    -re $re_poweroff {
2026-10-03T11:40:04.6317551Z 887:        expect {
2026-10-03T11:40:04.6317991Z 888:            timeout { puts "\nWARN: qemu did not exit after poweroff (informational)" }
2026-10-03T11:40:04.6318440Z 892:    eof {
2026-10-03T11:40:04.6318719Z === DBG: patterns set
2026-10-03T11:40:04.6319074Z 45:set re_summary {NEXTBSD-TEST-SUMMARY ok=([0-9]+) fail=([0-9]+) skip=([0-9]+)}
2026-10-03T11:40:04.6319540Z 53:set re_marker {[A-Z0-9][A-Z0-9-]*-(OK|SKIP|FAIL)(\r\n|\n)}
2026-10-03T11:40:04.6333286Z spawn tclsh /home/runner/work/nextbsd-ci/nextbsd-ci/selftest/mock-guest.tcl
2026-10-03T11:40:04.6374080Z FreeBSD/amd64 EFI loader, Revision 3.0
2026-10-03T11:40:04.6374461Z 
2026-10-03T11:40:04.6374517Z 
2026-10-03T11:40:04.6374725Z Loading /boot/loader.conf
2026-10-03T11:40:04.6374996Z 
2026-10-03T11:40:04.6374999Z 
2026-10-03T11:40:04.6375503Z Hit [Enter] to boot immediately, or any other key for command prompt.
2026-10-03T11:40:04.6375923Z 
2026-10-03T11:40:04.6375941Z 
2026-10-03T11:40:04.6376309Z OK 
2026-10-03T11:40:04.6376920Z ==> at loader prompt
2026-10-03T11:40:05.8204150Z  set console=comconsole
2026-10-03T11:40:05.8204912Z OK set console=comconsole
2026-10-03T11:40:05.8205087Z 
2026-10-03T11:40:05.8205093Z 
2026-10-03T11:40:06.8831899Z OK set boot_serial=YES
2026-10-03T11:40:06.8832568Z OK set boot_serial=YES
2026-10-03T11:40:06.8832807Z 
2026-10-03T11:40:06.8832813Z 
2026-10-03T11:40:08.2670175Z OK set comconsole_speed=115200
2026-10-03T11:40:08.2670893Z OK set comconsole_speed=115200
2026-10-03T11:40:08.2671122Z 
2026-10-03T11:40:08.2671127Z 
2026-10-03T11:40:09.4506235Z OK set boot_multicons=YES
2026-10-03T11:40:09.4506772Z OK set boot_multicons=YES
2026-10-03T11:40:09.4506968Z 
2026-10-03T11:40:09.4506972Z 
2026-10-03T11:40:10.5535069Z OK set boot_mutemsgs=NO
2026-10-03T11:40:10.5535786Z OK set boot_mutemsgs=NO
2026-10-03T11:40:10.5536010Z 
2026-10-03T11:40:10.5536016Z 
2026-10-03T11:40:11.1352163Z OK boot -v
2026-10-03T11:40:11.1352733Z Booting [/boot/kernel/kernel]
2026-10-03T11:40:11.1353200Z 
2026-10-03T11:40:11.1353427Z 
2026-10-03T11:40:11.1354121Z ---<<BOOT>>---
2026-10-03T11:40:11.1354353Z 
2026-10-03T11:40:11.1354361Z 
2026-10-03T11:40:11.1354579Z Copyright (c) 1992-2025 The FreeBSD Project.
2026-10-03T11:40:11.1354802Z 
2026-10-03T11:40:11.1354806Z 
2026-10-03T11:40:11.1354994Z early-init: sethostname('selftest')
2026-10-03T11:40:11.1355208Z 
2026-10-03T11:40:11.1355468Z 
2026-10-03T11:40:11.1355698Z early-init: opened /dev/klog (kernel.log_open=1; console quiet)
2026-10-03T11:40:11.1355996Z 
2026-10-03T11:40:11.1356000Z 
2026-10-03T11:40:11.1356121Z NextBSD/amd64 (selftest) (console)
2026-10-03T11:40:11.1356317Z 
2026-10-03T11:40:11.1356321Z 
2026-10-03T11:40:11.1356632Z 
2026-10-03T11:40:11.1357255Z OK: BOOT-BANNER-OK — getty shows the synthesized hostname 'selftest'
2026-10-03T11:40:11.4357834Z login:
2026-10-03T11:40:11.4358444Z 
2026-10-03T11:40:11.4358453Z 
2026-10-03T11:40:11.4358459Z 
2026-10-03T11:40:11.4358701Z OK: boot reached the login prompt
2026-10-03T11:40:11.4359172Z admin
2026-10-03T11:40:11.4359567Z Password:
2026-10-03T11:40:11.4359765Z 
2026-10-03T11:40:11.4359770Z 
2026-10-03T11:40:11.4359775Z 
2026-10-03T11:40:11.4359963Z admin@selftest ~ % 
2026-10-03T11:40:11.4360467Z OK: logged in as admin
2026-10-03T11:40:11.4363280Z ==> running on-image suite: /usr/tests/freebsd-launchd-mach/run.sh
2026-10-03T11:40:11.4367789Z r() { if [ "$(id -u)" = 0 ]; then "$@"; else sudo "$@"; fi; }
2026-10-03T11:40:11.4368508Z admin@selftest ~ % r /usr/tests/freebsd-launchd-mach/run.sh
2026-10-03T11:40:11.4369068Z ACCT-HELPERS-OK
2026-10-03T11:40:11.4369321Z 
2026-10-03T11:40:11.4369326Z 
2026-10-03T11:40:11.4369524Z ACCT-LIFECYCLE-OK
2026-10-03T11:40:11.4369708Z 
2026-10-03T11:40:11.4369713Z 
2026-10-03T11:40:11.4369911Z ASLMANAGER-DEMAND-SKIP
2026-10-03T11:40:11.4370115Z 
2026-10-03T11:40:11.4370119Z 
2026-10-03T11:40:11.4370301Z BOOT-BANNER-SKIP
2026-10-03T11:40:11.4370495Z 
2026-10-03T11:40:11.4370539Z 
2026-10-03T11:40:11.4370658Z BOOTSTRAP-OK
2026-10-03T11:40:11.4370845Z 
2026-10-03T11:40:11.4370861Z 
2026-10-03T11:40:11.4370991Z BOOTSTRAP-REMOTE-OK
2026-10-03T11:40:11.4371236Z 
2026-10-03T11:40:11.4371241Z 
2026-10-03T11:40:11.4371388Z BUSYSTATE-OK
2026-10-03T11:40:11.4371615Z 
2026-10-03T11:40:11.4371619Z 
2026-10-03T11:40:11.4371853Z CONFIGD-LIST-OK
2026-10-03T11:40:11.4372031Z 
2026-10-03T11:40:11.4372036Z 
2026-10-03T11:40:11.4372235Z CONFIGD-MULTI-OK
2026-10-03T11:40:11.4372479Z 
2026-10-03T11:40:11.4372485Z 
2026-10-03T11:40:11.4372666Z CONFIGD-NOTIFY-OK
2026-10-03T11:40:11.4372904Z 
2026-10-03T11:40:11.4372909Z 
2026-10-03T11:40:11.4373057Z CONFIGD-PATTERN-OK
2026-10-03T11:40:11.4373306Z 
2026-10-03T11:40:11.4373312Z 
2026-10-03T11:40:11.4373463Z CONFIGD-STORE-OK
2026-10-03T11:40:11.4373814Z 
2026-10-03T11:40:11.4373820Z 
2026-10-03T11:40:11.4373995Z COREFOUNDATION-OK
2026-10-03T11:40:11.4374235Z 
2026-10-03T11:40:11.4374239Z 
2026-10-03T11:40:11.4374415Z DA-BOOT-OK
2026-10-03T11:40:11.4374601Z 
2026-10-03T11:40:11.4374606Z 
2026-10-03T11:40:11.4374829Z DA-IOKIT-OK
2026-10-03T11:40:11.4375363Z 
2026-10-03T11:40:11.4375366Z 
2026-10-03T11:40:11.4375516Z DAEMON-STATE-OK
2026-10-03T11:40:11.4375760Z 
2026-10-03T11:40:11.4375765Z 
2026-10-03T11:40:11.4375897Z DOMAIN-DIRS-OK
2026-10-03T11:40:11.4376113Z 
2026-10-03T11:40:11.4376117Z 
2026-10-03T11:40:11.4376258Z EVFILT-MACHPORT-SKIP
2026-10-03T11:40:11.4376484Z 
2026-10-03T11:40:11.4376489Z 
2026-10-03T11:40:11.4376710Z EVFILT-MACHPORT-CONCURRENT-OK
2026-10-03T11:40:11.4376947Z 
2026-10-03T11:40:11.4376952Z 
2026-10-03T11:40:11.4377236Z FBSDGLUE-OK
2026-10-03T11:40:11.4377363Z 
2026-10-03T11:40:11.4377366Z 
2026-10-03T11:40:11.4377505Z FILECMD-LEAF-OK
2026-10-03T11:40:11.4377623Z 
2026-10-03T11:40:11.4377680Z 
2026-10-03T11:40:11.4377789Z GETTY-OK
2026-10-03T11:40:11.4377965Z 
2026-10-03T11:40:11.4377968Z 
2026-10-03T11:40:11.4378066Z HOMEDIR-OK
2026-10-03T11:40:11.4378218Z 
2026-10-03T11:40:11.4378221Z 
2026-10-03T11:40:11.4378311Z HOST-BOOTSTRAP-OK
2026-10-03T11:40:11.4378508Z 
2026-10-03T11:40:11.4378511Z 
2026-10-03T11:40:11.4378638Z HOSTNAMED-OK
2026-10-03T11:40:11.4378768Z 
2026-10-03T11:40:11.4378770Z 
2026-10-03T11:40:11.4379081Z HOSTNAMED-BONJOUR-RENAME-SKIP
2026-10-03T11:40:11.4379250Z 
2026-10-03T11:40:11.4379253Z 
2026-10-03T11:40:11.4379440Z HOSTNAMED-DHCP-OK
2026-10-03T11:40:11.4379604Z 
2026-10-03T11:40:11.4379607Z 
2026-10-03T11:40:11.4379713Z HOSTNAMED-MDNS-SKIP
2026-10-03T11:40:11.4379884Z 
2026-10-03T11:40:11.4379985Z 
2026-10-03T11:40:11.4380524Z HOSTNAMED-PREFS-OK
2026-10-03T11:40:11.4380753Z 
2026-10-03T11:40:11.4380757Z 
2026-10-03T11:40:11.4380895Z IPCFG-ARP-OK
2026-10-03T11:40:11.4381031Z 
2026-10-03T11:40:11.4381034Z 
2026-10-03T11:40:11.4381167Z IPCFG-BOOT-OK
2026-10-03T11:40:11.4381284Z 
2026-10-03T11:40:11.4381287Z 
2026-10-03T11:40:11.4381480Z IPCFG-BOUND-OK
2026-10-03T11:40:11.4381613Z 
2026-10-03T11:40:11.4381616Z 
2026-10-03T11:40:11.4381748Z IPCFG-DHCP-OK
2026-10-03T11:40:11.4381912Z 
2026-10-03T11:40:11.4381915Z 
2026-10-03T11:40:11.4382004Z IPCFG-IPCONFIG-OK
2026-10-03T11:40:11.4382200Z 
2026-10-03T11:40:11.4382203Z 
2026-10-03T11:40:11.4382312Z IPCFG-RA-OK
2026-10-03T11:40:11.4382470Z 
2026-10-03T11:40:11.4382473Z 
2026-10-03T11:40:11.4382606Z IPCFG-RENEW-OK
2026-10-03T11:40:11.4382720Z 
2026-10-03T11:40:11.4382723Z 
2026-10-03T11:40:11.4382909Z IPCFG-RPC-OK
2026-10-03T11:40:11.4383036Z 
2026-10-03T11:40:11.4383039Z 
2026-10-03T11:40:11.4383174Z IPCFG-STORE-OK
2026-10-03T11:40:11.4383306Z 
2026-10-03T11:40:11.4383341Z 
2026-10-03T11:40:11.4383424Z KEM-LINK-OK
2026-10-03T11:40:11.4383613Z 
2026-10-03T11:40:11.4383616Z 
2026-10-03T11:40:11.4383877Z LAUNCHCTL-BUILD-OK
2026-10-03T11:40:11.4384086Z 
2026-10-03T11:40:11.4384089Z 
2026-10-03T11:40:11.4384196Z LAUNCHCTL-LIST-OK
2026-10-03T11:40:11.4384376Z 
2026-10-03T11:40:11.4384379Z 
2026-10-03T11:40:11.4384601Z LAUNCHD-BUILD-OK
2026-10-03T11:40:11.4384768Z 
2026-10-03T11:40:11.4384772Z 
2026-10-03T11:40:11.4384871Z LIBDISPATCH-OK
2026-10-03T11:40:11.4385034Z 
2026-10-03T11:40:11.4385037Z 
2026-10-03T11:40:11.4385175Z LIBDISPATCH-MACH-OK
2026-10-03T11:40:11.4385331Z 
2026-10-03T11:40:11.4385344Z 
2026-10-03T11:40:11.4385474Z LIBDS-OK
2026-10-03T11:40:11.4385594Z 
2026-10-03T11:40:11.4385597Z 
2026-10-03T11:40:11.4385756Z LIBSYSTEM-KERNEL-OK
2026-10-03T11:40:11.4385922Z 
2026-10-03T11:40:11.4385990Z 
2026-10-03T11:40:11.4386145Z LIBXPC-OK
2026-10-03T11:40:11.4386345Z 
2026-10-03T11:40:11.4386349Z 
2026-10-03T11:40:11.4386480Z LINUX-MOUNTS-OK
2026-10-03T11:40:11.4386704Z 
2026-10-03T11:40:11.4386708Z 
2026-10-03T11:40:11.4386812Z MACH-PORT-OK
2026-10-03T11:40:11.4387062Z 
2026-10-03T11:40:11.4387066Z 
2026-10-03T11:40:11.4387228Z MACH-SMOKE-OK
2026-10-03T11:40:11.4387394Z 
2026-10-03T11:40:11.4387397Z 
2026-10-03T11:40:11.4387583Z MDNS-BOOT-OK
2026-10-03T11:40:11.4387723Z 
2026-10-03T11:40:11.4387727Z 
2026-10-03T11:40:11.4387921Z MDNS-DNSSD-OK
2026-10-03T11:40:11.4388087Z 
2026-10-03T11:40:11.4388132Z 
2026-10-03T11:40:11.4388259Z MDNS-ENGINE-OK
2026-10-03T11:40:11.4388472Z 
2026-10-03T11:40:11.4388476Z 
2026-10-03T11:40:11.4388587Z MDNS-IFWATCH-OK
2026-10-03T11:40:11.4388849Z 
2026-10-03T11:40:11.4389017Z 
2026-10-03T11:40:11.4389143Z MDNS-STATIC-OK
2026-10-03T11:40:11.4389400Z 
2026-10-03T11:40:11.4389405Z 
2026-10-03T11:40:11.4389574Z MIG-BUILD-OK
2026-10-03T11:40:11.4389721Z 
2026-10-03T11:40:11.4389725Z 
2026-10-03T11:40:11.4389932Z NFS-OK
2026-10-03T11:40:11.4390088Z 
2026-10-03T11:40:11.4390092Z 
2026-10-03T11:40:11.4390263Z NOTIFYD-PROC-OK
2026-10-03T11:40:11.4390489Z 
2026-10-03T11:40:11.4390494Z 
2026-10-03T11:40:11.4390610Z NSS-DS-OK
2026-10-03T11:40:11.4390871Z 
2026-10-03T11:40:11.4390876Z 
2026-10-03T11:40:11.4390999Z NTP-OK
2026-10-03T11:40:11.4391238Z 
2026-10-03T11:40:11.4391243Z 
2026-10-03T11:40:11.4391372Z SC-BOND-OK
2026-10-03T11:40:11.4391569Z 
2026-10-03T11:40:11.4391573Z 
2026-10-03T11:40:11.4391774Z SC-BRIDGE-OK
2026-10-03T11:40:11.4391957Z 
2026-10-03T11:40:11.4391961Z 
2026-10-03T11:40:11.4392126Z SC-LOCK-OK
2026-10-03T11:40:11.4392291Z 
2026-10-03T11:40:11.4392296Z 
2026-10-03T11:40:11.4392443Z SC-MULTI-OK
2026-10-03T11:40:11.4392689Z 
2026-10-03T11:40:11.4392700Z 
2026-10-03T11:40:11.4392831Z SC-NETIF-OK
2026-10-03T11:40:11.4393067Z 
2026-10-03T11:40:11.4393071Z 
2026-10-03T11:40:11.4393199Z SC-NETSET-OK
2026-10-03T11:40:11.4393397Z 
2026-10-03T11:40:11.4393403Z 
2026-10-03T11:40:11.4393614Z SC-NETSVC-OK
2026-10-03T11:40:11.4393936Z 
2026-10-03T11:40:11.4393942Z 
2026-10-03T11:40:11.4394120Z SC-NOTIFY-OK
2026-10-03T11:40:11.4394440Z 
2026-10-03T11:40:11.4394445Z 
2026-10-03T11:40:11.4394611Z SC-PATH-OK
2026-10-03T11:40:11.4394809Z 
2026-10-03T11:40:11.4394867Z 
2026-10-03T11:40:11.4395026Z SC-PLINK-OK
2026-10-03T11:40:11.4395227Z 
2026-10-03T11:40:11.4395232Z 
2026-10-03T11:40:11.4395365Z SC-PNOTIFY-OK
2026-10-03T11:40:11.4395570Z 
2026-10-03T11:40:11.4395576Z 
2026-10-03T11:40:11.4395739Z SC-PREFS-OK
2026-10-03T11:40:11.4395963Z 
2026-10-03T11:40:11.4395967Z 
2026-10-03T11:40:11.4396134Z SC-RUNLOOP-OK
2026-10-03T11:40:11.4396302Z 
2026-10-03T11:40:11.4396305Z 
2026-10-03T11:40:11.4396460Z SC-STORE-OK
2026-10-03T11:40:11.4396598Z 
2026-10-03T11:40:11.4396601Z 
2026-10-03T11:40:11.4396773Z SC-VLAN-OK
2026-10-03T11:40:11.4396895Z 
2026-10-03T11:40:11.4396932Z 
2026-10-03T11:40:11.4397038Z SERVICE-LDCONFIG-OK
2026-10-03T11:40:11.4397200Z 
2026-10-03T11:40:11.4397203Z 
2026-10-03T11:40:11.4397322Z SHELLCMD-LEAF-OK
2026-10-03T11:40:11.4397500Z 
2026-10-03T11:40:11.4397503Z 
2026-10-03T11:40:11.4397599Z SUDO-OK
2026-10-03T11:40:11.4397758Z 
2026-10-03T11:40:11.4397761Z 
2026-10-03T11:40:11.4397880Z SYSCMD-LEAF-OK
2026-10-03T11:40:11.4398031Z 
2026-10-03T11:40:11.4398033Z 
2026-10-03T11:40:11.4398200Z SYSLOG-RUN-OK
2026-10-03T11:40:11.4398329Z 
2026-10-03T11:40:11.4398332Z 
2026-10-03T11:40:11.4398465Z SYSLOGD-PROC-OK
2026-10-03T11:40:11.4398623Z 
2026-10-03T11:40:11.4398626Z 
2026-10-03T11:40:11.4398750Z TASK-SPECIAL-PORT-OK
2026-10-03T11:40:11.4398948Z 
2026-10-03T11:40:11.4398951Z 
2026-10-03T11:40:11.4399049Z TEXTCMD-LEAF-OK
2026-10-03T11:40:11.4399213Z 
2026-10-03T11:40:11.4399216Z 
2026-10-03T11:40:11.4399316Z WAITQUIET-OK
2026-10-03T11:40:11.4399473Z 
2026-10-03T11:40:11.4399480Z 
2026-10-03T11:40:11.4399698Z WEDGE-CHECK-SKIP
2026-10-03T11:40:11.4399887Z 
2026-10-03T11:40:11.4399892Z 
2026-10-03T11:40:11.4400069Z ADVCMD-LEAF-FAIL
2026-10-03T11:40:11.4400239Z 
2026-10-03T11:40:11.4400244Z 
2026-10-03T11:40:11.4400472Z NEXTBSD-TEST-SUMMARY ok=79 fail=1 skip=6
2026-10-03T11:40:11.4400801Z 
2026-10-03T11:40:11.4400806Z 
2026-10-03T11:40:11.4400945Z admin@selftest ~ % 
2026-10-03T11:40:11.4401842Z FAIL: /usr/tests/freebsd-launchd-mach/run.sh: NEXTBSD-TEST-SUMMARY ok=79 fail=1 skip=6 — the suite's own verdict is a failure
2026-10-03T11:40:11.4438471Z NEXTBSD-TEST-SUMMARY ok=79 fail=1 skip=6
2026-10-03T11:40:11.4439213Z ==> boot-test FAILED rc=1 (arch=amd64 suite=/usr/tests/freebsd-launchd-mach/run.sh)
2026-10-03T11:40:11.4439902Z     serial transcript: tests/boot.log
2026-10-03T11:40:11.4440449Z SELFTEST OK:   case fail (rc=1)
2026-10-03T11:40:11.4441202Z ==> case: nosummary (suite: /usr/tests/freebsd-launchd-mach/run.sh) — expect rc 2
2026-10-03T11:40:11.4466755Z ==> boot test: tests/fake.img
2026-10-03T11:40:11.4473856Z -rw-r--r-- 1 runner runner 0 Oct  3 11:39 tests/fake.img
2026-10-03T11:40:11.4530508Z ==> using KVM acceleration
2026-10-03T11:40:11.4531086Z ==> amd64: qemu-system-x86_64 -machine q35 | firmware 
2026-10-03T11:40:11.4646207Z === DBG: arm structure of tests/boot.exp
2026-10-03T11:40:11.4658924Z 122:    expect {
2026-10-03T11:40:11.4659649Z 123:        timeout { puts "\nFAIL: didn't see the loader autoboot prompt within ${secs}s"; exit 1 }
2026-10-03T11:40:11.4660386Z 124:        -re $re_hit_enter  { send " " }
2026-10-03T11:40:11.4660982Z 126:        -re $re_efi_banner { send " " }
2026-10-03T11:40:11.4661414Z 130:    expect {
2026-10-03T11:40:11.4662001Z 131:        timeout { puts "\nFAIL: didn't reach the loader OK prompt within 30s"; exit 1 }
2026-10-03T11:40:11.4662623Z 149:    expect {
2026-10-03T11:40:11.4662998Z 150:        timeout { puts "\nFAIL: no OK prompt after '$cmd' within 20s"; exit 1 }
2026-10-03T11:40:11.4663438Z 167:        expect {
2026-10-03T11:40:11.4663909Z 172:            -re $re_boot_go {
2026-10-03T11:40:11.4664254Z 180:            timeout {
2026-10-03T11:40:11.4664611Z 261:expect {
2026-10-03T11:40:11.4665031Z 262:    timeout {
2026-10-03T11:40:11.4665586Z 266:    -re $re_panic {
2026-10-03T11:40:11.4666036Z 270:    -re $re_early_init {
2026-10-03T11:40:11.4666634Z 274:    -re $re_boot_banner {
2026-10-03T11:40:11.4667330Z 296:expect {
2026-10-03T11:40:11.4667643Z 297:    timeout {
2026-10-03T11:40:11.4668025Z 301:        expect {
2026-10-03T11:40:11.4668385Z 303:            timeout {
2026-10-03T11:40:11.4668777Z 307:            -re $re_panic {
2026-10-03T11:40:11.4669205Z 317:    -re $re_panic {
2026-10-03T11:40:11.4669622Z 322:    -re $re_session_msg {
2026-10-03T11:40:11.4670069Z 330:    expect {
2026-10-03T11:40:11.4670409Z 331:        timeout {
2026-10-03T11:40:11.4670798Z 338:            expect {
2026-10-03T11:40:11.4671206Z 339:                timeout {
2026-10-03T11:40:11.4671778Z 348:                -re $re_shell_prompt { puts "\nOK: at root shell prompt" }
2026-10-03T11:40:11.4672455Z 352:        -re $re_shell_prompt { puts "\nOK: logged in as admin" }
2026-10-03T11:40:11.4672978Z 361:    expect {
2026-10-03T11:40:11.4673326Z 362:        timeout {
2026-10-03T11:40:11.4673941Z 662:expect {
2026-10-03T11:40:11.4674332Z 663:    timeout {
2026-10-03T11:40:11.4674750Z 675:    -re $re_marker {
2026-10-03T11:40:11.4675166Z 710:    -re $re_summary {
2026-10-03T11:40:11.4675591Z 728:    -re {panic|Fatal trap|Fatal data abort} {
2026-10-03T11:40:11.4676060Z 732:    eof {
2026-10-03T11:40:11.4676339Z 809:expect {
2026-10-03T11:40:11.4676612Z 810:    timeout {
2026-10-03T11:40:11.4676930Z 814:    -re {panic|Fatal trap|Fatal data abort} {
2026-10-03T11:40:11.4677307Z 819:    -re {[#%$] $} { puts "\nOK: shell alive after the suite" }
2026-10-03T11:40:11.4677687Z 851:expect {
2026-10-03T11:40:11.4678003Z 854:    -re {[#%$] $}     { }
2026-10-03T11:40:11.4678305Z 860:expect {
2026-10-03T11:40:11.4678566Z 861:    -re $re_shutdown_wait {
2026-10-03T11:40:11.4678852Z 865:    timeout {
2026-10-03T11:40:11.4679177Z 874:        expect { timeout {} eof {} "Uptime:" {} }
2026-10-03T11:40:11.4679539Z 879:    -re $re_reboot {
2026-10-03T11:40:11.4679826Z 885:    -re $re_poweroff {
2026-10-03T11:40:11.4680169Z 887:        expect {
2026-10-03T11:40:11.4680567Z 888:            timeout { puts "\nWARN: qemu did not exit after poweroff (informational)" }
2026-10-03T11:40:11.4681004Z 892:    eof {
2026-10-03T11:40:11.4681344Z === DBG: patterns set
2026-10-03T11:40:11.4681735Z 45:set re_summary {NEXTBSD-TEST-SUMMARY ok=([0-9]+) fail=([0-9]+) skip=([0-9]+)}
2026-10-03T11:40:11.4682223Z 53:set re_marker {[A-Z0-9][A-Z0-9-]*-(OK|SKIP|FAIL)(\r\n|\n)}
2026-10-03T11:40:11.4700385Z spawn tclsh /home/runner/work/nextbsd-ci/nextbsd-ci/selftest/mock-guest.tcl
2026-10-03T11:40:11.4740268Z FreeBSD/amd64 EFI loader, Revision 3.0
2026-10-03T11:40:11.4740533Z 
2026-10-03T11:40:11.4740636Z 
2026-10-03T11:40:11.4740970Z Loading /boot/loader.conf
2026-10-03T11:40:11.4741227Z 
2026-10-03T11:40:11.4741430Z 
2026-10-03T11:40:11.4741689Z Hit [Enter] to boot immediately, or any other key for command prompt.
2026-10-03T11:40:11.4742225Z 
2026-10-03T11:40:11.4742230Z 
2026-10-03T11:40:11.4742359Z OK 
2026-10-03T11:40:11.4742610Z ==> at loader prompt
2026-10-03T11:40:12.6570911Z  set console=comconsole
2026-10-03T11:40:12.6571423Z OK set console=comconsole
2026-10-03T11:40:12.6571660Z 
2026-10-03T11:40:12.6571665Z 
2026-10-03T11:40:13.7198860Z OK set boot_serial=YES
2026-10-03T11:40:13.7200229Z OK set boot_serial=YES
2026-10-03T11:40:13.7200497Z 
2026-10-03T11:40:13.7200502Z 
2026-10-03T11:40:15.1038763Z OK set comconsole_speed=115200
2026-10-03T11:40:15.1039217Z OK set comconsole_speed=115200
2026-10-03T11:40:15.1039622Z 
2026-10-03T11:40:15.1039627Z 
2026-10-03T11:40:16.2868708Z OK set boot_multicons=YES
2026-10-03T11:40:16.2869719Z OK set boot_multicons=YES
2026-10-03T11:40:16.2869921Z 
2026-10-03T11:40:16.2869926Z 
2026-10-03T11:40:17.3895636Z OK set boot_mutemsgs=NO
2026-10-03T11:40:17.3896264Z OK set boot_mutemsgs=NO
2026-10-03T11:40:17.3896809Z 
2026-10-03T11:40:17.3896817Z 
2026-10-03T11:40:17.9708350Z OK boot -v
2026-10-03T11:40:17.9708823Z Booting [/boot/kernel/kernel]
2026-10-03T11:40:17.9709365Z 
2026-10-03T11:40:17.9709372Z 
2026-10-03T11:40:17.9709565Z ---<<BOOT>>---
2026-10-03T11:40:17.9709770Z 
2026-10-03T11:40:17.9709777Z 
2026-10-03T11:40:17.9710441Z Copyright (c) 1992-2025 The FreeBSD Project.
2026-10-03T11:40:17.9710804Z 
2026-10-03T11:40:17.9710811Z 
2026-10-03T11:40:17.9711081Z early-init: sethostname('selftest')
2026-10-03T11:40:17.9711393Z 
2026-10-03T11:40:17.9711399Z 
2026-10-03T11:40:17.9711635Z early-init: opened /dev/klog (kernel.log_open=1; console quiet)
2026-10-03T11:40:17.9712074Z 
2026-10-03T11:40:17.9712079Z 
2026-10-03T11:40:17.9712246Z NextBSD/amd64 (selftest) (console)
2026-10-03T11:40:17.9712556Z 
2026-10-03T11:40:17.9712560Z 
2026-10-03T11:40:17.9712599Z 
2026-10-03T11:40:17.9713248Z OK: BOOT-BANNER-OK — getty shows the synthesized hostname 'selftest'
2026-10-03T11:40:18.2723876Z login:
2026-10-03T11:40:18.2724319Z 
2026-10-03T11:40:18.2724326Z 
2026-10-03T11:40:18.2724332Z 
2026-10-03T11:40:18.2724522Z OK: boot reached the login prompt
2026-10-03T11:40:18.2726331Z admin
2026-10-03T11:40:18.2726818Z Password:
2026-10-03T11:40:18.2727002Z 
2026-10-03T11:40:18.2727116Z 
2026-10-03T11:40:18.2727122Z 
2026-10-03T11:40:18.2727523Z admin@selftest ~ % 
2026-10-03T11:40:18.2727965Z OK: logged in as admin
2026-10-03T11:40:18.2731816Z ==> running on-image suite: /usr/tests/freebsd-launchd-mach/run.sh
2026-10-03T11:40:18.2737653Z r() { if [ "$(id -u)" = 0 ]; then "$@"; else sudo "$@"; fi; }
2026-10-03T11:40:18.2738330Z admin@selftest ~ % r /usr/tests/freebsd-launchd-mach/run.sh
2026-10-03T11:40:18.2738890Z ACCT-HELPERS-OK
2026-10-03T11:40:18.2739083Z 
2026-10-03T11:40:18.2739090Z 
2026-10-03T11:40:18.2739264Z ACCT-LIFECYCLE-OK
2026-10-03T11:40:18.2739444Z 
2026-10-03T11:40:18.2739447Z 
2026-10-03T11:40:18.2739578Z ASLMANAGER-DEMAND-SKIP
2026-10-03T11:40:18.2739798Z 
2026-10-03T11:40:18.2739817Z 
2026-10-03T11:40:18.2739921Z BOOT-BANNER-SKIP
2026-10-03T11:40:18.2740090Z 
2026-10-03T11:40:18.2740094Z 
2026-10-03T11:40:18.2740196Z BOOTSTRAP-OK
2026-10-03T11:40:18.2740345Z 
2026-10-03T11:40:18.2740348Z 
2026-10-03T11:40:18.2740520Z BOOTSTRAP-REMOTE-OK
2026-10-03T11:40:18.2740664Z 
2026-10-03T11:40:18.2740667Z 
2026-10-03T11:40:18.2740800Z BUSYSTATE-OK
2026-10-03T11:40:18.2740958Z 
2026-10-03T11:40:18.2740962Z 
2026-10-03T11:40:18.2741084Z CONFIGD-LIST-OK
2026-10-03T11:40:18.2741238Z 
2026-10-03T11:40:18.2741241Z 
2026-10-03T11:40:18.2741387Z CONFIGD-MULTI-OK
2026-10-03T11:40:18.2741552Z 
2026-10-03T11:40:18.2741556Z 
2026-10-03T11:40:18.2741659Z CONFIGD-NOTIFY-OK
2026-10-03T11:40:18.2741815Z 
2026-10-03T11:40:18.2741818Z 
2026-10-03T11:40:18.2741944Z CONFIGD-PATTERN-OK
2026-10-03T11:40:18.2742132Z 
2026-10-03T11:40:18.2742135Z 
2026-10-03T11:40:18.2742294Z CONFIGD-STORE-OK
2026-10-03T11:40:18.2742430Z 
2026-10-03T11:40:18.2742433Z 
2026-10-03T11:40:18.2742554Z COREFOUNDATION-OK
2026-10-03T11:40:18.2742930Z 
2026-10-03T11:40:18.2742933Z 
2026-10-03T11:40:18.2743083Z DA-BOOT-OK
2026-10-03T11:40:18.2743243Z 
2026-10-03T11:40:18.2743246Z 
2026-10-03T11:40:18.2743351Z DA-IOKIT-OK
2026-10-03T11:40:18.2743495Z 
2026-10-03T11:40:18.2743498Z 
2026-10-03T11:40:18.2743615Z DAEMON-STATE-OK
2026-10-03T11:40:18.2743929Z 
2026-10-03T11:40:18.2743932Z 
2026-10-03T11:40:18.2744075Z DOMAIN-DIRS-OK
2026-10-03T11:40:18.2744244Z 
2026-10-03T11:40:18.2744248Z 
2026-10-03T11:40:18.2744497Z EVFILT-MACHPORT-SKIP
2026-10-03T11:40:18.2744665Z 
2026-10-03T11:40:18.2744668Z 
2026-10-03T11:40:18.2744838Z EVFILT-MACHPORT-CONCURRENT-OK
2026-10-03T11:40:18.2745008Z 
2026-10-03T11:40:18.2745011Z 
2026-10-03T11:40:18.2745145Z FBSDGLUE-OK
2026-10-03T11:40:18.2745289Z 
2026-10-03T11:40:18.2745292Z 
2026-10-03T11:40:18.2745405Z FILECMD-LEAF-OK
2026-10-03T11:40:18.2745607Z 
2026-10-03T11:40:18.2745610Z 
2026-10-03T11:40:18.2745709Z GETTY-OK
2026-10-03T11:40:18.2745865Z 
2026-10-03T11:40:18.2745868Z 
2026-10-03T11:40:18.2745966Z HOMEDIR-OK
2026-10-03T11:40:18.2746126Z 
2026-10-03T11:40:18.2746129Z 
2026-10-03T11:40:18.2746281Z HOST-BOOTSTRAP-OK
2026-10-03T11:40:18.2746419Z 
2026-10-03T11:40:18.2746422Z 
2026-10-03T11:40:18.2746560Z HOSTNAMED-OK
2026-10-03T11:40:18.2746688Z 
2026-10-03T11:40:18.2746690Z 
2026-10-03T11:40:18.2746843Z HOSTNAMED-BONJOUR-RENAME-SKIP
2026-10-03T11:40:18.2747082Z 
2026-10-03T11:40:18.2747171Z 
2026-10-03T11:40:18.2747275Z HOSTNAMED-DHCP-OK
2026-10-03T11:40:18.2747444Z 
2026-10-03T11:40:18.2747447Z 
2026-10-03T11:40:18.2747553Z HOSTNAMED-MDNS-SKIP
2026-10-03T11:40:18.2747726Z 
2026-10-03T11:40:18.2747729Z 
2026-10-03T11:40:18.2747883Z HOSTNAMED-PREFS-OK
2026-10-03T11:40:18.2748022Z 
2026-10-03T11:40:18.2748025Z 
2026-10-03T11:40:18.2748157Z IPCFG-ARP-OK
2026-10-03T11:40:18.2748286Z 
2026-10-03T11:40:18.2748290Z 
2026-10-03T11:40:18.2748427Z IPCFG-BOOT-OK
2026-10-03T11:40:18.2748631Z 
2026-10-03T11:40:18.2748634Z 
2026-10-03T11:40:18.2748737Z IPCFG-BOUND-OK
2026-10-03T11:40:18.2748905Z 
2026-10-03T11:40:18.2748912Z 
2026-10-03T11:40:18.2749013Z IPCFG-DHCP-OK
2026-10-03T11:40:18.2749175Z 
2026-10-03T11:40:18.2749177Z 
2026-10-03T11:40:18.2749296Z IPCFG-IPCONFIG-OK
2026-10-03T11:40:18.2749470Z 
2026-10-03T11:40:18.2749472Z 
2026-10-03T11:40:18.2749608Z IPCFG-RA-OK
2026-10-03T11:40:18.2749735Z 
2026-10-03T11:40:18.2749739Z 
2026-10-03T11:40:18.2749895Z IPCFG-RENEW-OK
2026-10-03T11:40:18.2750042Z 
2026-10-03T11:40:18.2750045Z 
2026-10-03T11:40:18.2750176Z IPCFG-RPC-OK
2026-10-03T11:40:18.2750335Z 
2026-10-03T11:40:18.2750338Z 
2026-10-03T11:40:18.2750436Z IPCFG-STORE-OK
2026-10-03T11:40:18.2750598Z 
2026-10-03T11:40:18.2750601Z 
2026-10-03T11:40:18.2750713Z KEM-LINK-OK
2026-10-03T11:40:18.2750869Z 
2026-10-03T11:40:18.2750872Z 
2026-10-03T11:40:18.2751009Z LAUNCHCTL-BUILD-OK
2026-10-03T11:40:18.2751149Z 
2026-10-03T11:40:18.2751153Z 
2026-10-03T11:40:18.2751311Z LAUNCHCTL-LIST-OK
2026-10-03T11:40:18.2751460Z 
2026-10-03T11:40:18.2751463Z 
2026-10-03T11:40:18.2751596Z LAUNCHD-BUILD-OK
2026-10-03T11:40:18.2751729Z 
2026-10-03T11:40:18.2751736Z 
2026-10-03T11:40:18.2751874Z LIBDISPATCH-OK
2026-10-03T11:40:18.2752037Z 
2026-10-03T11:40:18.2752040Z 
2026-10-03T11:40:18.2752158Z LIBDISPATCH-MACH-OK
2026-10-03T11:40:18.2752328Z 
2026-10-03T11:40:18.2752331Z 
2026-10-03T11:40:18.2752428Z LIBDS-OK
2026-10-03T11:40:18.2752584Z 
2026-10-03T11:40:18.2752587Z 
2026-10-03T11:40:18.2752750Z LIBSYSTEM-KERNEL-OK
2026-10-03T11:40:18.2752902Z 
2026-10-03T11:40:18.2752905Z 
2026-10-03T11:40:18.2753035Z LIBXPC-OK
2026-10-03T11:40:18.2753158Z 
2026-10-03T11:40:18.2753161Z 
2026-10-03T11:40:18.2753295Z LINUX-MOUNTS-OK
2026-10-03T11:40:18.2753457Z 
2026-10-03T11:40:18.2753460Z 
2026-10-03T11:40:18.2753573Z MACH-PORT-OK
2026-10-03T11:40:18.2753814Z 
2026-10-03T11:40:18.2753817Z 
2026-10-03T11:40:18.2753922Z MACH-SMOKE-OK
2026-10-03T11:40:18.2754109Z 
2026-10-03T11:40:18.2754112Z 
2026-10-03T11:40:18.2754195Z MDNS-BOOT-OK
2026-10-03T11:40:18.2754385Z 
2026-10-03T11:40:18.2754388Z 
2026-10-03T11:40:18.2754522Z MDNS-DNSSD-OK
2026-10-03T11:40:18.2754726Z 
2026-10-03T11:40:18.2754729Z 
2026-10-03T11:40:18.2754864Z MDNS-ENGINE-OK
2026-10-03T11:40:18.2754979Z 
2026-10-03T11:40:18.2754981Z 
2026-10-03T11:40:18.2755145Z MDNS-IFWATCH-OK
2026-10-03T11:40:18.2755311Z 
2026-10-03T11:40:18.2755314Z 
2026-10-03T11:40:18.2755414Z MDNS-STATIC-OK
2026-10-03T11:40:18.2755601Z 
2026-10-03T11:40:18.2755604Z 
2026-10-03T11:40:18.2755690Z MIG-BUILD-OK
2026-10-03T11:40:18.2755879Z 
2026-10-03T11:40:18.2755909Z 
2026-10-03T11:40:18.2756216Z NFS-OK
2026-10-03T11:40:18.2756339Z 
2026-10-03T11:40:18.2756342Z 
2026-10-03T11:40:18.2756478Z NOTIFYD-PROC-OK
2026-10-03T11:40:18.2756640Z 
2026-10-03T11:40:18.2756643Z 
2026-10-03T11:40:18.2756755Z NSS-DS-OK
2026-10-03T11:40:18.2756908Z 
2026-10-03T11:40:18.2756911Z 
2026-10-03T11:40:18.2757031Z NTP-OK
2026-10-03T11:40:18.2757189Z 
2026-10-03T11:40:18.2757192Z 
2026-10-03T11:40:18.2757275Z SC-BOND-OK
2026-10-03T11:40:18.2757465Z 
2026-10-03T11:40:18.2757469Z 
2026-10-03T11:40:18.2757601Z SC-BRIDGE-OK
2026-10-03T11:40:18.2757725Z 
2026-10-03T11:40:18.2757731Z 
2026-10-03T11:40:18.2757865Z SC-LOCK-OK
2026-10-03T11:40:18.2757974Z 
2026-10-03T11:40:18.2757977Z 
2026-10-03T11:40:18.2758143Z SC-MULTI-OK
2026-10-03T11:40:18.2758295Z 
2026-10-03T11:40:18.2758298Z 
2026-10-03T11:40:18.2758417Z SC-NETIF-OK
2026-10-03T11:40:18.2758571Z 
2026-10-03T11:40:18.2758574Z 
2026-10-03T11:40:18.2758657Z SC-NETSET-OK
2026-10-03T11:40:18.2758905Z 
2026-10-03T11:40:18.2758909Z 
2026-10-03T11:40:18.2759044Z SC-NETSVC-OK
2026-10-03T11:40:18.2759167Z 
2026-10-03T11:40:18.2759170Z 
2026-10-03T11:40:18.2759299Z SC-NOTIFY-OK
2026-10-03T11:40:18.2759407Z 
2026-10-03T11:40:18.2759411Z 
2026-10-03T11:40:18.2759575Z SC-PATH-OK
2026-10-03T11:40:18.2759721Z 
2026-10-03T11:40:18.2759724Z 
2026-10-03T11:40:18.2759856Z SC-PLINK-OK
2026-10-03T11:40:18.2760011Z 
2026-10-03T11:40:18.2760014Z 
2026-10-03T11:40:18.2760101Z SC-PNOTIFY-OK
2026-10-03T11:40:18.2760299Z 
2026-10-03T11:40:18.2760302Z 
2026-10-03T11:40:18.2760400Z SC-PREFS-OK
2026-10-03T11:40:18.2760557Z 
2026-10-03T11:40:18.2760564Z 
2026-10-03T11:40:18.2760695Z SC-RUNLOOP-OK
2026-10-03T11:40:18.2760822Z 
2026-10-03T11:40:18.2760825Z 
2026-10-03T11:40:18.2760984Z SC-STORE-OK
2026-10-03T11:40:18.2761129Z 
2026-10-03T11:40:18.2761132Z 
2026-10-03T11:40:18.2761269Z SC-VLAN-OK
2026-10-03T11:40:18.2761390Z 
2026-10-03T11:40:18.2761427Z 
2026-10-03T11:40:18.2761518Z SERVICE-LDCONFIG-OK
2026-10-03T11:40:18.2761721Z 
2026-10-03T11:40:18.2761724Z 
2026-10-03T11:40:18.2761825Z SHELLCMD-LEAF-OK
2026-10-03T11:40:18.2761993Z 
2026-10-03T11:40:18.2761996Z 
2026-10-03T11:40:18.2762093Z SUDO-OK
2026-10-03T11:40:18.2762234Z 
2026-10-03T11:40:18.2762237Z 
2026-10-03T11:40:18.2762421Z SYSCMD-LEAF-OK
2026-10-03T11:40:18.2762553Z 
2026-10-03T11:40:18.2762556Z 
2026-10-03T11:40:18.2762686Z SYSLOG-RUN-OK
2026-10-03T11:40:18.2762814Z 
2026-10-03T11:40:18.2762817Z 
2026-10-03T11:40:18.2762940Z SYSLOGD-PROC-OK
2026-10-03T11:40:18.2763131Z 
2026-10-03T11:40:18.2763135Z 
2026-10-03T11:40:18.2763244Z TASK-SPECIAL-PORT-OK
2026-10-03T11:40:18.2763430Z 
2026-10-03T11:40:18.2763438Z 
2026-10-03T11:40:18.2763539Z TEXTCMD-LEAF-OK
2026-10-03T11:40:18.2763840Z 
2026-10-03T11:40:18.2763845Z 
2026-10-03T11:40:18.2764215Z WAITQUIET-OK
2026-10-03T11:40:18.2764344Z 
2026-10-03T11:40:18.2764347Z 
2026-10-03T11:40:18.2764483Z WEDGE-CHECK-SKIP
2026-10-03T11:40:18.2764619Z 
2026-10-03T11:40:18.2764622Z 
2026-10-03T11:40:18.2764747Z ADVCMD-LEAF-OK
2026-10-03T11:40:18.2764893Z 
2026-10-03T11:40:18.2764896Z 
2026-10-03T11:40:38.2742399Z admin@selftest ~ % 
2026-10-03T11:40:38.2744386Z FAIL: /usr/tests/freebsd-launchd-mach/run.sh printed no NEXTBSD-TEST-SUMMARY within the 20s budget (no sentinel — the suite hung or died)
2026-10-03T11:40:38.2745103Z 
2026-10-03T11:40:38.2747253Z DBG-TIMEOUT: transcript 2386 bytes; tail: <NL>SC-PLINK-OK<NL><NL><NL>SC-PNOTIFY-OK<NL><NL><NL>SC-PREFS-OK<NL><NL><NL>SC-RUNLOOP-OK<NL><NL><NL>SC-STORE-OK<NL><NL><NL>SC-VLAN-OK<NL><NL><NL>SERVICE-LDCONFIG-OK<NL><NL><NL>SHELLCMD-LEAF-OK<NL><NL><NL>SUDO-OK<NL><NL><NL>SYSCMD-LEAF-OK<NL><NL><NL>SYSLOG-RUN-OK<NL><NL><NL>SYSLOGD-PROC-OK<NL><NL><NL>TASK-SPECIAL-PORT-OK<NL><NL><NL>TEXTCMD-LEAF-OK<NL><NL><NL>WAITQUIET-OK<NL><NL><NL>WEDGE-CHECK-SKIP<NL><NL><NL>ADVCMD-LEAF-OK<NL><NL><NL>admin@selftest ~ % 
2026-10-03T11:40:38.2778194Z no NEXTBSD-TEST-SUMMARY in tests/boot.log
2026-10-03T11:40:38.2778806Z ==> boot-test FAILED rc=2 (arch=amd64 suite=/usr/tests/freebsd-launchd-mach/run.sh)
2026-10-03T11:40:38.2779722Z     serial transcript: tests/boot.log
2026-10-03T11:40:38.2780244Z SELFTEST OK:   case nosummary (rc=2)
2026-10-03T11:40:38.2781078Z ==> case: deadend (suite: /usr/tests/freebsd-launchd-mach/run.sh) — expect rc 2
2026-10-03T11:40:38.2807733Z ==> boot test: tests/fake.img
2026-10-03T11:40:38.2816316Z -rw-r--r-- 1 runner runner 0 Oct  3 11:39 tests/fake.img
2026-10-03T11:40:38.2872951Z ==> using KVM acceleration
2026-10-03T11:40:38.2873810Z ==> amd64: qemu-system-x86_64 -machine q35 | firmware 
2026-10-03T11:40:38.2988292Z === DBG: arm structure of tests/boot.exp
2026-10-03T11:40:38.3000035Z 122:    expect {
2026-10-03T11:40:38.3000755Z 123:        timeout { puts "\nFAIL: didn't see the loader autoboot prompt within ${secs}s"; exit 1 }
2026-10-03T11:40:38.3001305Z 124:        -re $re_hit_enter  { send " " }
2026-10-03T11:40:38.3001806Z 126:        -re $re_efi_banner { send " " }
2026-10-03T11:40:38.3002389Z 130:    expect {
2026-10-03T11:40:38.3003037Z 131:        timeout { puts "\nFAIL: didn't reach the loader OK prompt within 30s"; exit 1 }
2026-10-03T11:40:38.3004003Z 149:    expect {
2026-10-03T11:40:38.3004531Z 150:        timeout { puts "\nFAIL: no OK prompt after '$cmd' within 20s"; exit 1 }
2026-10-03T11:40:38.3005120Z 167:        expect {
2026-10-03T11:40:38.3005589Z 172:            -re $re_boot_go {
2026-10-03T11:40:38.3006021Z 180:            timeout {
2026-10-03T11:40:38.3006390Z 261:expect {
2026-10-03T11:40:38.3006762Z 262:    timeout {
2026-10-03T11:40:38.3007131Z 266:    -re $re_panic {
2026-10-03T11:40:38.3007599Z 270:    -re $re_early_init {
2026-10-03T11:40:38.3008070Z 274:    -re $re_boot_banner {
2026-10-03T11:40:38.3008492Z 296:expect {
2026-10-03T11:40:38.3008902Z 297:    timeout {
2026-10-03T11:40:38.3009265Z 301:        expect {
2026-10-03T11:40:38.3009687Z 303:            timeout {
2026-10-03T11:40:38.3010122Z 307:            -re $re_panic {
2026-10-03T11:40:38.3010562Z 317:    -re $re_panic {
2026-10-03T11:40:38.3010970Z 322:    -re $re_session_msg {
2026-10-03T11:40:38.3011418Z 330:    expect {
2026-10-03T11:40:38.3011790Z 331:        timeout {
2026-10-03T11:40:38.3012395Z 338:            expect {
2026-10-03T11:40:38.3012726Z 339:                timeout {
2026-10-03T11:40:38.3013247Z 348:                -re $re_shell_prompt { puts "\nOK: at root shell prompt" }
2026-10-03T11:40:38.3014024Z 352:        -re $re_shell_prompt { puts "\nOK: logged in as admin" }
2026-10-03T11:40:38.3014603Z 361:    expect {
2026-10-03T11:40:38.3015003Z 362:        timeout {
2026-10-03T11:40:38.3015361Z 662:expect {
2026-10-03T11:40:38.3015694Z 663:    timeout {
2026-10-03T11:40:38.3016090Z 675:    -re $re_marker {
2026-10-03T11:40:38.3016550Z 710:    -re $re_summary {
2026-10-03T11:40:38.3017051Z 728:    -re {panic|Fatal trap|Fatal data abort} {
2026-10-03T11:40:38.3017591Z 732:    eof {
2026-10-03T11:40:38.3017939Z 809:expect {
2026-10-03T11:40:38.3018296Z 810:    timeout {
2026-10-03T11:40:38.3018734Z 814:    -re {panic|Fatal trap|Fatal data abort} {
2026-10-03T11:40:38.3019369Z 819:    -re {[#%$] $} { puts "\nOK: shell alive after the suite" }
2026-10-03T11:40:38.3019854Z 851:expect {
2026-10-03T11:40:38.3020190Z 854:    -re {[#%$] $}     { }
2026-10-03T11:40:38.3020632Z 860:expect {
2026-10-03T11:40:38.3021035Z 861:    -re $re_shutdown_wait {
2026-10-03T11:40:38.3021465Z 865:    timeout {
2026-10-03T11:40:38.3022237Z 874:        expect { timeout {} eof {} "Uptime:" {} }
2026-10-03T11:40:38.3022702Z 879:    -re $re_reboot {
2026-10-03T11:40:38.3023862Z 885:    -re $re_poweroff {
2026-10-03T11:40:38.3024336Z 887:        expect {
2026-10-03T11:40:38.3024945Z 888:            timeout { puts "\nWARN: qemu did not exit after poweroff (informational)" }
2026-10-03T11:40:38.3025801Z 892:    eof {
2026-10-03T11:40:38.3026183Z === DBG: patterns set
2026-10-03T11:40:38.3026790Z 45:set re_summary {NEXTBSD-TEST-SUMMARY ok=([0-9]+) fail=([0-9]+) skip=([0-9]+)}
2026-10-03T11:40:38.3027552Z 53:set re_marker {[A-Z0-9][A-Z0-9-]*-(OK|SKIP|FAIL)(\r\n|\n)}
2026-10-03T11:40:38.3041083Z spawn tclsh /home/runner/work/nextbsd-ci/nextbsd-ci/selftest/mock-guest.tcl
2026-10-03T11:40:38.3080498Z FreeBSD/amd64 EFI loader, Revision 3.0
2026-10-03T11:40:38.3080836Z 
2026-10-03T11:40:38.3080885Z 
2026-10-03T11:40:38.3081043Z Loading /boot/loader.conf
2026-10-03T11:40:38.3081382Z 
2026-10-03T11:40:38.3081387Z 
2026-10-03T11:40:38.3081727Z Hit [Enter] to boot immediately, or any other key for command prompt.
2026-10-03T11:40:38.3082171Z 
2026-10-03T11:40:38.3082177Z 
2026-10-03T11:40:38.3082301Z OK 
2026-10-03T11:40:38.3082670Z ==> at loader prompt
2026-10-03T11:40:39.4914344Z  set console=comconsole
2026-10-03T11:40:39.4914765Z OK set console=comconsole
2026-10-03T11:40:39.4914989Z 
2026-10-03T11:40:39.4914994Z 
2026-10-03T11:40:40.5537653Z OK set boot_serial=YES
2026-10-03T11:40:40.5538634Z OK set boot_serial=YES
2026-10-03T11:40:40.5538979Z 
2026-10-03T11:40:40.5539210Z 
2026-10-03T11:40:41.9370802Z OK set comconsole_speed=115200
2026-10-03T11:40:41.9371804Z OK set comconsole_speed=115200
2026-10-03T11:40:41.9372487Z 
2026-10-03T11:40:41.9372493Z 
2026-10-03T11:40:43.1204244Z OK set boot_multicons=YES
2026-10-03T11:40:43.1204675Z OK set boot_multicons=YES
2026-10-03T11:40:43.1205109Z 
2026-10-03T11:40:43.1205114Z 
2026-10-03T11:40:44.2230030Z OK set boot_mutemsgs=NO
2026-10-03T11:40:44.2230619Z OK set boot_mutemsgs=NO
2026-10-03T11:40:44.2231179Z 
2026-10-03T11:40:44.2231187Z 
2026-10-03T11:40:44.8044075Z OK boot -v
2026-10-03T11:40:44.8044657Z Booting [/boot/kernel/kernel]
2026-10-03T11:40:44.8044954Z 
2026-10-03T11:40:44.8044960Z 
2026-10-03T11:40:44.8045119Z ---<<BOOT>>---
2026-10-03T11:40:44.8045320Z 
2026-10-03T11:40:44.8045329Z 
2026-10-03T11:40:44.8045519Z Copyright (c) 1992-2025 The FreeBSD Project.
2026-10-03T11:40:44.8045788Z 
2026-10-03T11:40:44.8045793Z 
2026-10-03T11:40:44.8045947Z early-init: sethostname('selftest')
2026-10-03T11:40:44.8046206Z 
2026-10-03T11:40:44.8046211Z 
2026-10-03T11:40:44.8046451Z early-init: opened /dev/klog (kernel.log_open=1; console quiet)
2026-10-03T11:40:44.8046755Z 
2026-10-03T11:40:44.8046771Z 
2026-10-03T11:40:44.8047080Z NextBSD/amd64 (selftest) (console)
2026-10-03T11:40:44.8047396Z 
2026-10-03T11:40:44.8047526Z 
2026-10-03T11:40:45.1061012Z 
2026-10-03T11:40:45.1062316Z OK: BOOT-BANNER-OK — getty shows the synthesized hostname 'selftest'
2026-10-03T11:40:45.1062929Z login:
2026-10-03T11:40:45.1063341Z 
2026-10-03T11:40:45.1063368Z 
2026-10-03T11:40:45.1063374Z 
2026-10-03T11:40:45.1063556Z OK: boot reached the login prompt
2026-10-03T11:40:45.1065747Z admin
2026-10-03T11:40:45.1066338Z Password:
2026-10-03T11:40:45.1066625Z 
2026-10-03T11:40:45.1066631Z 
2026-10-03T11:40:45.1066637Z 
2026-10-03T11:40:45.1066863Z admin@selftest ~ % 
2026-10-03T11:40:45.1067271Z OK: logged in as admin
2026-10-03T11:40:45.1071359Z ==> running on-image suite: /usr/tests/freebsd-launchd-mach/run.sh
2026-10-03T11:40:45.1076998Z r() { if [ "$(id -u)" = 0 ]; then "$@"; else sudo "$@"; fi; }
2026-10-03T11:40:45.1077564Z admin@selftest ~ % r /usr/tests/freebsd-launchd-mach/run.sh
2026-10-03T11:40:45.1078038Z ACCT-HELPERS-OK
2026-10-03T11:40:45.1078303Z 
2026-10-03T11:40:45.1078308Z 
2026-10-03T11:40:45.1078323Z 
2026-10-03T11:40:45.1079061Z FAIL: /usr/tests/freebsd-launchd-mach/run.sh died (serial stream closed) before printing NEXTBSD-TEST-SUMMARY
2026-10-03T11:40:45.1079819Z 
2026-10-03T11:40:45.1081072Z DBG-EOF: transcript 923 bytes; tail: lftest')<NL><NL><NL>early-init: opened /dev/klog (kernel.log_open=1; console quiet)<NL><NL><NL>NextBSD/amd64 (selftest) (console)<NL><NL><NL>login:<NL><NL><NL>admin<NL>Password:<NL><NL><NL><NL>admin@selftest ~ % r() { if [ "$(id -u)" = 0 ]; then "$@"; else sudo "$@"; fi; }<NL>admin@selftest ~ % r /usr/tests/freebsd-launchd-mach/run.sh<NL>ACCT-HELPERS-OK<NL><NL><NL>
2026-10-03T11:40:45.1106992Z no NEXTBSD-TEST-SUMMARY in tests/boot.log
2026-10-03T11:40:45.1107541Z ==> boot-test FAILED rc=2 (arch=amd64 suite=/usr/tests/freebsd-launchd-mach/run.sh)
2026-10-03T11:40:45.1108397Z     serial transcript: tests/boot.log
2026-10-03T11:40:45.1109004Z SELFTEST OK:   case deadend (rc=2)
2026-10-03T11:40:45.1109672Z ==> case: reboot (suite: /usr/tests/freebsd-launchd-mach/run.sh) — expect rc 1
2026-10-03T11:40:45.1135406Z ==> boot test: tests/fake.img
2026-10-03T11:40:45.1143109Z -rw-r--r-- 1 runner runner 0 Oct  3 11:39 tests/fake.img
2026-10-03T11:40:45.1200138Z ==> using KVM acceleration
2026-10-03T11:40:45.1200817Z ==> amd64: qemu-system-x86_64 -machine q35 | firmware 
2026-10-03T11:40:45.1315979Z === DBG: arm structure of tests/boot.exp
2026-10-03T11:40:45.1328929Z 122:    expect {
2026-10-03T11:40:45.1329684Z 123:        timeout { puts "\nFAIL: didn't see the loader autoboot prompt within ${secs}s"; exit 1 }
2026-10-03T11:40:45.1330222Z 124:        -re $re_hit_enter  { send " " }
2026-10-03T11:40:45.1330615Z 126:        -re $re_efi_banner { send " " }
2026-10-03T11:40:45.1330929Z 130:    expect {
2026-10-03T11:40:45.1331364Z 131:        timeout { puts "\nFAIL: didn't reach the loader OK prompt within 30s"; exit 1 }
2026-10-03T11:40:45.1331794Z 149:    expect {
2026-10-03T11:40:45.1332359Z 150:        timeout { puts "\nFAIL: no OK prompt after '$cmd' within 20s"; exit 1 }
2026-10-03T11:40:45.1332781Z 167:        expect {
2026-10-03T11:40:45.1333076Z 172:            -re $re_boot_go {
2026-10-03T11:40:45.1333395Z 180:            timeout {
2026-10-03T11:40:45.1333819Z 261:expect {
2026-10-03T11:40:45.1334267Z 262:    timeout {
2026-10-03T11:40:45.1334598Z 266:    -re $re_panic {
2026-10-03T11:40:45.1334895Z 270:    -re $re_early_init {
2026-10-03T11:40:45.1335246Z 274:    -re $re_boot_banner {
2026-10-03T11:40:45.1335527Z 296:expect {
2026-10-03T11:40:45.1335788Z 297:    timeout {
2026-10-03T11:40:45.1336074Z 301:        expect {
2026-10-03T11:40:45.1336348Z 303:            timeout {
2026-10-03T11:40:45.1336645Z 307:            -re $re_panic {
2026-10-03T11:40:45.1336958Z 317:    -re $re_panic {
2026-10-03T11:40:45.1337411Z 322:    -re $re_session_msg {
2026-10-03T11:40:45.1337715Z 330:    expect {
2026-10-03T11:40:45.1337975Z 331:        timeout {
2026-10-03T11:40:45.1338293Z 338:            expect {
2026-10-03T11:40:45.1338586Z 339:                timeout {
2026-10-03T11:40:45.1338988Z 348:                -re $re_shell_prompt { puts "\nOK: at root shell prompt" }
2026-10-03T11:40:45.1339460Z 352:        -re $re_shell_prompt { puts "\nOK: logged in as admin" }
2026-10-03T11:40:45.1339822Z 361:    expect {
2026-10-03T11:40:45.1340073Z 362:        timeout {
2026-10-03T11:40:45.1340373Z 662:expect {
2026-10-03T11:40:45.1340650Z 663:    timeout {
2026-10-03T11:40:45.1340921Z 675:    -re $re_marker {
2026-10-03T11:40:45.1341218Z 710:    -re $re_summary {
2026-10-03T11:40:45.1341551Z 728:    -re {panic|Fatal trap|Fatal data abort} {
2026-10-03T11:40:45.1341910Z 732:    eof {
2026-10-03T11:40:45.1342182Z 809:expect {
2026-10-03T11:40:45.1342441Z 810:    timeout {
2026-10-03T11:40:45.1342738Z 814:    -re {panic|Fatal trap|Fatal data abort} {
2026-10-03T11:40:45.1343128Z 819:    -re {[#%$] $} { puts "\nOK: shell alive after the suite" }
2026-10-03T11:40:45.1343492Z 851:expect {
2026-10-03T11:40:45.1344021Z 854:    -re {[#%$] $}     { }
2026-10-03T11:40:45.1344479Z 860:expect {
2026-10-03T11:40:45.1344807Z 861:    -re $re_shutdown_wait {
2026-10-03T11:40:45.1345101Z 865:    timeout {
2026-10-03T11:40:45.1345412Z 874:        expect { timeout {} eof {} "Uptime:" {} }
2026-10-03T11:40:45.1345777Z 879:    -re $re_reboot {
2026-10-03T11:40:45.1346051Z 885:    -re $re_poweroff {
2026-10-03T11:40:45.1346367Z 887:        expect {
2026-10-03T11:40:45.1346754Z 888:            timeout { puts "\nWARN: qemu did not exit after poweroff (informational)" }
2026-10-03T11:40:45.1347180Z 892:    eof {
2026-10-03T11:40:45.1350435Z === DBG: patterns set
2026-10-03T11:40:45.1358543Z 45:set re_summary {NEXTBSD-TEST-SUMMARY ok=([0-9]+) fail=([0-9]+) skip=([0-9]+)}
2026-10-03T11:40:45.1359239Z 53:set re_marker {[A-Z0-9][A-Z0-9-]*-(OK|SKIP|FAIL)(\r\n|\n)}
2026-10-03T11:40:45.1384988Z spawn tclsh /home/runner/work/nextbsd-ci/nextbsd-ci/selftest/mock-guest.tcl
2026-10-03T11:40:45.1425372Z FreeBSD/amd64 EFI loader, Revision 3.0
2026-10-03T11:40:45.1425726Z 
2026-10-03T11:40:45.1425762Z 
2026-10-03T11:40:45.1425880Z Loading /boot/loader.conf
2026-10-03T11:40:45.1426074Z 
2026-10-03T11:40:45.1426078Z 
2026-10-03T11:40:45.1426271Z Hit [Enter] to boot immediately, or any other key for command prompt.
2026-10-03T11:40:45.1426579Z 
2026-10-03T11:40:45.1426583Z 
2026-10-03T11:40:45.1426683Z OK 
2026-10-03T11:40:45.1426955Z ==> at loader prompt
2026-10-03T11:40:46.3258798Z  set console=comconsole
2026-10-03T11:40:46.3259758Z OK set console=comconsole
2026-10-03T11:40:46.3260151Z 
2026-10-03T11:40:46.3260293Z 
2026-10-03T11:40:47.3887489Z OK set boot_serial=YES
2026-10-03T11:40:47.3888150Z OK set boot_serial=YES
2026-10-03T11:40:47.3888341Z 
2026-10-03T11:40:47.3888346Z 
2026-10-03T11:40:48.7720372Z OK set comconsole_speed=115200
2026-10-03T11:40:48.7720941Z OK set comconsole_speed=115200
2026-10-03T11:40:48.7721151Z 
2026-10-03T11:40:48.7721207Z 
2026-10-03T11:40:49.9550291Z OK set boot_multicons=YES
2026-10-03T11:40:49.9551125Z OK set boot_multicons=YES
2026-10-03T11:40:49.9551363Z 
2026-10-03T11:40:49.9551369Z 
2026-10-03T11:40:51.0577165Z OK set boot_mutemsgs=NO
2026-10-03T11:40:51.0578755Z OK set boot_mutemsgs=NO
2026-10-03T11:40:51.0578981Z 
2026-10-03T11:40:51.0578988Z 
2026-10-03T11:40:51.6394847Z OK boot -v
2026-10-03T11:40:51.6395206Z Booting [/boot/kernel/kernel]
2026-10-03T11:40:51.6395611Z 
2026-10-03T11:40:51.6395617Z 
2026-10-03T11:40:51.6395769Z ---<<BOOT>>---
2026-10-03T11:40:51.6395944Z 
2026-10-03T11:40:51.6395949Z 
2026-10-03T11:40:51.6396098Z Copyright (c) 1992-2025 The FreeBSD Project.
2026-10-03T11:40:51.6396342Z 
2026-10-03T11:40:51.6396346Z 
2026-10-03T11:40:51.6396544Z early-init: sethostname('selftest')
2026-10-03T11:40:51.6396741Z 
2026-10-03T11:40:51.6396745Z 
2026-10-03T11:40:51.6396957Z early-init: opened /dev/klog (kernel.log_open=1; console quiet)
2026-10-03T11:40:51.6397222Z 
2026-10-03T11:40:51.6397227Z 
2026-10-03T11:40:51.6397377Z NextBSD/amd64 (selftest) (console)
2026-10-03T11:40:51.6397597Z 
2026-10-03T11:40:51.6397616Z 
2026-10-03T11:40:51.6398531Z 
2026-10-03T11:40:51.6399131Z OK: BOOT-BANNER-OK — getty shows the synthesized hostname 'selftest'
2026-10-03T11:40:51.9398963Z login:
2026-10-03T11:40:51.9399621Z 
2026-10-03T11:40:51.9399687Z 
2026-10-03T11:40:51.9399694Z 
2026-10-03T11:40:51.9399862Z OK: boot reached the login prompt
2026-10-03T11:40:51.9400420Z admin
2026-10-03T11:40:51.9402177Z Password:
2026-10-03T11:40:51.9402776Z 
2026-10-03T11:40:51.9402868Z 
2026-10-03T11:40:51.9402916Z 
2026-10-03T11:40:51.9403508Z admin@selftest ~ % 
2026-10-03T11:40:51.9404227Z OK: logged in as admin
2026-10-03T11:40:51.9409290Z ==> running on-image suite: /usr/tests/freebsd-launchd-mach/run.sh
2026-10-03T11:40:51.9417738Z r() { if [ "$(id -u)" = 0 ]; then "$@"; else sudo "$@"; fi; }
2026-10-03T11:40:51.9418704Z admin@selftest ~ % r /usr/tests/freebsd-launchd-mach/run.sh
2026-10-03T11:40:51.9419391Z ACCT-HELPERS-OK
2026-10-03T11:40:51.9419649Z 
2026-10-03T11:40:51.9419657Z 
2026-10-03T11:40:51.9419839Z ACCT-LIFECYCLE-OK
2026-10-03T11:40:51.9420068Z 
2026-10-03T11:40:51.9420073Z 
2026-10-03T11:40:51.9420235Z ASLMANAGER-DEMAND-SKIP
2026-10-03T11:40:51.9421102Z 
2026-10-03T11:40:51.9421107Z 
2026-10-03T11:40:51.9421303Z BOOT-BANNER-SKIP
2026-10-03T11:40:51.9421528Z 
2026-10-03T11:40:51.9421533Z 
2026-10-03T11:40:51.9421699Z BOOTSTRAP-OK
2026-10-03T11:40:51.9421911Z 
2026-10-03T11:40:51.9421917Z 
2026-10-03T11:40:51.9422094Z BOOTSTRAP-REMOTE-OK
2026-10-03T11:40:51.9422364Z 
2026-10-03T11:40:51.9422369Z 
2026-10-03T11:40:51.9422507Z BUSYSTATE-OK
2026-10-03T11:40:51.9422734Z 
2026-10-03T11:40:51.9422739Z 
2026-10-03T11:40:51.9422901Z CONFIGD-LIST-OK
2026-10-03T11:40:51.9423389Z 
2026-10-03T11:40:51.9423393Z 
2026-10-03T11:40:51.9423591Z CONFIGD-MULTI-OK
2026-10-03T11:40:51.9423992Z 
2026-10-03T11:40:51.9423998Z 
2026-10-03T11:40:51.9424197Z CONFIGD-NOTIFY-OK
2026-10-03T11:40:51.9424617Z 
2026-10-03T11:40:51.9424622Z 
2026-10-03T11:40:51.9424793Z CONFIGD-PATTERN-OK
2026-10-03T11:40:51.9425077Z 
2026-10-03T11:40:51.9425080Z 
2026-10-03T11:40:51.9425236Z CONFIGD-STORE-OK
2026-10-03T11:40:51.9425462Z 
2026-10-03T11:40:51.9425467Z 
2026-10-03T11:40:51.9425709Z COREFOUNDATION-OK
2026-10-03T11:40:51.9425916Z 
2026-10-03T11:40:51.9425920Z 
2026-10-03T11:40:51.9426098Z DA-BOOT-OK
2026-10-03T11:40:51.9426310Z 
2026-10-03T11:40:51.9426314Z 
2026-10-03T11:40:51.9426540Z DA-IOKIT-OK
2026-10-03T11:40:51.9426707Z 
2026-10-03T11:40:51.9426755Z 
2026-10-03T11:40:51.9426886Z DAEMON-STATE-OK
2026-10-03T11:40:51.9427111Z 
2026-10-03T11:40:51.9427116Z 
2026-10-03T11:40:51.9427217Z DOMAIN-DIRS-OK
2026-10-03T11:40:51.9427458Z 
2026-10-03T11:40:51.9427462Z 
2026-10-03T11:40:51.9427593Z EVFILT-MACHPORT-SKIP
2026-10-03T11:40:51.9427838Z 
2026-10-03T11:40:51.9427843Z 
2026-10-03T11:40:51.9428085Z EVFILT-MACHPORT-CONCURRENT-OK
2026-10-03T11:40:51.9428313Z 
2026-10-03T11:40:51.9428317Z 
2026-10-03T11:40:51.9428577Z FBSDGLUE-OK
2026-10-03T11:40:51.9428793Z 
2026-10-03T11:40:51.9428796Z 
2026-10-03T11:40:51.9428946Z FILECMD-LEAF-OK
2026-10-03T11:40:51.9429117Z 
2026-10-03T11:40:51.9429260Z 
2026-10-03T11:40:51.9429345Z GETTY-OK
2026-10-03T11:40:51.9429536Z 
2026-10-03T11:40:51.9429539Z 
2026-10-03T11:40:51.9429638Z HOMEDIR-OK
2026-10-03T11:40:51.9429822Z 
2026-10-03T11:40:51.9429825Z 
2026-10-03T11:40:51.9429928Z HOST-BOOTSTRAP-OK
2026-10-03T11:40:51.9430084Z 
2026-10-03T11:40:51.9430087Z 
2026-10-03T11:40:51.9430242Z HOSTNAMED-OK
2026-10-03T11:40:51.9430363Z 
2026-10-03T11:40:51.9430366Z 
2026-10-03T11:40:51.9430522Z HOSTNAMED-BONJOUR-RENAME-SKIP
2026-10-03T11:40:51.9430690Z 
2026-10-03T11:40:51.9430693Z 
2026-10-03T11:40:51.9430813Z HOSTNAMED-DHCP-OK
2026-10-03T11:40:51.9431064Z 
2026-10-03T11:40:51.9431076Z 
2026-10-03T11:40:51.9431211Z HOSTNAMED-MDNS-SKIP
2026-10-03T11:40:51.9431455Z 
2026-10-03T11:40:51.9431460Z 
2026-10-03T11:40:51.9431593Z HOSTNAMED-PREFS-OK
2026-10-03T11:40:51.9431794Z 
2026-10-03T11:40:51.9431798Z 
2026-10-03T11:40:51.9432301Z IPCFG-ARP-OK
2026-10-03T11:40:51.9432474Z 
2026-10-03T11:40:51.9432478Z 
2026-10-03T11:40:51.9432634Z IPCFG-BOOT-OK
2026-10-03T11:40:51.9432805Z 
2026-10-03T11:40:51.9432809Z 
2026-10-03T11:40:51.9432962Z IPCFG-BOUND-OK
2026-10-03T11:40:51.9433210Z 
2026-10-03T11:40:51.9433214Z 
2026-10-03T11:40:51.9433351Z IPCFG-DHCP-OK
2026-10-03T11:40:51.9433594Z 
2026-10-03T11:40:51.9433599Z 
2026-10-03T11:40:51.9433845Z IPCFG-IPCONFIG-OK
2026-10-03T11:40:51.9434067Z 
2026-10-03T11:40:51.9434071Z 
2026-10-03T11:40:51.9434207Z IPCFG-RA-OK
2026-10-03T11:40:51.9434414Z 
2026-10-03T11:40:51.9434419Z 
2026-10-03T11:40:51.9434604Z IPCFG-RENEW-OK
2026-10-03T11:40:51.9434736Z 
2026-10-03T11:40:51.9434739Z 
2026-10-03T11:40:51.9434857Z IPCFG-RPC-OK
2026-10-03T11:40:51.9435007Z 
2026-10-03T11:40:51.9435019Z 
2026-10-03T11:40:51.9435159Z IPCFG-STORE-OK
2026-10-03T11:40:51.9435338Z 
2026-10-03T11:40:51.9435342Z 
2026-10-03T11:40:51.9435438Z KEM-LINK-OK
2026-10-03T11:40:51.9435578Z 
2026-10-03T11:40:51.9435581Z 
2026-10-03T11:40:51.9435700Z LAUNCHCTL-BUILD-OK
2026-10-03T11:40:51.9435958Z 
2026-10-03T11:40:51.9435963Z 
2026-10-03T11:40:51.9436141Z LAUNCHCTL-LIST-OK
2026-10-03T11:40:51.9436318Z 
2026-10-03T11:40:51.9436323Z 
2026-10-03T11:40:51.9436473Z LAUNCHD-BUILD-OK
2026-10-03T11:40:51.9436672Z 
2026-10-03T11:40:51.9436676Z 
2026-10-03T11:40:51.9436878Z LIBDISPATCH-OK
2026-10-03T11:40:51.9437043Z 
2026-10-03T11:40:51.9437047Z 
2026-10-03T11:40:51.9437210Z LIBDISPATCH-MACH-OK
2026-10-03T11:40:51.9437412Z 
2026-10-03T11:40:51.9437415Z 
2026-10-03T11:40:51.9437555Z LIBDS-OK
2026-10-03T11:40:51.9437749Z 
2026-10-03T11:40:51.9437753Z 
2026-10-03T11:40:51.9437894Z LIBSYSTEM-KERNEL-OK
2026-10-03T11:40:51.9438131Z 
2026-10-03T11:40:51.9438136Z 
2026-10-03T11:40:51.9438294Z LIBXPC-OK
2026-10-03T11:40:51.9438637Z 
2026-10-03T11:40:51.9438642Z 
2026-10-03T11:40:51.9438861Z LINUX-MOUNTS-OK
2026-10-03T11:40:51.9439036Z 
2026-10-03T11:40:51.9439040Z 
2026-10-03T11:40:51.9439210Z MACH-PORT-OK
2026-10-03T11:40:51.9439378Z 
2026-10-03T11:40:51.9439409Z 
2026-10-03T11:40:51.9439564Z MACH-SMOKE-OK
2026-10-03T11:40:51.9439783Z 
2026-10-03T11:40:51.9439788Z 
2026-10-03T11:40:51.9439917Z MDNS-BOOT-OK
2026-10-03T11:40:51.9440140Z 
2026-10-03T11:40:51.9440145Z 
2026-10-03T11:40:51.9440281Z MDNS-DNSSD-OK
2026-10-03T11:40:51.9440508Z 
2026-10-03T11:40:51.9440512Z 
2026-10-03T11:40:51.9440735Z MDNS-ENGINE-OK
2026-10-03T11:40:51.9440911Z 
2026-10-03T11:40:51.9440916Z 
2026-10-03T11:40:51.9441092Z MDNS-IFWATCH-OK
2026-10-03T11:40:51.9441273Z 
2026-10-03T11:40:51.9441278Z 
2026-10-03T11:40:51.9441469Z MDNS-STATIC-OK
2026-10-03T11:40:51.9441706Z 
2026-10-03T11:40:51.9441710Z 
2026-10-03T11:40:51.9441838Z MIG-BUILD-OK
2026-10-03T11:40:51.9442046Z 
2026-10-03T11:40:51.9442051Z 
2026-10-03T11:40:51.9442172Z NFS-OK
2026-10-03T11:40:51.9442430Z 
2026-10-03T11:40:51.9442435Z 
2026-10-03T11:40:51.9442587Z NOTIFYD-PROC-OK
2026-10-03T11:40:51.9442806Z 
2026-10-03T11:40:51.9442811Z 
2026-10-03T11:40:51.9442982Z NSS-DS-OK
2026-10-03T11:40:51.9443143Z 
2026-10-03T11:40:51.9443147Z 
2026-10-03T11:40:51.9443305Z NTP-OK
2026-10-03T11:40:51.9443465Z 
2026-10-03T11:40:51.9443470Z 
2026-10-03T11:40:51.9443915Z SC-BOND-OK
2026-10-03T11:40:51.9444116Z 
2026-10-03T11:40:51.9444120Z 
2026-10-03T11:40:51.9444290Z SC-BRIDGE-OK
2026-10-03T11:40:51.9444468Z 
2026-10-03T11:40:51.9444471Z 
2026-10-03T11:40:51.9444573Z SC-LOCK-OK
2026-10-03T11:40:51.9444721Z 
2026-10-03T11:40:51.9444724Z 
2026-10-03T11:40:51.9444849Z SC-MULTI-OK
2026-10-03T11:40:51.9444961Z 
2026-10-03T11:40:51.9444963Z 
2026-10-03T11:40:51.9445085Z SC-NETIF-OK
2026-10-03T11:40:51.9445207Z 
2026-10-03T11:40:51.9445210Z 
2026-10-03T11:40:51.9445334Z SC-NETSET-OK
2026-10-03T11:40:51.9445450Z 
2026-10-03T11:40:51.9445453Z 
2026-10-03T11:40:51.9445593Z SC-NETSVC-OK
2026-10-03T11:40:51.9445742Z 
2026-10-03T11:40:51.9445745Z 
2026-10-03T11:40:51.9445847Z SC-NOTIFY-OK
2026-10-03T11:40:51.9445989Z 
2026-10-03T11:40:51.9445992Z 
2026-10-03T11:40:51.9446686Z SC-PATH-OK
2026-10-03T11:40:51.9446896Z 
2026-10-03T11:40:51.9446900Z 
2026-10-03T11:40:51.9447059Z SC-PLINK-OK
2026-10-03T11:40:51.9447221Z 
2026-10-03T11:40:51.9447225Z 
2026-10-03T11:40:51.9447384Z SC-PNOTIFY-OK
2026-10-03T11:40:51.9447542Z 
2026-10-03T11:40:51.9447546Z 
2026-10-03T11:40:51.9447724Z SC-PREFS-OK
2026-10-03T11:40:51.9447907Z 
2026-10-03T11:40:51.9447911Z 
2026-10-03T11:40:51.9448038Z SC-RUNLOOP-OK
2026-10-03T11:40:51.9448220Z 
2026-10-03T11:40:51.9448224Z 
2026-10-03T11:40:51.9448329Z SC-STORE-OK
2026-10-03T11:40:51.9448517Z 
2026-10-03T11:40:51.9448521Z 
2026-10-03T11:40:51.9448619Z SC-VLAN-OK
2026-10-03T11:40:51.9448841Z 
2026-10-03T11:40:51.9448845Z 
2026-10-03T11:40:51.9449013Z SERVICE-LDCONFIG-OK
2026-10-03T11:40:51.9449198Z 
2026-10-03T11:40:51.9449203Z 
2026-10-03T11:40:51.9449392Z SHELLCMD-LEAF-OK
2026-10-03T11:40:51.9449551Z 
2026-10-03T11:40:51.9449555Z 
2026-10-03T11:40:51.9449738Z SUDO-OK
2026-10-03T11:40:51.9449921Z 
2026-10-03T11:40:51.9449925Z 
2026-10-03T11:40:51.9450044Z SYSCMD-LEAF-OK
2026-10-03T11:40:51.9450244Z 
2026-10-03T11:40:51.9450248Z 
2026-10-03T11:40:51.9450349Z SYSLOG-RUN-OK
2026-10-03T11:40:51.9450584Z 
2026-10-03T11:40:51.9450588Z 
2026-10-03T11:40:51.9450726Z SYSLOGD-PROC-OK
2026-10-03T11:40:51.9450975Z 
2026-10-03T11:40:51.9450979Z 
2026-10-03T11:40:51.9451150Z TASK-SPECIAL-PORT-OK
2026-10-03T11:40:51.9451350Z 
2026-10-03T11:40:51.9451354Z 
2026-10-03T11:40:51.9451555Z TEXTCMD-LEAF-OK
2026-10-03T11:40:51.9451720Z 
2026-10-03T11:40:51.9451724Z 
2026-10-03T11:40:51.9451885Z WAITQUIET-OK
2026-10-03T11:40:51.9452087Z 
2026-10-03T11:40:51.9452092Z 
2026-10-03T11:40:51.9452198Z WEDGE-CHECK-SKIP
2026-10-03T11:40:51.9452428Z 
2026-10-03T11:40:51.9452431Z 
2026-10-03T11:40:51.9452660Z ADVCMD-LEAF-OK
2026-10-03T11:40:51.9452848Z 
2026-10-03T11:40:51.9452895Z 
2026-10-03T11:40:51.9453060Z NEXTBSD-TEST-SUMMARY ok=80 fail=0 skip=6
2026-10-03T11:40:51.9453545Z 
2026-10-03T11:40:51.9453549Z 
2026-10-03T11:40:51.9453876Z admin@selftest ~ % 
2026-10-03T11:40:51.9454440Z OK: /usr/tests/freebsd-launchd-mach/run.sh: NEXTBSD-TEST-SUMMARY ok=80 fail=0 skip=6
2026-10-03T11:40:51.9454881Z 
2026-10-03T11:40:51.9456506Z DBG: transcript 2429 bytes; tail: <NL><NL>SC-RUNLOOP-OK<NL><NL><NL>SC-STORE-OK<NL><NL><NL>SC-VLAN-OK<NL><NL><NL>SERVICE-LDCONFIG-OK<NL><NL><NL>SHELLCMD-LEAF-OK<NL><NL><NL>SUDO-OK<NL><NL><NL>SYSCMD-LEAF-OK<NL><NL><NL>SYSLOG-RUN-OK<NL><NL><NL>SYSLOGD-PROC-OK<NL><NL><NL>TASK-SPECIAL-PORT-OK<NL><NL><NL>TEXTCMD-LEAF-OK<NL><NL><NL>WAITQUIET-OK<NL><NL><NL>WEDGE-CHECK-SKIP<NL><NL><NL>ADVCMD-LEAF-OK<NL><NL><NL>NEXTBSD-TEST-SUMMARY ok=80 fail=0 skip=6<NL><NL><NL>admin@selftest ~ % 
2026-10-03T11:40:51.9458125Z 
2026-10-03T11:40:51.9458234Z DBG: markers recorded: 0
2026-10-03T11:40:51.9458413Z 
2026-10-03T11:40:51.9458557Z DBG-MARK: <ACCT-HELPERS> at OK/SKIP/FAIL = 905/-1/-1
2026-10-03T11:40:51.9458799Z 
2026-10-03T11:40:51.9458958Z DBG-MARK: <ACCT-LIFECYCLE> at OK/SKIP/FAIL = 923/-1/-1
2026-10-03T11:40:51.9459187Z 
2026-10-03T11:40:51.9459347Z DBG-MARK: <ADVCMD-LEAF> at OK/SKIP/FAIL = 2350/-1/-1
2026-10-03T11:40:51.9459536Z 
2026-10-03T11:40:51.9459773Z DBG-MARK: <ASLMANAGER-DEMAND> at OK/SKIP/FAIL = -1/943/-1
2026-10-03T11:40:51.9460087Z 
2026-10-03T11:40:51.9460470Z DBG-MARK: <BOOT-BANNER> at OK/SKIP/FAIL = -1/968/-1
2026-10-03T11:40:51.9460778Z 
2026-10-03T11:40:51.9461070Z DBG-MARK: <BOOTSTRAP> at OK/SKIP/FAIL = 987/-1/-1
2026-10-03T11:40:51.9461299Z 
2026-10-03T11:40:51.9461454Z DBG-MARK: <BOOTSTRAP-REMOTE> at OK/SKIP/FAIL = 1002/-1/-1
2026-10-03T11:40:51.9461691Z 
2026-10-03T11:40:51.9461815Z DBG-MARK: <BUSYSTATE> at OK/SKIP/FAIL = 1024/-1/-1
2026-10-03T11:40:51.9462036Z 
2026-10-03T11:40:51.9462744Z FAIL: ADVCMD-LEAF — must-pass marker never emitted (suite did not reach it, or the image predates the capability; overlay to warn if that is expected)
2026-10-03T11:40:51.9463211Z 
2026-10-03T11:40:51.9463836Z FAIL: BOOTSTRAP — must-pass marker never emitted (suite did not reach it, or the image predates the capability; overlay to warn if that is expected)
2026-10-03T11:40:51.9464329Z 
2026-10-03T11:40:51.9464803Z FAIL: BOOTSTRAP-REMOTE — must-pass marker never emitted (suite did not reach it, or the image predates the capability; overlay to warn if that is expected)
2026-10-03T11:40:51.9465281Z 
2026-10-03T11:40:51.9465723Z FAIL: BUSYSTATE — must-pass marker never emitted (suite did not reach it, or the image predates the capability; overlay to warn if that is expected)
2026-10-03T11:40:51.9466164Z 
2026-10-03T11:40:51.9466633Z FAIL: CONFIGD-LIST — must-pass marker never emitted (suite did not reach it, or the image predates the capability; overlay to warn if that is expected)
2026-10-03T11:40:51.9467069Z 
2026-10-03T11:40:51.9467569Z FAIL: CONFIGD-MULTI — must-pass marker never emitted (suite did not reach it, or the image predates the capability; overlay to warn if that is expected)
2026-10-03T11:40:51.9468004Z 
2026-10-03T11:40:51.9468487Z FAIL: CONFIGD-NOTIFY — must-pass marker never emitted (suite did not reach it, or the image predates the capability; overlay to warn if that is expected)
2026-10-03T11:40:51.9469043Z 
2026-10-03T11:40:51.9469605Z FAIL: CONFIGD-PATTERN — must-pass marker never emitted (suite did not reach it, or the image predates the capability; overlay to warn if that is expected)
2026-10-03T11:40:51.9470376Z 
2026-10-03T11:40:51.9470861Z FAIL: CONFIGD-STORE — must-pass marker never emitted (suite did not reach it, or the image predates the capability; overlay to warn if that is expected)
2026-10-03T11:40:51.9471278Z 
2026-10-03T11:40:51.9471753Z FAIL: COREFOUNDATION — must-pass marker never emitted (suite did not reach it, or the image predates the capability; overlay to warn if that is expected)
2026-10-03T11:40:51.9472171Z 
2026-10-03T11:40:51.9472643Z FAIL: DA-BOOT — must-pass marker never emitted (suite did not reach it, or the image predates the capability; overlay to warn if that is expected)
2026-10-03T11:40:51.9473293Z 
2026-10-03T11:40:51.9474018Z FAIL: DOMAIN-DIRS — must-pass marker never emitted (suite did not reach it, or the image predates the capability; overlay to warn if that is expected)
2026-10-03T11:40:51.9474599Z 
2026-10-03T11:40:51.9475051Z FAIL: FBSDGLUE — must-pass marker never emitted (suite did not reach it, or the image predates the capability; overlay to warn if that is expected)
2026-10-03T11:40:51.9475499Z 
2026-10-03T11:40:51.9475982Z FAIL: FILECMD-LEAF — must-pass marker never emitted (suite did not reach it, or the image predates the capability; overlay to warn if that is expected)
2026-10-03T11:40:51.9476396Z 
2026-10-03T11:40:51.9476899Z FAIL: HOST-BOOTSTRAP — must-pass marker never emitted (suite did not reach it, or the image predates the capability; overlay to warn if that is expected)
2026-10-03T11:40:51.9477343Z 
2026-10-03T11:40:51.9477781Z FAIL: HOSTNAMED — must-pass marker never emitted (suite did not reach it, or the image predates the capability; overlay to warn if that is expected)
2026-10-03T11:40:51.9478246Z 
2026-10-03T11:40:51.9478683Z FAIL: HOSTNAMED-DHCP — must-pass marker never emitted (suite did not reach it, or the image predates the capability; overlay to warn if that is expected)
2026-10-03T11:40:51.9479139Z 
2026-10-03T11:40:51.9479684Z FAIL: HOSTNAMED-PREFS — must-pass marker never emitted (suite did not reach it, or the image predates the capability; overlay to warn if that is expected)
2026-10-03T11:40:51.9480137Z 
2026-10-03T11:40:51.9480609Z FAIL: IPCFG-ARP — must-pass marker never emitted (suite did not reach it, or the image predates the capability; overlay to warn if that is expected)
2026-10-03T11:40:51.9481022Z 
2026-10-03T11:40:51.9481506Z FAIL: IPCFG-BOOT — must-pass marker never emitted (suite did not reach it, or the image predates the capability; overlay to warn if that is expected)
2026-10-03T11:40:51.9481930Z 
2026-10-03T11:40:51.9482375Z FAIL: IPCFG-BOUND — must-pass marker never emitted (suite did not reach it, or the image predates the capability; overlay to warn if that is expected)
2026-10-03T11:40:51.9482838Z 
2026-10-03T11:40:51.9483515Z FAIL: IPCFG-DHCP — must-pass marker never emitted (suite did not reach it, or the image predates the capability; overlay to warn if that is expected)
2026-10-03T11:40:51.9484274Z 
2026-10-03T11:40:51.9484813Z FAIL: IPCFG-IPCONFIG — must-pass marker never emitted (suite did not reach it, or the image predates the capability; overlay to warn if that is expected)
2026-10-03T11:40:51.9485310Z 
2026-10-03T11:40:51.9485822Z FAIL: IPCFG-RA — must-pass marker never emitted (suite did not reach it, or the image predates the capability; overlay to warn if that is expected)
2026-10-03T11:40:51.9486420Z 
2026-10-03T11:40:51.9487096Z FAIL: IPCFG-RENEW — must-pass marker never emitted (suite did not reach it, or the image predates the capability; overlay to warn if that is expected)
2026-10-03T11:40:51.9487721Z 
2026-10-03T11:40:51.9488198Z FAIL: IPCFG-RPC — must-pass marker never emitted (suite did not reach it, or the image predates the capability; overlay to warn if that is expected)
2026-10-03T11:40:51.9488706Z 
2026-10-03T11:40:51.9489203Z FAIL: IPCFG-STORE — must-pass marker never emitted (suite did not reach it, or the image predates the capability; overlay to warn if that is expected)
2026-10-03T11:40:51.9489654Z 
2026-10-03T11:40:51.9490131Z FAIL: KEM-LINK — must-pass marker never emitted (suite did not reach it, or the image predates the capability; overlay to warn if that is expected)
2026-10-03T11:40:51.9490638Z 
2026-10-03T11:40:51.9491121Z FAIL: LAUNCHCTL-BUILD — must-pass marker never emitted (suite did not reach it, or the image predates the capability; overlay to warn if that is expected)
2026-10-03T11:40:51.9491658Z 
2026-10-03T11:40:51.9492152Z FAIL: LAUNCHCTL-LIST — must-pass marker never emitted (suite did not reach it, or the image predates the capability; overlay to warn if that is expected)
2026-10-03T11:40:51.9492644Z 
2026-10-03T11:40:51.9493197Z FAIL: LAUNCHD-BUILD — must-pass marker never emitted (suite did not reach it, or the image predates the capability; overlay to warn if that is expected)
2026-10-03T11:40:51.9493922Z 
2026-10-03T11:40:51.9494459Z FAIL: LIBDISPATCH — must-pass marker never emitted (suite did not reach it, or the image predates the capability; overlay to warn if that is expected)
2026-10-03T11:40:51.9494965Z 
2026-10-03T11:40:51.9495568Z FAIL: LIBDISPATCH-MACH — must-pass marker never emitted (suite did not reach it, or the image predates the capability; overlay to warn if that is expected)
2026-10-03T11:40:51.9496218Z 
2026-10-03T11:40:51.9496995Z FAIL: LIBSYSTEM-KERNEL — must-pass marker never emitted (suite did not reach it, or the image predates the capability; overlay to warn if that is expected)
2026-10-03T11:40:51.9497497Z 
2026-10-03T11:40:51.9498071Z FAIL: LIBXPC — must-pass marker never emitted (suite did not reach it, or the image predates the capability; overlay to warn if that is expected)
2026-10-03T11:40:51.9498704Z 
2026-10-03T11:40:51.9499300Z FAIL: LINUX-MOUNTS — must-pass marker never emitted (suite did not reach it, or the image predates the capability; overlay to warn if that is expected)
2026-10-03T11:40:51.9499901Z 
2026-10-03T11:40:51.9500492Z FAIL: MACH-PORT — must-pass marker never emitted (suite did not reach it, or the image predates the capability; overlay to warn if that is expected)
2026-10-03T11:40:51.9500930Z 
2026-10-03T11:40:51.9501433Z FAIL: MACH-SMOKE — must-pass marker never emitted (suite did not reach it, or the image predates the capability; overlay to warn if that is expected)
2026-10-03T11:40:51.9501931Z 
2026-10-03T11:40:51.9502383Z FAIL: MDNS-BOOT — must-pass marker never emitted (suite did not reach it, or the image predates the capability; overlay to warn if that is expected)
2026-10-03T11:40:51.9502789Z 
2026-10-03T11:40:51.9503250Z FAIL: MDNS-DNSSD — must-pass marker never emitted (suite did not reach it, or the image predates the capability; overlay to warn if that is expected)
2026-10-03T11:40:51.9503649Z 
2026-10-03T11:40:51.9504429Z FAIL: MDNS-ENGINE — must-pass marker never emitted (suite did not reach it, or the image predates the capability; overlay to warn if that is expected)
2026-10-03T11:40:51.9504909Z 
2026-10-03T11:40:51.9505390Z FAIL: MDNS-IFWATCH — must-pass marker never emitted (suite did not reach it, or the image predates the capability; overlay to warn if that is expected)
2026-10-03T11:40:51.9505885Z 
2026-10-03T11:40:51.9506332Z FAIL: MIG-BUILD — must-pass marker never emitted (suite did not reach it, or the image predates the capability; overlay to warn if that is expected)
2026-10-03T11:40:51.9506857Z 
2026-10-03T11:40:51.9507365Z FAIL: NOTIFYD-PROC — must-pass marker never emitted (suite did not reach it, or the image predates the capability; overlay to warn if that is expected)
2026-10-03T11:40:51.9507820Z 
2026-10-03T11:40:51.9508313Z FAIL: SC-BOND — must-pass marker never emitted (suite did not reach it, or the image predates the capability; overlay to warn if that is expected)
2026-10-03T11:40:51.9508786Z 
2026-10-03T11:40:51.9509261Z FAIL: SC-BRIDGE — must-pass marker never emitted (suite did not reach it, or the image predates the capability; overlay to warn if that is expected)
2026-10-03T11:40:51.9510381Z 
2026-10-03T11:40:51.9510845Z FAIL: SC-LOCK — must-pass marker never emitted (suite did not reach it, or the image predates the capability; overlay to warn if that is expected)
2026-10-03T11:40:51.9511303Z 
2026-10-03T11:40:51.9511815Z FAIL: SC-MULTI — must-pass marker never emitted (suite did not reach it, or the image predates the capability; overlay to warn if that is expected)
2026-10-03T11:40:51.9512271Z 
2026-10-03T11:40:51.9512759Z FAIL: SC-NETIF — must-pass marker never emitted (suite did not reach it, or the image predates the capability; overlay to warn if that is expected)
2026-10-03T11:40:51.9513200Z 
2026-10-03T11:40:51.9513946Z FAIL: SC-NETSET — must-pass marker never emitted (suite did not reach it, or the image predates the capability; overlay to warn if that is expected)
2026-10-03T11:40:51.9514560Z 
2026-10-03T11:40:51.9515038Z FAIL: SC-NETSVC — must-pass marker never emitted (suite did not reach it, or the image predates the capability; overlay to warn if that is expected)
2026-10-03T11:40:51.9515522Z 
2026-10-03T11:40:51.9516047Z FAIL: SC-NOTIFY — must-pass marker never emitted (suite did not reach it, or the image predates the capability; overlay to warn if that is expected)
2026-10-03T11:40:51.9516482Z 
2026-10-03T11:40:51.9516973Z FAIL: SC-PATH — must-pass marker never emitted (suite did not reach it, or the image predates the capability; overlay to warn if that is expected)
2026-10-03T11:40:51.9517419Z 
2026-10-03T11:40:51.9517909Z FAIL: SC-PLINK — must-pass marker never emitted (suite did not reach it, or the image predates the capability; overlay to warn if that is expected)
2026-10-03T11:40:51.9518372Z 
2026-10-03T11:40:51.9518835Z FAIL: SC-PNOTIFY — must-pass marker never emitted (suite did not reach it, or the image predates the capability; overlay to warn if that is expected)
2026-10-03T11:40:51.9519318Z 
2026-10-03T11:40:51.9519781Z FAIL: SC-PREFS — must-pass marker never emitted (suite did not reach it, or the image predates the capability; overlay to warn if that is expected)
2026-10-03T11:40:51.9520254Z 
2026-10-03T11:40:51.9520849Z FAIL: SC-RUNLOOP — must-pass marker never emitted (suite did not reach it, or the image predates the capability; overlay to warn if that is expected)
2026-10-03T11:40:51.9521294Z 
2026-10-03T11:40:51.9521782Z FAIL: SC-STORE — must-pass marker never emitted (suite did not reach it, or the image predates the capability; overlay to warn if that is expected)
2026-10-03T11:40:51.9522266Z 
2026-10-03T11:40:51.9522718Z FAIL: SC-VLAN — must-pass marker never emitted (suite did not reach it, or the image predates the capability; overlay to warn if that is expected)
2026-10-03T11:40:51.9523183Z 
2026-10-03T11:40:51.9523794Z FAIL: SERVICE-LDCONFIG — must-pass marker never emitted (suite did not reach it, or the image predates the capability; overlay to warn if that is expected)
2026-10-03T11:40:51.9524622Z 
2026-10-03T11:40:51.9525403Z FAIL: SHELLCMD-LEAF — must-pass marker never emitted (suite did not reach it, or the image predates the capability; overlay to warn if that is expected)
2026-10-03T11:40:51.9526154Z 
2026-10-03T11:40:51.9526913Z FAIL: SYSCMD-LEAF — must-pass marker never emitted (suite did not reach it, or the image predates the capability; overlay to warn if that is expected)
2026-10-03T11:40:51.9527631Z 
2026-10-03T11:40:51.9528535Z FAIL: SYSLOG-RUN — must-pass marker never emitted (suite did not reach it, or the image predates the capability; overlay to warn if that is expected)
2026-10-03T11:40:51.9529325Z 
2026-10-03T11:40:51.9530057Z FAIL: SYSLOGD-PROC — must-pass marker never emitted (suite did not reach it, or the image predates the capability; overlay to warn if that is expected)
2026-10-03T11:40:51.9530792Z 
2026-10-03T11:40:51.9531705Z FAIL: TASK-SPECIAL-PORT — must-pass marker never emitted (suite did not reach it, or the image predates the capability; overlay to warn if that is expected)
2026-10-03T11:40:51.9532521Z 
2026-10-03T11:40:51.9533213Z FAIL: TEXTCMD-LEAF — must-pass marker never emitted (suite did not reach it, or the image predates the capability; overlay to warn if that is expected)
2026-10-03T11:40:51.9534074Z 
2026-10-03T11:40:51.9534800Z FAIL: WAITQUIET — must-pass marker never emitted (suite did not reach it, or the image predates the capability; overlay to warn if that is expected)
2026-10-03T11:40:51.9535555Z 
2026-10-03T11:40:51.9535826Z FAIL: 67 must-pass marker(s) missing from the suite output
2026-10-03T11:40:51.9536543Z NEXTBSD-TEST-SUMMARY ok=80 fail=0 skip=6
2026-10-03T11:40:51.9537015Z ==> boot-test FAILED rc=1 (arch=amd64 suite=/usr/tests/freebsd-launchd-mach/run.sh)
2026-10-03T11:40:51.9537623Z     serial transcript: tests/boot.log
2026-10-03T11:40:51.9538067Z SELFTEST OK:   case reboot (rc=1)
2026-10-03T11:40:51.9538972Z ==> case: two-suite (suite: /usr/tests/freebsd-launchd-mach/run.sh /usr/tests/nextbsd-iokit/run.sh) — expect rc 0
2026-10-03T11:40:51.9539935Z ==> boot test: tests/fake.img
2026-10-03T11:40:51.9540428Z -rw-r--r-- 1 runner runner 0 Oct  3 11:39 tests/fake.img
2026-10-03T11:40:51.9592631Z ==> using KVM acceleration
2026-10-03T11:40:51.9593095Z ==> amd64: qemu-system-x86_64 -machine q35 | firmware 
2026-10-03T11:40:51.9708573Z === DBG: arm structure of tests/boot.exp
2026-10-03T11:40:51.9722513Z 122:    expect {
2026-10-03T11:40:51.9723288Z 123:        timeout { puts "\nFAIL: didn't see the loader autoboot prompt within ${secs}s"; exit 1 }
2026-10-03T11:40:51.9724400Z 124:        -re $re_hit_enter  { send " " }
2026-10-03T11:40:51.9724875Z 126:        -re $re_efi_banner { send " " }
2026-10-03T11:40:51.9725446Z 130:    expect {
2026-10-03T11:40:51.9725875Z 131:        timeout { puts "\nFAIL: didn't reach the loader OK prompt within 30s"; exit 1 }
2026-10-03T11:40:51.9726295Z 149:    expect {
2026-10-03T11:40:51.9726705Z 150:        timeout { puts "\nFAIL: no OK prompt after '$cmd' within 20s"; exit 1 }
2026-10-03T11:40:51.9727326Z 167:        expect {
2026-10-03T11:40:51.9727784Z 172:            -re $re_boot_go {
2026-10-03T11:40:51.9728364Z 180:            timeout {
2026-10-03T11:40:51.9728891Z 261:expect {
2026-10-03T11:40:51.9729293Z 262:    timeout {
2026-10-03T11:40:51.9729829Z 266:    -re $re_panic {
2026-10-03T11:40:51.9730322Z 270:    -re $re_early_init {
2026-10-03T11:40:51.9731091Z 274:    -re $re_boot_banner {
2026-10-03T11:40:51.9731502Z 296:expect {
2026-10-03T11:40:51.9731896Z 297:    timeout {
2026-10-03T11:40:51.9732344Z 301:        expect {
2026-10-03T11:40:51.9732862Z 303:            timeout {
2026-10-03T11:40:51.9733551Z 307:            -re $re_panic {
2026-10-03T11:40:51.9734312Z 317:    -re $re_panic {
2026-10-03T11:40:51.9734757Z 322:    -re $re_session_msg {
2026-10-03T11:40:51.9735167Z 330:    expect {
2026-10-03T11:40:51.9735628Z 331:        timeout {
2026-10-03T11:40:51.9736203Z 338:            expect {
2026-10-03T11:40:51.9736570Z 339:                timeout {
2026-10-03T11:40:51.9737088Z 348:                -re $re_shell_prompt { puts "\nOK: at root shell prompt" }
2026-10-03T11:40:51.9737804Z 352:        -re $re_shell_prompt { puts "\nOK: logged in as admin" }
2026-10-03T11:40:51.9738249Z 361:    expect {
2026-10-03T11:40:51.9738611Z 362:        timeout {
2026-10-03T11:40:51.9738951Z 662:expect {
2026-10-03T11:40:51.9739275Z 663:    timeout {
2026-10-03T11:40:51.9739626Z 675:    -re $re_marker {
2026-10-03T11:40:51.9740023Z 710:    -re $re_summary {
2026-10-03T11:40:51.9740392Z 728:    -re {panic|Fatal trap|Fatal data abort} {
2026-10-03T11:40:51.9740799Z 732:    eof {
2026-10-03T11:40:51.9741132Z 764:expect {
2026-10-03T11:40:51.9741465Z 765:    timeout {
2026-10-03T11:40:51.9741826Z 777:    -re $re_marker {
2026-10-03T11:40:51.9742160Z 812:    -re $re_summary {
2026-10-03T11:40:51.9742564Z 830:    -re {panic|Fatal trap|Fatal data abort} {
2026-10-03T11:40:51.9742967Z 834:    eof {
2026-10-03T11:40:51.9743298Z 911:expect {
2026-10-03T11:40:51.9743644Z 912:    timeout {
2026-10-03T11:40:51.9744982Z 916:    -re {panic|Fatal trap|Fatal data abort} {
2026-10-03T11:40:51.9745446Z 921:    -re {[#%$] $} { puts "\nOK: shell alive after the suite" }
2026-10-03T11:40:51.9745800Z 953:expect {
2026-10-03T11:40:51.9746181Z 956:    -re {[#%$] $}     { }
2026-10-03T11:40:51.9746549Z 962:expect {
2026-10-03T11:40:51.9746924Z 963:    -re $re_shutdown_wait {
2026-10-03T11:40:51.9747298Z 967:    timeout {
2026-10-03T11:40:51.9747674Z 976:        expect { timeout {} eof {} "Uptime:" {} }
2026-10-03T11:40:51.9748094Z 981:    -re $re_reboot {
2026-10-03T11:40:51.9748493Z 987:    -re $re_poweroff {
2026-10-03T11:40:51.9748877Z 989:        expect {
2026-10-03T11:40:51.9749342Z 990:            timeout { puts "\nWARN: qemu did not exit after poweroff (informational)" }
2026-10-03T11:40:51.9749838Z 994:    eof {
2026-10-03T11:40:51.9750183Z === DBG: patterns set
2026-10-03T11:40:51.9750671Z 45:set re_summary {NEXTBSD-TEST-SUMMARY ok=([0-9]+) fail=([0-9]+) skip=([0-9]+)}
2026-10-03T11:40:51.9751239Z 53:set re_marker {[A-Z0-9][A-Z0-9-]*-(OK|SKIP|FAIL)(\r\n|\n)}
2026-10-03T11:40:51.9764686Z spawn tclsh /home/runner/work/nextbsd-ci/nextbsd-ci/selftest/mock-guest.tcl
2026-10-03T11:40:51.9804311Z FreeBSD/amd64 EFI loader, Revision 3.0
2026-10-03T11:40:51.9804638Z 
2026-10-03T11:40:51.9804677Z 
2026-10-03T11:40:51.9804801Z Loading /boot/loader.conf
2026-10-03T11:40:51.9805004Z 
2026-10-03T11:40:51.9805025Z 
2026-10-03T11:40:51.9805224Z Hit [Enter] to boot immediately, or any other key for command prompt.
2026-10-03T11:40:51.9805555Z 
2026-10-03T11:40:51.9805558Z 
2026-10-03T11:40:51.9805670Z OK 
2026-10-03T11:40:51.9805998Z ==> at loader prompt
2026-10-03T11:40:53.1639938Z  set console=comconsole
2026-10-03T11:40:53.1640413Z OK set console=comconsole
2026-10-03T11:40:53.1640651Z 
2026-10-03T11:40:53.1640656Z 
2026-10-03T11:40:54.2267377Z OK set boot_serial=YES
2026-10-03T11:40:54.2267855Z OK set boot_serial=YES
2026-10-03T11:40:54.2268048Z 
2026-10-03T11:40:54.2268054Z 
2026-10-03T11:40:55.6105058Z OK set comconsole_speed=115200
2026-10-03T11:40:55.6105727Z OK set comconsole_speed=115200
2026-10-03T11:40:55.6106036Z 
2026-10-03T11:40:55.6106042Z 
2026-10-03T11:40:56.7935578Z OK set boot_multicons=YES
2026-10-03T11:40:56.7936060Z OK set boot_multicons=YES
2026-10-03T11:40:56.7936291Z 
2026-10-03T11:40:56.7936296Z 
2026-10-03T11:40:57.8960930Z OK set boot_mutemsgs=NO
2026-10-03T11:40:57.8961771Z OK set boot_mutemsgs=NO
2026-10-03T11:40:57.8961925Z 
2026-10-03T11:40:57.8961930Z 
2026-10-03T11:40:58.4775592Z OK boot -v
2026-10-03T11:40:58.4776055Z Booting [/boot/kernel/kernel]
2026-10-03T11:40:58.4776637Z 
2026-10-03T11:40:58.4776642Z 
2026-10-03T11:40:58.4776776Z ---<<BOOT>>---
2026-10-03T11:40:58.4777007Z 
2026-10-03T11:40:58.4777013Z 
2026-10-03T11:40:58.4777334Z Copyright (c) 1992-2025 The FreeBSD Project.
2026-10-03T11:40:58.4777572Z 
2026-10-03T11:40:58.4777578Z 
2026-10-03T11:40:58.4777773Z early-init: sethostname('selftest')
2026-10-03T11:40:58.4777962Z 
2026-10-03T11:40:58.4777967Z 
2026-10-03T11:40:58.4778174Z early-init: opened /dev/klog (kernel.log_open=1; console quiet)
2026-10-03T11:40:58.4778467Z 
2026-10-03T11:40:58.4778472Z 
2026-10-03T11:40:58.4778610Z NextBSD/amd64 (selftest) (console)
2026-10-03T11:40:58.4778866Z 
2026-10-03T11:40:58.4778870Z 
2026-10-03T11:40:58.4779677Z 
2026-10-03T11:40:58.4780385Z OK: BOOT-BANNER-OK — getty shows the synthesized hostname 'selftest'
2026-10-03T11:40:58.7781177Z login:
2026-10-03T11:40:58.7781793Z 
2026-10-03T11:40:58.7781799Z 
2026-10-03T11:40:58.7781804Z 
2026-10-03T11:40:58.7782042Z OK: boot reached the login prompt
2026-10-03T11:40:58.7782504Z admin
2026-10-03T11:40:58.7782856Z Password:
2026-10-03T11:40:58.7783046Z 
2026-10-03T11:40:58.7783053Z 
2026-10-03T11:40:58.7783100Z 
2026-10-03T11:40:58.7783232Z admin@selftest ~ % 
2026-10-03T11:40:58.7783833Z OK: logged in as admin
2026-10-03T11:40:58.7788251Z ==> running on-image suite: /usr/tests/freebsd-launchd-mach/run.sh
2026-10-03T11:40:58.7797036Z r() { if [ "$(id -u)" = 0 ]; then "$@"; else sudo "$@"; fi; }
2026-10-03T11:40:58.7797760Z admin@selftest ~ % r /usr/tests/freebsd-launchd-mach/run.sh
2026-10-03T11:40:58.7798332Z ACCT-HELPERS-OK
2026-10-03T11:40:58.7798578Z 
2026-10-03T11:40:58.7798704Z 
2026-10-03T11:40:58.7798839Z ACCT-LIFECYCLE-OK
2026-10-03T11:40:58.7799080Z 
2026-10-03T11:40:58.7799086Z 
2026-10-03T11:40:58.7799236Z ASLMANAGER-DEMAND-SKIP
2026-10-03T11:40:58.7799474Z 
2026-10-03T11:40:58.7799488Z 
2026-10-03T11:40:58.7799711Z BOOT-BANNER-SKIP
2026-10-03T11:40:58.7799904Z 
2026-10-03T11:40:58.7799910Z 
2026-10-03T11:40:58.7800086Z BOOTSTRAP-OK
2026-10-03T11:40:58.7800293Z 
2026-10-03T11:40:58.7800299Z 
2026-10-03T11:40:58.7800463Z BOOTSTRAP-REMOTE-OK
2026-10-03T11:40:58.7800744Z 
2026-10-03T11:40:58.7800748Z 
2026-10-03T11:40:58.7800875Z BUSYSTATE-OK
2026-10-03T11:40:58.7801087Z 
2026-10-03T11:40:58.7801091Z 
2026-10-03T11:40:58.7801224Z CONFIGD-LIST-OK
2026-10-03T11:40:58.7801431Z 
2026-10-03T11:40:58.7801435Z 
2026-10-03T11:40:58.7801644Z CONFIGD-MULTI-OK
2026-10-03T11:40:58.7801822Z 
2026-10-03T11:40:58.7801826Z 
2026-10-03T11:40:58.7802337Z CONFIGD-NOTIFY-OK
2026-10-03T11:40:58.7802529Z 
2026-10-03T11:40:58.7802533Z 
2026-10-03T11:40:58.7802697Z CONFIGD-PATTERN-OK
2026-10-03T11:40:58.7802980Z 
2026-10-03T11:40:58.7802986Z 
2026-10-03T11:40:58.7803122Z CONFIGD-STORE-OK
2026-10-03T11:40:58.7803353Z 
2026-10-03T11:40:58.7803358Z 
2026-10-03T11:40:58.7803495Z COREFOUNDATION-OK
2026-10-03T11:40:58.7803816Z 
2026-10-03T11:40:58.7803820Z 
2026-10-03T11:40:58.7803984Z DA-BOOT-OK
2026-10-03T11:40:58.7804225Z 
2026-10-03T11:40:58.7804229Z 
2026-10-03T11:40:58.7804437Z DA-IOKIT-OK
2026-10-03T11:40:58.7804609Z 
2026-10-03T11:40:58.7804614Z 
2026-10-03T11:40:58.7804796Z DAEMON-STATE-OK
2026-10-03T11:40:58.7805000Z 
2026-10-03T11:40:58.7805005Z 
2026-10-03T11:40:58.7805179Z DOMAIN-DIRS-OK
2026-10-03T11:40:58.7805408Z 
2026-10-03T11:40:58.7805413Z 
2026-10-03T11:40:58.7805564Z EVFILT-MACHPORT-SKIP
2026-10-03T11:40:58.7805830Z 
2026-10-03T11:40:58.7805835Z 
2026-10-03T11:40:58.7806028Z EVFILT-MACHPORT-CONCURRENT-OK
2026-10-03T11:40:58.7806331Z 
2026-10-03T11:40:58.7806334Z 
2026-10-03T11:40:58.7806539Z FBSDGLUE-OK
2026-10-03T11:40:58.7806704Z 
2026-10-03T11:40:58.7806708Z 
2026-10-03T11:40:58.7806893Z FILECMD-LEAF-OK
2026-10-03T11:40:58.7807089Z 
2026-10-03T11:40:58.7807095Z 
2026-10-03T11:40:58.7807257Z GETTY-OK
2026-10-03T11:40:58.7807417Z 
2026-10-03T11:40:58.7807421Z 
2026-10-03T11:40:58.7807690Z HOMEDIR-OK
2026-10-03T11:40:58.7807904Z 
2026-10-03T11:40:58.7807909Z 
2026-10-03T11:40:58.7808055Z HOST-BOOTSTRAP-OK
2026-10-03T11:40:58.7808314Z 
2026-10-03T11:40:58.7808320Z 
2026-10-03T11:40:58.7808450Z HOSTNAMED-OK
2026-10-03T11:40:58.7808664Z 
2026-10-03T11:40:58.7808669Z 
2026-10-03T11:40:58.7808910Z HOSTNAMED-BONJOUR-RENAME-SKIP
2026-10-03T11:40:58.7809143Z 
2026-10-03T11:40:58.7809149Z 
2026-10-03T11:40:58.7809352Z HOSTNAMED-DHCP-OK
2026-10-03T11:40:58.7809532Z 
2026-10-03T11:40:58.7809536Z 
2026-10-03T11:40:58.7809720Z HOSTNAMED-MDNS-SKIP
2026-10-03T11:40:58.7809932Z 
2026-10-03T11:40:58.7809980Z 
2026-10-03T11:40:58.7810151Z HOSTNAMED-PREFS-OK
2026-10-03T11:40:58.7810381Z 
2026-10-03T11:40:58.7810385Z 
2026-10-03T11:40:58.7810497Z IPCFG-ARP-OK
2026-10-03T11:40:58.7811322Z 
2026-10-03T11:40:58.7811328Z 
2026-10-03T11:40:58.7811469Z IPCFG-BOOT-OK
2026-10-03T11:40:58.7811695Z 
2026-10-03T11:40:58.7811700Z 
2026-10-03T11:40:58.7811881Z IPCFG-BOUND-OK
2026-10-03T11:40:58.7812050Z 
2026-10-03T11:40:58.7812062Z 
2026-10-03T11:40:58.7812298Z IPCFG-DHCP-OK
2026-10-03T11:40:58.7812492Z 
2026-10-03T11:40:58.7812496Z 
2026-10-03T11:40:58.7812714Z IPCFG-IPCONFIG-OK
2026-10-03T11:40:58.7812982Z 
2026-10-03T11:40:58.7812987Z 
2026-10-03T11:40:58.7813139Z IPCFG-RA-OK
2026-10-03T11:40:58.7813352Z 
2026-10-03T11:40:58.7813358Z 
2026-10-03T11:40:58.7813494Z IPCFG-RENEW-OK
2026-10-03T11:40:58.7813812Z 
2026-10-03T11:40:58.7813818Z 
2026-10-03T11:40:58.7814166Z IPCFG-RPC-OK
2026-10-03T11:40:58.7814415Z 
2026-10-03T11:40:58.7814420Z 
2026-10-03T11:40:58.7814617Z IPCFG-STORE-OK
2026-10-03T11:40:58.7814830Z 
2026-10-03T11:40:58.7814835Z 
2026-10-03T11:40:58.7815017Z KEM-LINK-OK
2026-10-03T11:40:58.7815170Z 
2026-10-03T11:40:58.7815246Z 
2026-10-03T11:40:58.7815400Z LAUNCHCTL-BUILD-OK
2026-10-03T11:40:58.7815701Z 
2026-10-03T11:40:58.7815704Z 
2026-10-03T11:40:58.7815806Z LAUNCHCTL-LIST-OK
2026-10-03T11:40:58.7815977Z 
2026-10-03T11:40:58.7815980Z 
2026-10-03T11:40:58.7816065Z LAUNCHD-BUILD-OK
2026-10-03T11:40:58.7816260Z 
2026-10-03T11:40:58.7816269Z 
2026-10-03T11:40:58.7816402Z LIBDISPATCH-OK
2026-10-03T11:40:58.7816556Z 
2026-10-03T11:40:58.7816559Z 
2026-10-03T11:40:58.7816695Z LIBDISPATCH-MACH-OK
2026-10-03T11:40:58.7816823Z 
2026-10-03T11:40:58.7816826Z 
2026-10-03T11:40:58.7816984Z LIBDS-OK
2026-10-03T11:40:58.7817137Z 
2026-10-03T11:40:58.7817140Z 
2026-10-03T11:40:58.7817245Z LIBSYSTEM-KERNEL-OK
2026-10-03T11:40:58.7817485Z 
2026-10-03T11:40:58.7817489Z 
2026-10-03T11:40:58.7817598Z LIBXPC-OK
2026-10-03T11:40:58.7817828Z 
2026-10-03T11:40:58.7817831Z 
2026-10-03T11:40:58.7817984Z LINUX-MOUNTS-OK
2026-10-03T11:40:58.7818267Z 
2026-10-03T11:40:58.7818273Z 
2026-10-03T11:40:58.7818585Z MACH-PORT-OK
2026-10-03T11:40:58.7818748Z 
2026-10-03T11:40:58.7818751Z 
2026-10-03T11:40:58.7818893Z MACH-SMOKE-OK
2026-10-03T11:40:58.7819035Z 
2026-10-03T11:40:58.7819039Z 
2026-10-03T11:40:58.7819187Z MDNS-BOOT-OK
2026-10-03T11:40:58.7819366Z 
2026-10-03T11:40:58.7819369Z 
2026-10-03T11:40:58.7819492Z MDNS-DNSSD-OK
2026-10-03T11:40:58.7819702Z 
2026-10-03T11:40:58.7819706Z 
2026-10-03T11:40:58.7819876Z MDNS-ENGINE-OK
2026-10-03T11:40:58.7820030Z 
2026-10-03T11:40:58.7820035Z 
2026-10-03T11:40:58.7820344Z MDNS-IFWATCH-OK
2026-10-03T11:40:58.7820580Z 
2026-10-03T11:40:58.7820585Z 
2026-10-03T11:40:58.7820706Z MDNS-STATIC-OK
2026-10-03T11:40:58.7820910Z 
2026-10-03T11:40:58.7820914Z 
2026-10-03T11:40:58.7821124Z MIG-BUILD-OK
2026-10-03T11:40:58.7821290Z 
2026-10-03T11:40:58.7821294Z 
2026-10-03T11:40:58.7821436Z NFS-OK
2026-10-03T11:40:58.7821630Z 
2026-10-03T11:40:58.7821635Z 
2026-10-03T11:40:58.7821788Z NOTIFYD-PROC-OK
2026-10-03T11:40:58.7821966Z 
2026-10-03T11:40:58.7822026Z 
2026-10-03T11:40:58.7822148Z NSS-DS-OK
2026-10-03T11:40:58.7822329Z 
2026-10-03T11:40:58.7822333Z 
2026-10-03T11:40:58.7822444Z NTP-OK
2026-10-03T11:40:58.7822607Z 
2026-10-03T11:40:58.7822610Z 
2026-10-03T11:40:58.7822751Z SC-BOND-OK
2026-10-03T11:40:58.7822963Z 
2026-10-03T11:40:58.7822968Z 
2026-10-03T11:40:58.7823118Z SC-BRIDGE-OK
2026-10-03T11:40:58.7823304Z 
2026-10-03T11:40:58.7823418Z 
2026-10-03T11:40:58.7823564Z SC-LOCK-OK
2026-10-03T11:40:58.7824189Z 
2026-10-03T11:40:58.7824192Z 
2026-10-03T11:40:58.7824350Z SC-MULTI-OK
2026-10-03T11:40:58.7824514Z 
2026-10-03T11:40:58.7824518Z 
2026-10-03T11:40:58.7824618Z SC-NETIF-OK
2026-10-03T11:40:58.7824761Z 
2026-10-03T11:40:58.7824764Z 
2026-10-03T11:40:58.7824878Z SC-NETSET-OK
2026-10-03T11:40:58.7825051Z 
2026-10-03T11:40:58.7825054Z 
2026-10-03T11:40:58.7825176Z SC-NETSVC-OK
2026-10-03T11:40:58.7825335Z 
2026-10-03T11:40:58.7825338Z 
2026-10-03T11:40:58.7825455Z SC-NOTIFY-OK
2026-10-03T11:40:58.7825591Z 
2026-10-03T11:40:58.7825594Z 
2026-10-03T11:40:58.7825745Z SC-PATH-OK
2026-10-03T11:40:58.7825865Z 
2026-10-03T11:40:58.7825868Z 
2026-10-03T11:40:58.7825998Z SC-PLINK-OK
2026-10-03T11:40:58.7826136Z 
2026-10-03T11:40:58.7826139Z 
2026-10-03T11:40:58.7826256Z SC-PNOTIFY-OK
2026-10-03T11:40:58.7826431Z 
2026-10-03T11:40:58.7826435Z 
2026-10-03T11:40:58.7826554Z SC-PREFS-OK
2026-10-03T11:40:58.7826714Z 
2026-10-03T11:40:58.7826719Z 
2026-10-03T11:40:58.7826819Z SC-RUNLOOP-OK
2026-10-03T11:40:58.7826981Z 
2026-10-03T11:40:58.7826984Z 
2026-10-03T11:40:58.7827126Z SC-STORE-OK
2026-10-03T11:40:58.7827245Z 
2026-10-03T11:40:58.7827248Z 
2026-10-03T11:40:58.7827379Z SC-VLAN-OK
2026-10-03T11:40:58.7827498Z 
2026-10-03T11:40:58.7827500Z 
2026-10-03T11:40:58.7827636Z SERVICE-LDCONFIG-OK
2026-10-03T11:40:58.7827845Z 
2026-10-03T11:40:58.7827848Z 
2026-10-03T11:40:58.7827948Z SHELLCMD-LEAF-OK
2026-10-03T11:40:58.7828116Z 
2026-10-03T11:40:58.7828119Z 
2026-10-03T11:40:58.7828213Z SUDO-OK
2026-10-03T11:40:58.7828367Z 
2026-10-03T11:40:58.7828369Z 
2026-10-03T11:40:58.7828514Z SYSCMD-LEAF-OK
2026-10-03T11:40:58.7828641Z 
2026-10-03T11:40:58.7828644Z 
2026-10-03T11:40:58.7828777Z SYSLOG-RUN-OK
2026-10-03T11:40:58.7828904Z 
2026-10-03T11:40:58.7828908Z 
2026-10-03T11:40:58.7829043Z SYSLOGD-PROC-OK
2026-10-03T11:40:58.7829188Z 
2026-10-03T11:40:58.7829248Z 
2026-10-03T11:40:58.7829355Z TASK-SPECIAL-PORT-OK
2026-10-03T11:40:58.7829537Z 
2026-10-03T11:40:58.7829544Z 
2026-10-03T11:40:58.7829645Z TEXTCMD-LEAF-OK
2026-10-03T11:40:58.7829807Z 
2026-10-03T11:40:58.7829811Z 
2026-10-03T11:40:58.7829922Z WAITQUIET-OK
2026-10-03T11:40:58.7830080Z 
2026-10-03T11:40:58.7830083Z 
2026-10-03T11:40:58.7830214Z WEDGE-CHECK-SKIP
2026-10-03T11:40:58.7830351Z 
2026-10-03T11:40:58.7830354Z 
2026-10-03T11:40:58.7830485Z ADVCMD-LEAF-OK
2026-10-03T11:40:58.7830651Z 
2026-10-03T11:40:58.7830654Z 
2026-10-03T11:40:58.7830817Z NEXTBSD-TEST-SUMMARY ok=80 fail=0 skip=6
2026-10-03T11:40:58.7831053Z 
2026-10-03T11:40:58.7831056Z 
2026-10-03T11:40:58.7831162Z admin@selftest ~ % 
2026-10-03T11:40:58.7831738Z OK: /usr/tests/freebsd-launchd-mach/run.sh: NEXTBSD-TEST-SUMMARY ok=80 fail=0 skip=6
2026-10-03T11:40:58.7832392Z 
2026-10-03T11:40:58.7834302Z DBG: transcript 2429 bytes; tail: <NL><NL>SC-RUNLOOP-OK<NL><NL><NL>SC-STORE-OK<NL><NL><NL>SC-VLAN-OK<NL><NL><NL>SERVICE-LDCONFIG-OK<NL><NL><NL>SHELLCMD-LEAF-OK<NL><NL><NL>SUDO-OK<NL><NL><NL>SYSCMD-LEAF-OK<NL><NL><NL>SYSLOG-RUN-OK<NL><NL><NL>SYSLOGD-PROC-OK<NL><NL><NL>TASK-SPECIAL-PORT-OK<NL><NL><NL>TEXTCMD-LEAF-OK<NL><NL><NL>WAITQUIET-OK<NL><NL><NL>WEDGE-CHECK-SKIP<NL><NL><NL>ADVCMD-LEAF-OK<NL><NL><NL>NEXTBSD-TEST-SUMMARY ok=80 fail=0 skip=6<NL><NL><NL>admin@selftest ~ % 
2026-10-03T11:40:58.7836212Z 
2026-10-03T11:40:58.7836449Z DBG: markers recorded: 0
2026-10-03T11:40:58.7836747Z 
2026-10-03T11:40:58.7837001Z DBG-MARK: <ACCT-HELPERS> at OK/SKIP/FAIL = 905/-1/-1
2026-10-03T11:40:58.7837326Z 
2026-10-03T11:40:58.7837553Z DBG-MARK: <ACCT-LIFECYCLE> at OK/SKIP/FAIL = 923/-1/-1
2026-10-03T11:40:58.7837918Z 
2026-10-03T11:40:58.7838161Z DBG-MARK: <ADVCMD-LEAF> at OK/SKIP/FAIL = 2350/-1/-1
2026-10-03T11:40:58.7838505Z 
2026-10-03T11:40:58.7838739Z DBG-MARK: <ASLMANAGER-DEMAND> at OK/SKIP/FAIL = -1/943/-1
2026-10-03T11:40:58.7839103Z 
2026-10-03T11:40:58.7839362Z DBG-MARK: <BOOT-BANNER> at OK/SKIP/FAIL = -1/968/-1
2026-10-03T11:40:58.7839741Z 
2026-10-03T11:40:58.7839933Z DBG-MARK: <BOOTSTRAP> at OK/SKIP/FAIL = 987/-1/-1
2026-10-03T11:40:58.7840446Z 
2026-10-03T11:40:58.7840678Z DBG-MARK: <BOOTSTRAP-REMOTE> at OK/SKIP/FAIL = 1002/-1/-1
2026-10-03T11:40:58.7841022Z 
2026-10-03T11:40:58.7841272Z DBG-MARK: <BUSYSTATE> at OK/SKIP/FAIL = 1024/-1/-1
2026-10-03T11:40:58.7841829Z ==> running on-image suite: /usr/tests/nextbsd-iokit/run.sh
2026-10-03T11:40:58.7842398Z r /usr/tests/nextbsd-iokit/run.sh
2026-10-03T11:40:58.7842726Z CAFFEINATE-OK
2026-10-03T11:40:58.7842901Z 
2026-10-03T11:40:58.7842904Z 
2026-10-03T11:40:58.7843009Z EM-AUTOLOAD-OK
2026-10-03T11:40:58.7843178Z 
2026-10-03T11:40:58.7843182Z 
2026-10-03T11:40:58.7843293Z IOCATALOGUE-OK
2026-10-03T11:40:58.7843452Z 
2026-10-03T11:40:58.7843460Z 
2026-10-03T11:40:58.7843623Z IOKIT-LOOKUP-OK
2026-10-03T11:40:58.7844059Z 
2026-10-03T11:40:58.7844063Z 
2026-10-03T11:40:58.7844204Z IOKITNOTIFY-OK
2026-10-03T11:40:58.7844350Z 
2026-10-03T11:40:58.7844353Z 
2026-10-03T11:40:58.7844479Z IOREG-OK
2026-10-03T11:40:58.7844644Z 
2026-10-03T11:40:58.7844647Z 
2026-10-03T11:40:58.7844749Z KEXTD-LOAD-OK
2026-10-03T11:40:58.7844918Z 
2026-10-03T11:40:58.7844921Z 
2026-10-03T11:40:58.7845061Z NEXTBSD-TEST-SUMMARY ok=7 fail=0 skip=0
2026-10-03T11:40:58.7845288Z 
2026-10-03T11:40:58.7845290Z 
2026-10-03T11:40:58.7845395Z admin@selftest ~ % 
2026-10-03T11:40:58.7846025Z OK: /usr/tests/nextbsd-iokit/run.sh: NEXTBSD-TEST-SUMMARY ok=7 fail=0 skip=0
2026-10-03T11:40:58.7846442Z 
2026-10-03T11:40:58.7847688Z DBG: transcript 2636 bytes; tail: E-CHECK-SKIP<NL><NL><NL>ADVCMD-LEAF-OK<NL><NL><NL>NEXTBSD-TEST-SUMMARY ok=80 fail=0 skip=6<NL><NL><NL>admin@selftest ~ % r /usr/tests/nextbsd-iokit/run.sh<NL>CAFFEINATE-OK<NL><NL><NL>EM-AUTOLOAD-OK<NL><NL><NL>IOCATALOGUE-OK<NL><NL><NL>IOKIT-LOOKUP-OK<NL><NL><NL>IOKITNOTIFY-OK<NL><NL><NL>IOREG-OK<NL><NL><NL>KEXTD-LOAD-OK<NL><NL><NL>NEXTBSD-TEST-SUMMARY ok=7 fail=0 skip=0<NL><NL><NL>admin@selftest ~ % 
2026-10-03T11:40:58.7848866Z 
2026-10-03T11:40:58.7848977Z DBG: markers recorded: 0
2026-10-03T11:40:58.7849173Z 
2026-10-03T11:40:58.7849336Z DBG-MARK: <ACCT-HELPERS> at OK/SKIP/FAIL = 905/-1/-1
2026-10-03T11:40:58.7849580Z 
2026-10-03T11:40:58.7849793Z DBG-MARK: <ACCT-LIFECYCLE> at OK/SKIP/FAIL = 923/-1/-1
2026-10-03T11:40:58.7850013Z 
2026-10-03T11:40:58.7850196Z DBG-MARK: <ADVCMD-LEAF> at OK/SKIP/FAIL = 2350/-1/-1
2026-10-03T11:40:58.7850416Z 
2026-10-03T11:40:58.7850610Z DBG-MARK: <ASLMANAGER-DEMAND> at OK/SKIP/FAIL = -1/943/-1
2026-10-03T11:40:58.7850838Z 
2026-10-03T11:40:58.7851011Z DBG-MARK: <BOOT-BANNER> at OK/SKIP/FAIL = -1/968/-1
2026-10-03T11:40:58.7851256Z 
2026-10-03T11:40:58.7851405Z DBG-MARK: <BOOTSTRAP> at OK/SKIP/FAIL = 987/-1/-1
2026-10-03T11:40:58.7851638Z 
2026-10-03T11:40:58.7851817Z DBG-MARK: <BOOTSTRAP-REMOTE> at OK/SKIP/FAIL = 1002/-1/-1
2026-10-03T11:40:58.7852181Z 
2026-10-03T11:40:58.7852355Z DBG-MARK: <BUSYSTATE> at OK/SKIP/FAIL = 1024/-1/-1
2026-10-03T11:40:58.7852579Z 
2026-10-03T11:40:58.7853320Z FAIL: ADVCMD-LEAF — must-pass marker never emitted (suite did not reach it, or the image predates the capability; overlay to warn if that is expected)
2026-10-03T11:40:58.7854021Z 
2026-10-03T11:40:58.7854556Z FAIL: BOOTSTRAP — must-pass marker never emitted (suite did not reach it, or the image predates the capability; overlay to warn if that is expected)
2026-10-03T11:40:58.7855057Z 
2026-10-03T11:40:58.7855572Z FAIL: BOOTSTRAP-REMOTE — must-pass marker never emitted (suite did not reach it, or the image predates the capability; overlay to warn if that is expected)
2026-10-03T11:40:58.7856109Z 
2026-10-03T11:40:58.7856569Z FAIL: BUSYSTATE — must-pass marker never emitted (suite did not reach it, or the image predates the capability; overlay to warn if that is expected)
2026-10-03T11:40:58.7857061Z 
2026-10-03T11:40:58.7857584Z FAIL: CONFIGD-LIST — must-pass marker never emitted (suite did not reach it, or the image predates the capability; overlay to warn if that is expected)
2026-10-03T11:40:58.7858056Z 
2026-10-03T11:40:58.7858639Z FAIL: CONFIGD-MULTI — must-pass marker never emitted (suite did not reach it, or the image predates the capability; overlay to warn if that is expected)
2026-10-03T11:40:58.7859101Z 
2026-10-03T11:40:58.7859808Z FAIL: CONFIGD-NOTIFY — must-pass marker never emitted (suite did not reach it, or the image predates the capability; overlay to warn if that is expected)
2026-10-03T11:40:58.7860545Z 
2026-10-03T11:40:58.7861149Z FAIL: CONFIGD-PATTERN — must-pass marker never emitted (suite did not reach it, or the image predates the capability; overlay to warn if that is expected)
2026-10-03T11:40:58.7861651Z 
2026-10-03T11:40:58.7862160Z FAIL: CONFIGD-STORE — must-pass marker never emitted (suite did not reach it, or the image predates the capability; overlay to warn if that is expected)
2026-10-03T11:40:58.7862634Z 
2026-10-03T11:40:58.7863155Z FAIL: COREFOUNDATION — must-pass marker never emitted (suite did not reach it, or the image predates the capability; overlay to warn if that is expected)
2026-10-03T11:40:58.7863628Z 
2026-10-03T11:40:58.7864473Z FAIL: DA-BOOT — must-pass marker never emitted (suite did not reach it, or the image predates the capability; overlay to warn if that is expected)
2026-10-03T11:40:58.7864953Z 
2026-10-03T11:40:58.7865428Z FAIL: DOMAIN-DIRS — must-pass marker never emitted (suite did not reach it, or the image predates the capability; overlay to warn if that is expected)
2026-10-03T11:40:58.7865912Z 
2026-10-03T11:40:58.7866451Z FAIL: FBSDGLUE — must-pass marker never emitted (suite did not reach it, or the image predates the capability; overlay to warn if that is expected)
2026-10-03T11:40:58.7866896Z 
2026-10-03T11:40:58.7867412Z FAIL: FILECMD-LEAF — must-pass marker never emitted (suite did not reach it, or the image predates the capability; overlay to warn if that is expected)
2026-10-03T11:40:58.7867877Z 
2026-10-03T11:40:58.7868408Z FAIL: HOST-BOOTSTRAP — must-pass marker never emitted (suite did not reach it, or the image predates the capability; overlay to warn if that is expected)
2026-10-03T11:40:58.7868916Z 
2026-10-03T11:40:58.7869396Z FAIL: HOSTNAMED — must-pass marker never emitted (suite did not reach it, or the image predates the capability; overlay to warn if that is expected)
2026-10-03T11:40:58.7869872Z 
2026-10-03T11:40:58.7870359Z FAIL: HOSTNAMED-DHCP — must-pass marker never emitted (suite did not reach it, or the image predates the capability; overlay to warn if that is expected)
2026-10-03T11:40:58.7870873Z 
2026-10-03T11:40:58.7871396Z FAIL: HOSTNAMED-PREFS — must-pass marker never emitted (suite did not reach it, or the image predates the capability; overlay to warn if that is expected)
2026-10-03T11:40:58.7871858Z 
2026-10-03T11:40:58.7872363Z FAIL: IPCFG-ARP — must-pass marker never emitted (suite did not reach it, or the image predates the capability; overlay to warn if that is expected)
2026-10-03T11:40:58.7873003Z 
2026-10-03T11:40:58.7873789Z FAIL: IPCFG-BOOT — must-pass marker never emitted (suite did not reach it, or the image predates the capability; overlay to warn if that is expected)
2026-10-03T11:40:58.7874439Z 
2026-10-03T11:40:58.7874927Z FAIL: IPCFG-BOUND — must-pass marker never emitted (suite did not reach it, or the image predates the capability; overlay to warn if that is expected)
2026-10-03T11:40:58.7875416Z 
2026-10-03T11:40:58.7875929Z FAIL: IPCFG-DHCP — must-pass marker never emitted (suite did not reach it, or the image predates the capability; overlay to warn if that is expected)
2026-10-03T11:40:58.7876396Z 
2026-10-03T11:40:58.7876922Z FAIL: IPCFG-IPCONFIG — must-pass marker never emitted (suite did not reach it, or the image predates the capability; overlay to warn if that is expected)
2026-10-03T11:40:58.7877375Z 
2026-10-03T11:40:58.7877870Z FAIL: IPCFG-RA — must-pass marker never emitted (suite did not reach it, or the image predates the capability; overlay to warn if that is expected)
2026-10-03T11:40:58.7878334Z 
2026-10-03T11:40:58.7878816Z FAIL: IPCFG-RENEW — must-pass marker never emitted (suite did not reach it, or the image predates the capability; overlay to warn if that is expected)
2026-10-03T11:40:58.7879315Z 
2026-10-03T11:40:58.7879881Z FAIL: IPCFG-RPC — must-pass marker never emitted (suite did not reach it, or the image predates the capability; overlay to warn if that is expected)
2026-10-03T11:40:58.7880351Z 
2026-10-03T11:40:58.7880855Z FAIL: IPCFG-STORE — must-pass marker never emitted (suite did not reach it, or the image predates the capability; overlay to warn if that is expected)
2026-10-03T11:40:58.7881316Z 
2026-10-03T11:40:58.7881836Z FAIL: KEM-LINK — must-pass marker never emitted (suite did not reach it, or the image predates the capability; overlay to warn if that is expected)
2026-10-03T11:40:58.7882306Z 
2026-10-03T11:40:58.7882788Z FAIL: LAUNCHCTL-BUILD — must-pass marker never emitted (suite did not reach it, or the image predates the capability; overlay to warn if that is expected)
2026-10-03T11:40:58.7883282Z 
2026-10-03T11:40:58.7883997Z FAIL: LAUNCHCTL-LIST — must-pass marker never emitted (suite did not reach it, or the image predates the capability; overlay to warn if that is expected)
2026-10-03T11:40:58.7884680Z 
2026-10-03T11:40:58.7885333Z FAIL: LAUNCHD-BUILD — must-pass marker never emitted (suite did not reach it, or the image predates the capability; overlay to warn if that is expected)
2026-10-03T11:40:58.7885976Z 
2026-10-03T11:40:58.7886620Z FAIL: LIBDISPATCH — must-pass marker never emitted (suite did not reach it, or the image predates the capability; overlay to warn if that is expected)
2026-10-03T11:40:58.7887329Z 
2026-10-03T11:40:58.7887940Z FAIL: LIBDISPATCH-MACH — must-pass marker never emitted (suite did not reach it, or the image predates the capability; overlay to warn if that is expected)
2026-10-03T11:40:58.7888603Z 
2026-10-03T11:40:58.7889257Z FAIL: LIBSYSTEM-KERNEL — must-pass marker never emitted (suite did not reach it, or the image predates the capability; overlay to warn if that is expected)
2026-10-03T11:40:58.7890047Z 
2026-10-03T11:40:58.7890676Z FAIL: LIBXPC — must-pass marker never emitted (suite did not reach it, or the image predates the capability; overlay to warn if that is expected)
2026-10-03T11:40:58.7891254Z 
2026-10-03T11:40:58.7891890Z FAIL: LINUX-MOUNTS — must-pass marker never emitted (suite did not reach it, or the image predates the capability; overlay to warn if that is expected)
2026-10-03T11:40:58.7892433Z 
2026-10-03T11:40:58.7892899Z FAIL: MACH-PORT — must-pass marker never emitted (suite did not reach it, or the image predates the capability; overlay to warn if that is expected)
2026-10-03T11:40:58.7893378Z 
2026-10-03T11:40:58.7894134Z FAIL: MACH-SMOKE — must-pass marker never emitted (suite did not reach it, or the image predates the capability; overlay to warn if that is expected)
2026-10-03T11:40:58.7894612Z 
2026-10-03T11:40:58.7895305Z FAIL: MDNS-BOOT — must-pass marker never emitted (suite did not reach it, or the image predates the capability; overlay to warn if that is expected)
2026-10-03T11:40:58.7895750Z 
2026-10-03T11:40:58.7896254Z FAIL: MDNS-DNSSD — must-pass marker never emitted (suite did not reach it, or the image predates the capability; overlay to warn if that is expected)
2026-10-03T11:40:58.7896724Z 
2026-10-03T11:40:58.7897221Z FAIL: MDNS-ENGINE — must-pass marker never emitted (suite did not reach it, or the image predates the capability; overlay to warn if that is expected)
2026-10-03T11:40:58.7897741Z 
2026-10-03T11:40:58.7898217Z FAIL: MDNS-IFWATCH — must-pass marker never emitted (suite did not reach it, or the image predates the capability; overlay to warn if that is expected)
2026-10-03T11:40:58.7898699Z 
2026-10-03T11:40:58.7899199Z FAIL: MIG-BUILD — must-pass marker never emitted (suite did not reach it, or the image predates the capability; overlay to warn if that is expected)
2026-10-03T11:40:58.7899636Z 
2026-10-03T11:40:58.7900166Z FAIL: NOTIFYD-PROC — must-pass marker never emitted (suite did not reach it, or the image predates the capability; overlay to warn if that is expected)
2026-10-03T11:40:58.7900616Z 
2026-10-03T11:40:58.7901200Z FAIL: SC-BOND — must-pass marker never emitted (suite did not reach it, or the image predates the capability; overlay to warn if that is expected)
2026-10-03T11:40:58.7901670Z 
2026-10-03T11:40:58.7902114Z FAIL: SC-BRIDGE — must-pass marker never emitted (suite did not reach it, or the image predates the capability; overlay to warn if that is expected)
2026-10-03T11:40:58.7902629Z 
2026-10-03T11:40:58.7903087Z FAIL: SC-LOCK — must-pass marker never emitted (suite did not reach it, or the image predates the capability; overlay to warn if that is expected)
2026-10-03T11:40:58.7903549Z 
2026-10-03T11:40:58.7904231Z FAIL: SC-MULTI — must-pass marker never emitted (suite did not reach it, or the image predates the capability; overlay to warn if that is expected)
2026-10-03T11:40:58.7904665Z 
2026-10-03T11:40:58.7905192Z FAIL: SC-NETIF — must-pass marker never emitted (suite did not reach it, or the image predates the capability; overlay to warn if that is expected)
2026-10-03T11:40:58.7905696Z 
2026-10-03T11:40:58.7906163Z FAIL: SC-NETSET — must-pass marker never emitted (suite did not reach it, or the image predates the capability; overlay to warn if that is expected)
2026-10-03T11:40:58.7906636Z 
2026-10-03T11:40:58.7907084Z FAIL: SC-NETSVC — must-pass marker never emitted (suite did not reach it, or the image predates the capability; overlay to warn if that is expected)
2026-10-03T11:40:58.7907598Z 
2026-10-03T11:40:58.7908097Z FAIL: SC-NOTIFY — must-pass marker never emitted (suite did not reach it, or the image predates the capability; overlay to warn if that is expected)
2026-10-03T11:40:58.7908543Z 
2026-10-03T11:40:58.7909039Z FAIL: SC-PATH — must-pass marker never emitted (suite did not reach it, or the image predates the capability; overlay to warn if that is expected)
2026-10-03T11:40:58.7909513Z 
2026-10-03T11:40:58.7909985Z FAIL: SC-PLINK — must-pass marker never emitted (suite did not reach it, or the image predates the capability; overlay to warn if that is expected)
2026-10-03T11:40:58.7910476Z 
2026-10-03T11:40:58.7910948Z FAIL: SC-PNOTIFY — must-pass marker never emitted (suite did not reach it, or the image predates the capability; overlay to warn if that is expected)
2026-10-03T11:40:58.7911428Z 
2026-10-03T11:40:58.7911926Z FAIL: SC-PREFS — must-pass marker never emitted (suite did not reach it, or the image predates the capability; overlay to warn if that is expected)
2026-10-03T11:40:58.7912384Z 
2026-10-03T11:40:58.7912874Z FAIL: SC-RUNLOOP — must-pass marker never emitted (suite did not reach it, or the image predates the capability; overlay to warn if that is expected)
2026-10-03T11:40:58.7913319Z 
2026-10-03T11:40:58.7914001Z FAIL: SC-STORE — must-pass marker never emitted (suite did not reach it, or the image predates the capability; overlay to warn if that is expected)
2026-10-03T11:40:58.7914639Z 
2026-10-03T11:40:58.7915136Z FAIL: SC-VLAN — must-pass marker never emitted (suite did not reach it, or the image predates the capability; overlay to warn if that is expected)
2026-10-03T11:40:58.7915609Z 
2026-10-03T11:40:58.7916107Z FAIL: SERVICE-LDCONFIG — must-pass marker never emitted (suite did not reach it, or the image predates the capability; overlay to warn if that is expected)
2026-10-03T11:40:58.7916611Z 
2026-10-03T11:40:58.7917124Z FAIL: SHELLCMD-LEAF — must-pass marker never emitted (suite did not reach it, or the image predates the capability; overlay to warn if that is expected)
2026-10-03T11:40:58.7917590Z 
2026-10-03T11:40:58.7918097Z FAIL: SYSCMD-LEAF — must-pass marker never emitted (suite did not reach it, or the image predates the capability; overlay to warn if that is expected)
2026-10-03T11:40:58.7918579Z 
2026-10-03T11:40:58.7919052Z FAIL: SYSLOG-RUN — must-pass marker never emitted (suite did not reach it, or the image predates the capability; overlay to warn if that is expected)
2026-10-03T11:40:58.7919540Z 
2026-10-03T11:40:58.7920057Z FAIL: SYSLOGD-PROC — must-pass marker never emitted (suite did not reach it, or the image predates the capability; overlay to warn if that is expected)
2026-10-03T11:40:58.7920542Z 
2026-10-03T11:40:58.7921138Z FAIL: TASK-SPECIAL-PORT — must-pass marker never emitted (suite did not reach it, or the image predates the capability; overlay to warn if that is expected)
2026-10-03T11:40:58.7921615Z 
2026-10-03T11:40:58.7922137Z FAIL: TEXTCMD-LEAF — must-pass marker never emitted (suite did not reach it, or the image predates the capability; overlay to warn if that is expected)
2026-10-03T11:40:58.7922638Z 
2026-10-03T11:40:58.7923098Z FAIL: WAITQUIET — must-pass marker never emitted (suite did not reach it, or the image predates the capability; overlay to warn if that is expected)
2026-10-03T11:40:58.7923575Z 
2026-10-03T11:40:58.7923907Z FAIL: 67 must-pass marker(s) missing from the suite output
2026-10-03T11:40:58.7924468Z NEXTBSD-TEST-SUMMARY ok=7 fail=0 skip=0
2026-10-03T11:40:58.7925049Z ==> boot-test FAILED rc=1 (arch=amd64 suite=/usr/tests/freebsd-launchd-mach/run.sh /usr/tests/nextbsd-iokit/run.sh)
2026-10-03T11:40:58.7925579Z     serial transcript: tests/boot.log
2026-10-03T11:40:58.7926028Z SELFTEST FAIL: case two-suite — expected rc 0, got 1
2026-10-03T11:40:58.7926389Z ==> SELFTEST FAILED
2026-10-03T11:40:58.7940115Z ##[error]Process completed with exit code 1.
2026-10-03T11:40:58.8074301Z Post job cleanup.
2026-10-03T11:40:58.8886725Z [command]/usr/bin/git version
2026-10-03T11:40:58.8926386Z git version 2.55.0
2026-10-03T11:40:58.8963770Z Temporarily overriding HOME='/home/runner/work/_temp/90af3572-8e46-49e8-bbad-87cbb0f749e9' before making global git config changes
2026-10-03T11:40:58.8964955Z Adding repository directory to the temporary git global config as a safe directory
2026-10-03T11:40:58.8969845Z [command]/usr/bin/git config --global --add safe.directory /home/runner/work/nextbsd-ci/nextbsd-ci
2026-10-03T11:40:58.9003471Z [command]/usr/bin/git config --local --name-only --get-regexp core\.sshCommand
2026-10-03T11:40:58.9032926Z [command]/usr/bin/git submodule foreach --recursive sh -c "git config --local --name-only --get-regexp 'core\.sshCommand' && git config --local --unset-all 'core.sshCommand' || :"
2026-10-03T11:40:58.9226355Z [command]/usr/bin/git config --local --name-only --get-regexp http\.https\:\/\/github\.com\/\.extraheader
2026-10-03T11:40:58.9249147Z http.https://github.com/.extraheader
2026-10-03T11:40:58.9259653Z [command]/usr/bin/git config --local --unset-all http.https://github.com/.extraheader
2026-10-03T11:40:58.9288277Z [command]/usr/bin/git submodule foreach --recursive sh -c "git config --local --name-only --get-regexp 'http\.https\:\/\/github\.com\/\.extraheader' && git config --local --unset-all 'http.https://github.com/.extraheader' || :"
2026-10-03T11:40:58.9485505Z [command]/usr/bin/git config --local --name-only --get-regexp ^includeIf\.gitdir:
2026-10-03T11:40:58.9515383Z [command]/usr/bin/git submodule foreach --recursive git config --local --show-origin --name-only --get-regexp remote.origin.url
2026-10-03T11:40:58.9936346Z Cleaning up orphan processes
2026-10-03T11:40:59.0158984Z ##[warning]Node.js 20 is deprecated. The following actions target Node.js 20 but are being forced to run on Node.js 24: actions/checkout@v4. For more information see: https://github.blog/changelog/2025-09-19-deprecation-of-node-20-on-github-actions-runners/
